Nom de l'établissement,Note,Nombre d'avis,Catégorie,Adresse / résumé,Ville,Activité,URL Google Maps
Chabanettes Hotel et Spa,4.8,,Chabanettes Hotel et Spa,,Le Monestier+France,Hôtel avec spa,https://www.google.com/maps/place/Chabanettes+Hotel+et+Spa/data=!4m10!3m9!1s0x47f68b4bc3812d51:0x9778ce22b7ac5ae0!5m2!4m1!1i2!8m2!3d45.607113!4d3.503569!16s%2Fg%2F1v3hzbdc!19sChIJUS2Bw0uL9kcR4FqstyLOeJc?authuser=0&hl=fr&rclk=1
KYRIAD PRESTIGE Hôtel & SPA Amiens Poulainville,4.4,,SponsoriséPar Booking.com,,Fontaine-sous-Montdidier+France,Hôtel avec spa,https://www.google.com/maps/place/KYRIAD+PRESTIGE+H%C3%B4tel+%26+SPA+Amiens+Poulainville/data=!4m10!3m9!1s0x47e786fdaaa91a35:0x48e90aa1948b3cc7!5m2!4m1!1i2!8m2!3d49.952204!4d2.311624!16s%2Fg%2F11fd5x8wcd!19sChIJNRqpqv2G50cRxzyLlKEK6Ug?authuser=0&hl=fr&rclk=1
La Maison du Chevalier,4.7,,La Maison du Chevalier,,Le Monestier+France,Hôtel avec spa,https://www.google.com/maps/place/La+Maison+du+Chevalier/data=!4m10!3m9!1s0x47f68f7b96b31d2f:0x67d3825a6827e748!5m2!4m1!1i2!8m2!3d45.651582!4d3.664255!16s%2Fg%2F1pp2tz_wg!19sChIJLx2zlnuP9kcRSOcnaFqC02c?authuser=0&hl=fr&rclk=1
Au Refuge Des 3 Ours,4.6,,SponsoriséPar Travelocity.com,,Fontaine-sous-Montdidier+France,Hôtel avec spa,https://www.google.com/maps/place/Au+Refuge+Des+3+Ours/data=!4m10!3m9!1s0x47e7af8265886bdd:0x1d52b799c34bfb93!5m2!4m1!1i2!8m2!3d49.498501!4d2.28432!16s%2Fg%2F1tdfsg9d!19sChIJ3WuIZYKv50cRk_tLw5m3Uh0?authuser=0&hl=fr&rclk=1
"Hôtel Restaurant Le Domaine de Baulieu, Singuliers Hôtels",4.6,,SponsoriséPar Booking.com,,Saint-Élix-d'Astarac+France,Hôtel avec spa,"https://www.google.com/maps/place/H%C3%B4tel+Restaurant+Le+Domaine+de+Baulieu,+Singuliers+H%C3%B4tels/data=!4m10!3m9!1s0x12a97819b09d90a3:0x8cd7bb06e8ddd4b8!5m2!4m1!1i2!8m2!3d43.643866!4d0.617459!16s%2Fg%2F1tgv3p9m!19sChIJo5CdsBl4qRIRuNTd6Aa714w?authuser=0&hl=fr&rclk=1"
Chambres et Tables d'Hôtes Le Riolet,4.7,,Chambres et Tables d'Hôtes Le Riolet,,Le Monestier+France,Hôtel avec spa,https://www.google.com/maps/place/Chambres+et+Tables+d%27H%C3%B4tes+Le+Riolet/data=!4m10!3m9!1s0x47f67d26bd01efdf:0xe28c65febff2450c!5m2!4m1!1i2!8m2!3d45.4748276!4d3.7218806!16s%2Fg%2F11p00199w6!19sChIJ3-8BvSZ99kcRDEXyv_5ljOI?authuser=0&hl=fr&rclk=1
SWEETS-DREAMS-Amiens-Picardie-insolite-balneo-week-end-amoureux,4.9,,SWEETS-DREAMS-Amiens-Picardie-insolite-balneo-week-end-amoureux,,Fontaine-sous-Montdidier+France,Hôtel avec spa,https://www.google.com/maps/place/SWEETS-DREAMS-Amiens-Picardie-insolite-balneo-week-end-amoureux/data=!4m10!3m9!1s0x47e7eb36d345c9ad:0xacf95265a500c0ff!5m2!4m1!1i2!8m2!3d49.7225701!4d2.54926!16s%2Fg%2F11j8xb3760!19sChIJrclF0zbr50cR_8AApWVS-aw?authuser=0&hl=fr&rclk=1
"Hôtel Restaurant Le Domaine de Baulieu, Singuliers Hôtels",4.6,,"Hôtel Restaurant Le Domaine de Baulieu, Singuliers Hôtels",,Saint-Élix-d'Astarac+France,Hôtel avec spa,"https://www.google.com/maps/place/H%C3%B4tel+Restaurant+Le+Domaine+de+Baulieu,+Singuliers+H%C3%B4tels/data=!4m10!3m9!1s0x12a97819c6fef2a7:0x8cd7bb06e8ddd4b8!5m2!4m1!1i2!8m2!3d43.6438663!4d0.6174593!16s%2Fg%2F1tgv3p9m!19sChIJp_L-xhl4qRIRuNTd6Aa714w?authuser=0&hl=fr&rclk=1"
chateau de la forie,4.8,,chateau de la forie,,Le Monestier+France,Hôtel avec spa,https://www.google.com/maps/place/chateau+de+la+forie/data=!4m10!3m9!1s0x47f65ec52844fd5f:0x51e5a5bd59493c7d!5m2!4m1!1i2!8m2!3d45.5011369!4d3.4172429!16s%2Fg%2F11f7714f__!19sChIJX_1EKMVe9kcRfTxJWb2l5VE?authuser=0&hl=fr&rclk=1
"Gîte Le jardin secret, Au temps suspendu, Dans ma bulle",4.9,,"Gîte Le jardin secret, Au temps suspendu, Dans ma bulle",,Saint-Élix-d'Astarac+France,Hôtel avec spa,"https://www.google.com/maps/place/G%C3%AEte+Le+jardin+secret,+Au+temps+suspendu,+Dans+ma+bulle/data=!4m10!3m9!1s0x12a93dd6af721879:0x2d16a17f8ec43e9b!5m2!4m1!1i2!8m2!3d43.3945286!4d0.9671151!16s%2Fg%2F11s892qvyf!19sChIJeRhyr9Y9qRIRmz7Ejn-hFi0?authuser=0&hl=fr&rclk=1"
Au Refuge Des 3 Ours,4.6,,Au Refuge Des 3 Ours,,Fontaine-sous-Montdidier+France,Hôtel avec spa,https://www.google.com/maps/place/Au+Refuge+Des+3+Ours/data=!4m10!3m9!1s0x47e7af826452c80b:0x1d52b799c34bfb93!5m2!4m1!1i2!8m2!3d49.4985008!4d2.2843204!16s%2Fg%2F1tdfsg9d!19sChIJC8hSZIKv50cRk_tLw5m3Uh0?authuser=0&hl=fr&rclk=1
Village de vacances et SPA Saviloisirs,4.4,,Village de vacances et SPA Saviloisirs,,Le Monestier+France,Hôtel avec spa,https://www.google.com/maps/place/Village+de+vacances+et+SPA+Saviloisirs/data=!4m10!3m9!1s0x47f6883964dd4ed9:0xef707019c62e53df!5m2!4m1!1i2!8m2!3d45.574743!4d3.6342783!16s%2Fg%2F1tdj_ypq!19sChIJ2U7dZDmI9kcR31MuxhlwcO8?authuser=0&hl=fr&rclk=1
Ô Détour des Orchidées,5.0,,Ô Détour des Orchidées,,Saint-Élix-d'Astarac+France,Hôtel avec spa,https://www.google.com/maps/place/%C3%94+D%C3%A9tour+des+Orchid%C3%A9es/data=!4m10!3m9!1s0x12a90d85dfdfa18f:0x26426bff8e82221c!5m2!4m1!1i2!8m2!3d43.4785626!4d0.7240636!16s%2Fg%2F11fq_c01rz!19sChIJj6Hf34UNqRIRHCKCjv9rQiY?authuser=0&hl=fr&rclk=1
"Le Domaine du Bien-être , Auvergne",5.0,,"Le Domaine du Bien-être , Auvergne",,Le Monestier+France,Hôtel avec spa,"https://www.google.com/maps/place/Le+Domaine+du+Bien-%C3%AAtre+,+Auvergne/data=!4m10!3m9!1s0x47f6f54671bd29d1:0xa5d308532467c2f3!5m2!4m1!1i2!8m2!3d45.556068!4d3.419882!16s%2Fg%2F11svlc7m1t!19sChIJ0Sm9cUb19kcR88JnJFMI06U?authuser=0&hl=fr&rclk=1"
La chaumière à arparens chambres d'hôtes,5.0,,La chaumière à arparens chambres d'hôtes,,Saint-Élix-d'Astarac+France,Hôtel avec spa,https://www.google.com/maps/place/La+chaumi%C3%A8re+%C3%A0+arparens+chambres+d%27h%C3%B4tes/data=!4m10!3m9!1s0x12a91580a358aced:0xc9218327aa680413!5m2!4m1!1i2!8m2!3d43.4492448!4d0.8680891!16s%2Fg%2F11mqm0zlts!19sChIJ7axYo4AVqRIREwRoqieDIck?authuser=0&hl=fr&rclk=1
"Suites Romantiques, Hors du Temps",4.9,,"Suites Romantiques, Hors du Temps",,Fontaine-sous-Montdidier+France,Hôtel avec spa,"https://www.google.com/maps/place/Suites+Romantiques,+Hors+du+Temps/data=!4m10!3m9!1s0x47e7a5103d64d547:0x8a05d57289761398!5m2!4m1!1i2!8m2!3d49.5692406!4d2.3087962!16s%2Fg%2F11vm2y28z2!19sChIJR9VkPRCl50cRmBN2iXLVBYo?authuser=0&hl=fr&rclk=1"
Domaine le Castagné- Mariage & Hébergements & Séminaire,4.7,,Domaine le Castagné- Mariage & Hébergements & Séminaire,,Saint-Élix-d'Astarac+France,Hôtel avec spa,https://www.google.com/maps/place/Domaine+le+Castagn%C3%A9-+Mariage+%26+H%C3%A9bergements+%26+S%C3%A9minaire/data=!4m10!3m9!1s0x12a97831786681f5:0x108b7d279be61ed0!5m2!4m1!1i2!8m2!3d43.6478586!4d0.6345855!16s%2Fg%2F1td2qflc!19sChIJ9YFmeDF4qRIR0B7mmyd9ixA?authuser=0&hl=fr&rclk=1
Le haras des vignes d’Allouin,5.0,,Le haras des vignes d’Allouin,,Fontaine-sous-Montdidier+France,Hôtel avec spa,https://www.google.com/maps/place/Le+haras+des+vignes+d%E2%80%99Allouin/data=!4m10!3m9!1s0x47e79bfef4d2e341:0xd08601b57c6e4917!5m2!4m1!1i2!8m2!3d49.8299206!4d2.3029994!16s%2Fg%2F11y3x2spp3!19sChIJQePS9P6b50cRF0lufLUBhtA?authuser=0&hl=fr&rclk=1
Le Castéra - Gîtes Roulotte,5.0,,Le Castéra - Gîtes Roulotte,,Saint-Élix-d'Astarac+France,Hôtel avec spa,https://www.google.com/maps/place/Le+Cast%C3%A9ra+-+G%C3%AEtes+Roulotte/data=!4m10!3m9!1s0x12a90f0f773aef33:0x30d89f9c7051776!5m2!4m1!1i2!8m2!3d43.373494!4d0.721273!16s%2Fg%2F11r8w6jyd0!19sChIJM-86dw8PqRIRdhcFx_mJDQM?authuser=0&hl=fr&rclk=1
Domaine de Villeray,4.1,,Domaine de Villeray,,Fontaine-Simon+France,Hôtel avec spa,https://www.google.com/maps/place/Domaine+de+Villeray/data=!4m10!3m9!1s0x47e3b7e3dfb7d40b:0x8662a22881a36850!5m2!4m1!1i2!8m2!3d48.3945369!4d0.8345505!16s%2Fg%2F1tc_3cxk!19sChIJC9S33-O340cRUGijgSiiYoY?authuser=0&hl=fr&rclk=1
Domaine de Villeray,4.1,,Domaine de Villeray,,Saint-Éliph+France,Hôtel avec spa,https://www.google.com/maps/place/Domaine+de+Villeray/data=!4m10!3m9!1s0x47e3b7e3dfb7d40b:0x8662a22881a36850!5m2!4m1!1i2!8m2!3d48.3945369!4d0.8345505!16s%2Fg%2F1tc_3cxk!19sChIJC9S33-O340cRUGijgSiiYoY?authuser=0&hl=fr&rclk=1
une oasis dans le perche,4.9,,une oasis dans le perche,,Fontaine-Simon+France,Hôtel avec spa,https://www.google.com/maps/place/une+oasis+dans+le+perche/data=!4m10!3m9!1s0x47e3cb45e5455cdd:0x7957c916d474f01f!5m2!4m1!1i2!8m2!3d48.4242161!4d0.7303848!16s%2Fg%2F11qn67k2f9!19sChIJ3VxF5UXL40cRH_B01BbJV3k?authuser=0&hl=fr&rclk=1
Côté Parc,4.4,,Côté Parc,,Fontaine-Simon+France,Hôtel avec spa,https://www.google.com/maps/place/C%C3%B4t%C3%A9+Parc/data=!4m10!3m9!1s0x47e3c9851e07fe01:0xc90897020133e1f3!5m2!4m1!1i2!8m2!3d48.4286336!4d0.7730041!16s%2Fg%2F1tycvyxg!19sChIJAf4HHoXJ40cR8-EzAQKXCMk?authuser=0&hl=fr&rclk=1
Domaine de Thironne,4.6,,Domaine de Thironne,,Saint-Éliph+France,Hôtel avec spa,https://www.google.com/maps/place/Domaine+de+Thironne/data=!4m10!3m9!1s0x47e3917f3512fd67:0xbfba83d1e2afff6!5m2!4m1!1i2!8m2!3d48.2908107!4d1.133269!16s%2Fg%2F11z66yrwct!19sChIJZ_0SNX-R40cR9v8qHj2o-ws?authuser=0&hl=fr&rclk=1
Gîte & Chambres d'hôtes Les clés de la ferme,5.0,,Gîte & Chambres d'hôtes Les clés de la ferme,,Fontaine-Simon+France,Hôtel avec spa,https://www.google.com/maps/place/G%C3%AEte+%26+Chambres+d%27h%C3%B4tes+Les+cl%C3%A9s+de+la+ferme/data=!4m10!3m9!1s0x47e3b9a52cc63e6b:0xca3839d1c17cb871!5m2!4m1!1i2!8m2!3d48.3811169!4d0.9047346!16s%2Fg%2F11q40gphps!19sChIJaz7GLKW540cRcbh8wdE5OMo?authuser=0&hl=fr&rclk=1
Camping Le Bois Fleuri,4.5,,Camping Le Bois Fleuri,,Saint-Éliph+France,Hôtel avec spa,https://www.google.com/maps/place/Camping+Le+Bois+Fleuri/data=!4m10!3m9!1s0x47e38e911cc1b613:0xedfbb44561de4abf!5m2!4m1!1i2!8m2!3d48.2866558!4d1.2270313!16s%2Fg%2F1tfqf2cz!19sChIJE7bBHJGO40cRv0reYUW0--0?authuser=0&hl=fr&rclk=1
Le Domaine des Butineuses,4.6,,Le Domaine des Butineuses,,Fontaine-Simon+France,Hôtel avec spa,https://www.google.com/maps/place/Le+Domaine+des+Butineuses/data=!4m10!3m9!1s0x47e3d1596aca3883:0x2f6e08d40fa8ed08!5m2!4m1!1i2!8m2!3d48.5807235!4d0.7982327!16s%2Fg%2F11h79kc08f!19sChIJgzjKalnR40cRCO2oD9QIbi8?authuser=0&hl=fr&rclk=1
Côté Parc,4.4,,Côté Parc,,Saint-Éliph+France,Hôtel avec spa,https://www.google.com/maps/place/C%C3%B4t%C3%A9+Parc/data=!4m10!3m9!1s0x47e3c9851e07fe01:0xc90897020133e1f3!5m2!4m1!1i2!8m2!3d48.4286336!4d0.7730041!16s%2Fg%2F1tycvyxg!19sChIJAf4HHoXJ40cR8-EzAQKXCMk?authuser=0&hl=fr&rclk=1
Gîte & Chambres d'hôtes Les clés de la ferme,5.0,,Gîte & Chambres d'hôtes Les clés de la ferme,,Saint-Éliph+France,Hôtel avec spa,https://www.google.com/maps/place/G%C3%AEte+%26+Chambres+d%27h%C3%B4tes+Les+cl%C3%A9s+de+la+ferme/data=!4m10!3m9!1s0x47e3b9a52cc63e6b:0xca3839d1c17cb871!5m2!4m1!1i2!8m2!3d48.3811169!4d0.9047346!16s%2Fg%2F11q40gphps!19sChIJaz7GLKW540cRcbh8wdE5OMo?authuser=0&hl=fr&rclk=1
Le Vert Galant,4.5,,Le Vert Galant,,Saint-Élier+France,Hôtel avec spa,https://www.google.com/maps/place/Le+Vert+Galant/data=!4m10!3m9!1s0x47e1391f3a2dd30b:0xbf4b62e95c97e72d!5m2!4m1!1i2!8m2!3d49.0812543!4d1.1564243!16s%2Fg%2F1tj5q0b5!19sChIJC9MtOh854UcRLeeXXOliS78?authuser=0&hl=fr&rclk=1
Hôtel Restaurant Spa La Neyrette,4.6,,Hôtel Restaurant Spa La Neyrette,,Monestier-d'Ambel+France,Hôtel avec spa,https://www.google.com/maps/place/H%C3%B4tel+Restaurant+Spa+La+Neyrette/data=!4m10!3m9!1s0x12cb3029dca6a84b:0x30b8dcebff15b066!5m2!4m1!1i2!8m2!3d44.7300186!4d5.8980188!16s%2Fg%2F1vqzfflf!19sChIJS6im3CkwyxIRZrAV_-vcuDA?authuser=0&hl=fr&rclk=1
Logis Hôtel l'Hostellerie des Ducs,4.6,,SponsoriséPar Booking.com,,Monestier+France,Hôtel avec spa,https://www.google.com/maps/place/Logis+H%C3%B4tel+l%27Hostellerie+des+Ducs/data=!4m10!3m9!1s0x12aa97b6aaaeafc7:0x2217193d1c13f904!5m2!4m1!1i2!8m2!3d44.677018!4d0.182259!16s%2Fg%2F1v6p1fmw!19sChIJx6-uqraXqhIRBPkTHD0ZFyI?authuser=0&hl=fr&rclk=1
Le Domaine des Butineuses,4.6,,Le Domaine des Butineuses,,Saint-Éliph+France,Hôtel avec spa,https://www.google.com/maps/place/Le+Domaine+des+Butineuses/data=!4m10!3m9!1s0x47e3d1596aca3883:0x2f6e08d40fa8ed08!5m2!4m1!1i2!8m2!3d48.5807235!4d0.7982327!16s%2Fg%2F11h79kc08f!19sChIJgzjKalnR40cRCO2oD9QIbi8?authuser=0&hl=fr&rclk=1
Le Relais des Vigiers,4.6,,SponsoriséPar Expedia.fr,,Monestier+France,Hôtel avec spa,https://www.google.com/maps/place/Le+Relais+des+Vigiers/data=!4m10!3m9!1s0x12aab8bd3a5fcbb7:0xf8461431a73ebcca!5m2!4m1!1i2!8m2!3d44.792413!4d0.289517!16s%2Fg%2F124sz7sbq!19sChIJt8tfOr24qhIRyrw-pzEURvg?authuser=0&hl=fr&rclk=1
LA COMBE FLEURIE,4.8,,LA COMBE FLEURIE,,Monestier-d'Ambel+France,Hôtel avec spa,https://www.google.com/maps/place/LA+COMBE+FLEURIE/data=!4m10!3m9!1s0x12cb47e156fb287d:0x64513e1d50adc10a!5m2!4m1!1i2!8m2!3d44.6845545!4d6.0847376!16s%2Fg%2F1tf83pf6!19sChIJfSj7VuFHyxIRCsGtUB0-UWQ?authuser=0&hl=fr&rclk=1
"Le Relais de Saint-Preuil, The Originals Relais",4.9,,"Le Relais de Saint-Preuil, The Originals Relais",,Brie-sous-Barbezieux+France,Hôtel avec spa,"https://www.google.com/maps/place/Le+Relais+de+Saint-Preuil,+The+Originals+Relais/data=!4m10!3m9!1s0x4800881d56502b3f:0x61e07405b83af8dd!5m2!4m1!1i2!8m2!3d45.600519!4d-0.1627599!16s%2Fg%2F1tfbmpq2!19sChIJPytQVh2IAEgR3fg6uAV04GE?authuser=0&hl=fr&rclk=1"
"La Suite Privée : Gite 2 personnes, spa/sauna/jacuzzi, weekend romantique, située à 1h de Paris, Proche Rouen, Normandie",4.8,,"La Suite Privée : Gite 2 personnes, spa/sauna/jacuzzi, weekend romantique, située à 1h de Paris, Proche Rouen, Normandie",,Saint-Élier+France,Hôtel avec spa,"https://www.google.com/maps/place/La+Suite+Priv%C3%A9e+:+Gite+2+personnes,+spa%2Fsauna%2Fjacuzzi,+weekend+romantique,+situ%C3%A9e+%C3%A0+1h+de+Paris,+Proche+Rouen,+Normandie/data=!4m10!3m9!1s0x47e147e95765fb23:0x91f12a25436a7609!5m2!4m1!1i2!8m2!3d49.031567!4d1.1331681!16s%2Fg%2F11hrxs76f1!19sChIJI_tlV-lH4UcRCXZqQyUq8ZE?authuser=0&hl=fr&rclk=1"
Château des Vigiers,4.7,,Château des Vigiers,,Monestier+France,Hôtel avec spa,https://www.google.com/maps/place/Ch%C3%A2teau+des+Vigiers/data=!4m10!3m9!1s0x12aab8bc4c0b40ef:0x38f68f9804518474!5m2!4m1!1i2!8m2!3d44.7916491!4d0.2863927!16s%2Fg%2F1ptx88vl9!19sChIJ70ALTLy4qhIRdIRRBJiP9jg?authuser=0&hl=fr&rclk=1
"Mas du lac- Gîte, Chalet, Roulotte, Gîte de groupe,avec piscine,spa et sauna, bord lac Sautet, proche parc des Écrins, Isére",4.8,,"Mas du lac- Gîte, Chalet, Roulotte, Gîte de groupe,avec piscine,spa et sauna, bord lac Sautet, proche parc des Écrins, Isére",,Monestier-d'Ambel+France,Hôtel avec spa,"https://www.google.com/maps/place/Mas+du+lac-+G%C3%AEte,+Chalet,+Roulotte,+G%C3%AEte+de+groupe,avec+piscine,spa+et+sauna,+bord+lac+Sautet,+proche+parc+des+%C3%89crins,+Is%C3%A9re/data=!4m10!3m9!1s0x12cb323d14aa356f:0x78b36c1270504b9e!5m2!4m1!1i2!8m2!3d44.7829216!4d5.9213378!16s%2Fg%2F11j03wkn1t!19sChIJbzWqFD0yyxIRnktQcBJss3g?authuser=0&hl=fr&rclk=1"
Le Patio bleu,5.0,,Le Patio bleu,,Brie-sous-Barbezieux+France,Hôtel avec spa,https://www.google.com/maps/place/Le+Patio+bleu/data=!4m10!3m9!1s0x47ffe92a64722be5:0x49adc63fb14efb01!5m2!4m1!1i2!8m2!3d45.280293!4d0.165837!16s%2Fg%2F11yjnskbc1!19sChIJ5StyZCrp_0cRAftOsT_GrUk?authuser=0&hl=fr&rclk=1
Enjoy your life - EVREUX,4.8,,Enjoy your life - EVREUX,,Saint-Élier+France,Hôtel avec spa,https://www.google.com/maps/place/Enjoy+your+life+-+EVREUX/data=!4m10!3m9!1s0x47e147be5a13e13f:0xe187a3e702b0d078!5m2!4m1!1i2!8m2!3d49.0310463!4d1.1536459!16s%2Fg%2F11jzffhxvm!19sChIJP-ETWr5H4UcReNCwAuejh-E?authuser=0&hl=fr&rclk=1
Le Relais des Vigiers,4.6,,Le Relais des Vigiers,,Monestier+France,Hôtel avec spa,https://www.google.com/maps/place/Le+Relais+des+Vigiers/data=!4m10!3m9!1s0x12aab8bd008f8e95:0xf8461431a73ebcca!5m2!4m1!1i2!8m2!3d44.7924131!4d0.2895166!16s%2Fg%2F124sz7sbq!19sChIJlY6PAL24qhIRyrw-pzEURvg?authuser=0&hl=fr&rclk=1
chambre d hotes Les bosquets Caugé,5.0,,chambre d hotes Les bosquets Caugé,,Saint-Élier+France,Hôtel avec spa,https://www.google.com/maps/place/chambre+d+hotes+Les+bosquets+Caug%C3%A9/data=!4m10!3m9!1s0x47e16b61bbf38803:0x17a8e29b8794a32a!5m2!4m1!1i2!8m2!3d49.021203!4d1.0377436!16s%2Fg%2F11ltwry2w0!19sChIJA4jzu2Fr4UcRKqOUh5viqBc?authuser=0&hl=fr&rclk=1
Appart Hôtel - Residhome Toulouse Tolosa,4.2,,SponsoriséPar Booking.com,,Saint-Élie+France,Hôtel avec spa,https://www.google.com/maps/place/Appart+H%C3%B4tel+-+Residhome+Toulouse+Tolosa/data=!4m10!3m9!1s0x12aebae6db181659:0x9234a3e9a890dce3!5m2!4m1!1i2!8m2!3d43.606879!4d1.399208!16s%2Fg%2F1vyr7wxn!19sChIJWRYY2-a6rhIR49yQqOmjNJI?authuser=0&hl=fr&rclk=1
Gîtes & Spa YaKa & Yapluka,4.4,,Gîtes & Spa YaKa & Yapluka,,Monestier-d'Ambel+France,Hôtel avec spa,https://www.google.com/maps/place/G%C3%AEtes+%26+Spa+YaKa+%26+Yapluka/data=!4m10!3m9!1s0x12cb3545e01f5a51:0x455e87fd2463fefc!5m2!4m1!1i2!8m2!3d44.7812457!4d5.9932953!16s%2Fg%2F11w7hg36kc!19sChIJUVof4EU1yxIR_P5jJP2HXkU?authuser=0&hl=fr&rclk=1
Gîte Le Maréva,5.0,,Gîte Le Maréva,,Monestier-d'Ambel+France,Hôtel avec spa,https://www.google.com/maps/place/G%C3%AEte+Le+Mar%C3%A9va/data=!4m10!3m9!1s0x12cb3a61606d4f07:0xc0a127b8f4b4f368!5m2!4m1!1i2!8m2!3d44.6820244!4d5.9449317!16s%2Fg%2F11f54lj9rk!19sChIJB09tYGE6yxIRaPO09LgnocA?authuser=0&hl=fr&rclk=1
Hôtel Vol de Nuit,3.8,,SponsoriséPar Booking.com,,Saint-Élie+France,Hôtel avec spa,https://www.google.com/maps/place/H%C3%B4tel+Vol+de+Nuit/data=!4m10!3m9!1s0x12aebae7a4ccd2e9:0x91d9c863285494b7!5m2!4m1!1i2!8m2!3d43.608226!4d1.39698!16s%2Fg%2F12hpgqq8c!19sChIJ6dLMpOe6rhIRt5RUKGPI2ZE?authuser=0&hl=fr&rclk=1
Résidence Odalys L'Orée des Pistes,3.6,,Résidence Odalys L'Orée des Pistes,,Monestier-d'Ambel+France,Hôtel avec spa,https://www.google.com/maps/place/R%C3%A9sidence+Odalys+L%27Or%C3%A9e+des+Pistes/data=!4m10!3m9!1s0x12cb3a7e25f44cc9:0x5fda2a98ff4ee77b!5m2!4m1!1i2!8m2!3d44.6731084!4d5.9318196!16s%2Fg%2F1td08v05!19sChIJyUz0JX46yxIRe-dO_5gq2l8?authuser=0&hl=fr&rclk=1
Grand Hotel & Spa Uriage,4.4,,SponsoriséPar Booking.com,,Brié-et-Angonnes+France,Hôtel avec spa,https://www.google.com/maps/place/Grand+Hotel+%26+Spa+Uriage/data=!4m10!3m9!1s0x478a607d69ad3775:0xeed092fecd85291f!5m2!4m1!1i2!8m2!3d45.142739!4d5.829873!16s%2Fg%2F1tfcxpwk!19sChIJdTetaX1gikcRHymFzf6S0O4?authuser=0&hl=fr&rclk=1
Château Hôtel Grand Barrail,4.5,,Château Hôtel Grand Barrail,,Saint-Élie+France,Hôtel avec spa,https://www.google.com/maps/place/Ch%C3%A2teau+H%C3%B4tel+Grand+Barrail/data=!4m10!3m9!1s0xd5551d90ddd983b:0x31a768665a235b9c!5m2!4m1!1i2!8m2!3d44.909105!4d-0.1919349!16s%2Fg%2F12hqjmqhf!19sChIJO5jdDdlRVQ0RnFsjWmZopzE?authuser=0&hl=fr&rclk=1
Les cabanes de Monbazillac,4.9,,Les cabanes de Monbazillac,,Monestier+France,Hôtel avec spa,https://www.google.com/maps/place/Les+cabanes+de+Monbazillac/data=!4m10!3m9!1s0x12aadb6de851ccc3:0xb38db81c89588ecb!5m2!4m1!1i2!8m2!3d44.795657!4d0.4644109!16s%2Fg%2F11rg33kldc!19sChIJw8xR6G3bqhIRy45YiRy4jbM?authuser=0&hl=fr&rclk=1
Gîte de La Jarjatte - Valgabondage,4.9,,Gîte de La Jarjatte - Valgabondage,,Monestier-d'Ambel+France,Hôtel avec spa,https://www.google.com/maps/place/G%C3%AEte+de+La+Jarjatte+-+Valgabondage/data=!4m10!3m9!1s0x12cb27a40d3d9a9b:0xdffb65846808d3f7!5m2!4m1!1i2!8m2!3d44.6740176!4d5.7568259!16s%2Fg%2F1wcj_ngc!19sChIJm5o9DaQnyxIR99MIaIRl-98?authuser=0&hl=fr&rclk=1
Hôtel Chais Monnet & Spa,4.5,,SponsoriséPar Booking.com,,Brie-sous-Archiac+France,Hôtel avec spa,https://www.google.com/maps/place/H%C3%B4tel+Chais+Monnet+%26+Spa/data=!4m10!3m9!1s0x4800f36dce60790b:0xca175bed9674241e!5m2!4m1!1i2!8m2!3d45.690785!4d-0.333756!16s%2Fg%2F11f1wqb_yc!19sChIJC3lgzm3zAEgRHiR0lu1bF8o?authuser=0&hl=fr&rclk=1
Mercure Grenoble Centre Alpotel,4.2,,SponsoriséPar Expedia.fr,,Brié-et-Angonnes+France,Hôtel avec spa,https://www.google.com/maps/place/Mercure+Grenoble+Centre+Alpotel/data=!4m10!3m9!1s0x478af49290dfe69b:0x39a4d815a0bcb341!5m2!4m1!1i2!8m2!3d45.183345!4d5.729677!16s%2Fg%2F1tdlg5bm!19sChIJm-bfkJL0ikcRQbO8oBXYpDk?authuser=0&hl=fr&rclk=1
Relais Spa Val d'Europe,4.3,,Relais Spa Val d'Europe,,Saint-Élie+France,Hôtel avec spa,https://www.google.com/maps/place/Relais+Spa+Val+d%27Europe/data=!4m10!3m9!1s0x47e61cd80687b645:0xa71b56438fd1a1d7!5m2!4m1!1i2!8m2!3d48.8573254!4d2.7728433!16s%2Fg%2F1q6n2st09!19sChIJRbaHBtgc5kcR16HRj0NWG6c?authuser=0&hl=fr&rclk=1
Domaine de la Courbe hôtel restaurant & spa,3.8,,SponsoriséPar Booking.com,,La Fontaine-Saint-Martin+France,Hôtel avec spa,https://www.google.com/maps/place/Domaine+de+la+Courbe+h%C3%B4tel+restaurant+%26+spa/data=!4m10!3m9!1s0x47e2a46fc7272e29:0xe54427b0c29fa8cb!5m2!4m1!1i2!8m2!3d47.673914!4d0.11112!16s%2Fg%2F1tdsj1qj!19sChIJKS4nx2-k4kcRy6ifwrAnROU?authuser=0&hl=fr&rclk=1
Château Écrin de lumière,4.9,,Château Écrin de lumière,,Monestier+France,Hôtel avec spa,https://www.google.com/maps/place/Ch%C3%A2teau+%C3%89crin+de+lumi%C3%A8re/data=!4m10!3m9!1s0x12aad57d89aac7dd:0x85a594cbede4cadb!5m2!4m1!1i2!8m2!3d44.926818!4d0.562746!16s%2Fg%2F11ssv9btb8!19sChIJ3ceqiX3VqhIR28rk7cuUpYU?authuser=0&hl=fr&rclk=1
Logis Hôtel la Ruche,4.0,,SponsoriséPar Booking.com,,Fontaine-sous-Jouy+France,Hôtel avec spa,https://www.google.com/maps/place/Logis+H%C3%B4tel+la+Ruche/data=!4m10!3m9!1s0x47e6b86416aa97f1:0xeebf6d6c0ae81680!5m2!4m1!1i2!8m2!3d49.0159!4d1.6109!16s%2Fg%2F11b61rbfpc!19sChIJ8ZeqFmS45kcRgBboCmxtv-4?authuser=0&hl=fr&rclk=1
L'Acacia Restaurant Chambres d Hotes,4.6,,L'Acacia Restaurant Chambres d Hotes,,Monestier-d'Ambel+France,Hôtel avec spa,https://www.google.com/maps/place/L%27Acacia+Restaurant+Chambres+d+Hotes/data=!4m10!3m9!1s0x12cb279f61297cb1:0xf08ecd7ab28dbd8b!5m2!4m1!1i2!8m2!3d44.671844!4d5.750749!16s%2Fg%2F11b_020t26!19sChIJsXwpYZ8nyxIRi72NsnrNjvA?authuser=0&hl=fr&rclk=1
Grand Hotel & Spa Uriage,4.4,,Grand Hotel & Spa Uriage,,Brié-et-Angonnes+France,Hôtel avec spa,https://www.google.com/maps/place/Grand+Hotel+%26+Spa+Uriage/data=!4m10!3m9!1s0x478a6063fda76365:0xeed092fecd85291f!5m2!4m1!1i2!8m2!3d45.1427393!4d5.8298728!16s%2Fg%2F1tfcxpwk!19sChIJZWOn_WNgikcRHymFzf6S0O4?authuser=0&hl=fr&rclk=1
Le Domaine des Vanneaux Hôtel Golf & Spa MGallery,4.6,,Le Domaine des Vanneaux Hôtel Golf & Spa MGallery,,Saint-Élie+France,Hôtel avec spa,https://www.google.com/maps/place/Le+Domaine+des+Vanneaux+H%C3%B4tel+Golf+%26+Spa+MGallery/data=!4m10!3m9!1s0x47e65b295016af2b:0xf1cf4664a273f218!5m2!4m1!1i2!8m2!3d49.120734!4d2.264823!16s%2Fg%2F11h07py8y1!19sChIJK68WUClb5kcRGPJzomRGz_E?authuser=0&hl=fr&rclk=1
Grand Hôtel de Solesmes,4.6,,SponsoriséPar Travelocity.com,,La Fontaine-Saint-Martin+France,Hôtel avec spa,https://www.google.com/maps/place/Grand+H%C3%B4tel+de+Solesmes/data=!4m10!3m9!1s0x480838cf7155fb99:0xc9f93bd52d1b33b2!5m2!4m1!1i2!8m2!3d47.851287!4d-0.302786!16s%2Fg%2F1td9_1rs!19sChIJmftVcc84CEgRsjMbLdU7-ck?authuser=0&hl=fr&rclk=1
Superdevoluy545S,4.7,,Superdevoluy545S,,Monestier-d'Ambel+France,Hôtel avec spa,https://www.google.com/maps/place/Superdevoluy545S/data=!4m10!3m9!1s0x12cb3aece6588f1d:0xb090d98b30ba65a5!5m2!4m1!1i2!8m2!3d44.6773322!4d5.9267298!16s%2Fg%2F11cjhqywdy!19sChIJHY9Y5uw6yxIRpWW6MIvZkLA?authuser=0&hl=fr&rclk=1
Alliey & Spa _ Appart-hôtel Serre Chevalier,4.6,,Alliey & Spa _ Appart-hôtel Serre Chevalier,,Saint-Élie+France,Hôtel avec spa,https://www.google.com/maps/place/Alliey+%26+Spa+_+Appart-h%C3%B4tel+Serre+Chevalier/data=!4m10!3m9!1s0x4789f7d50fc71325:0xc3a0c8aa0e039a8e!5m2!4m1!1i2!8m2!3d44.9757918!4d6.5081491!16s%2Fg%2F11q9_r6tyk!19sChIJJRPHD9X3iUcRjpoDDqrIoMM?authuser=0&hl=fr&rclk=1
Les Jardins d'Épicure - Hôtel & restaurant gastronomique,3.9,,SponsoriséPar Booking.com,,Fontaine-sous-Jouy+France,Hôtel avec spa,https://www.google.com/maps/place/Les+Jardins+d%27%C3%89picure+-+H%C3%B4tel+%26+restaurant+gastronomique/data=!4m10!3m9!1s0x47e6c46fc3d0311d:0xebf32da8a1cdfbb2!5m2!4m1!1i2!8m2!3d49.13917!4d1.657087!16s%2Fg%2F1thvs027!19sChIJHTHQw2_E5kcRsvvNoagt8-s?authuser=0&hl=fr&rclk=1
Château de la Commanderie,4.4,,Château de la Commanderie,,Brié-et-Angonnes+France,Hôtel avec spa,https://www.google.com/maps/place/Ch%C3%A2teau+de+la+Commanderie/data=!4m10!3m9!1s0x478a8ad652bd5455:0xf2ab086d1844f8b8!5m2!4m1!1i2!8m2!3d45.148173!4d5.7478659!16s%2Fg%2F1tgmv4h1!19sChIJVVS9UtaKikcRuPhEGG0Iq_I?authuser=0&hl=fr&rclk=1
"Les Etangs de Corot Hôtel, Restaurants & Spa - Relais & Châteaux",4.4,,"Les Etangs de Corot Hôtel, Restaurants & Spa - Relais & Châteaux",,Saint-Élie+France,Hôtel avec spa,"https://www.google.com/maps/place/Les+Etangs+de+Corot+H%C3%B4tel,+Restaurants+%26+Spa+-+Relais+%26+Ch%C3%A2teaux/data=!4m10!3m9!1s0x47e67c81ca076c4f:0xe9310f17b914c51c!5m2!4m1!1i2!8m2!3d48.8219947!4d2.1831003!16s%2Fg%2F1tdwjtwl!19sChIJT2wHyoF85kcRHMUUuRcPMek?authuser=0&hl=fr&rclk=1"
"Gîte, chambres d'hôtes, B&B avec spa La Serpauderie",4.5,,SponsoriséPar Booking.com,,Brie-sous-Archiac+France,Hôtel avec spa,"https://www.google.com/maps/place/G%C3%AEte,+chambres+d%27h%C3%B4tes,+B%26B+avec+spa+La+Serpauderie/data=!4m10!3m9!1s0x4801a88b0c8d616f:0xa7b2985299e36f9e!5m2!4m1!1i2!8m2!3d45.557052!4d-0.750804!16s%2Fg%2F11csqp9dqk!19sChIJb2GNDIuoAUgRnm_jmVKYsqc?authuser=0&hl=fr&rclk=1"
PoMo Hotel & Restaurant,4.3,,PoMo Hotel & Restaurant,,Brié-et-Angonnes+France,Hôtel avec spa,https://www.google.com/maps/place/PoMo+Hotel+%26+Restaurant/data=!4m10!3m9!1s0x478a8b39fd22bfa7:0x795733d71bb927e!5m2!4m1!1i2!8m2!3d45.1462183!4d5.7291464!16s%2Fg%2F1tjppd19!19sChIJp78i_TmLikcRfpK7cT1zlQc?authuser=0&hl=fr&rclk=1
L'Isle de Leos Hotel & Spa - MGallery Collection,4.5,,L'Isle de Leos Hotel & Spa - MGallery Collection,,Saint-Élie+France,Hôtel avec spa,https://www.google.com/maps/place/L%27Isle+de+Leos+Hotel+%26+Spa+-+MGallery+Collection/data=!4m10!3m9!1s0x12b5f5f6d90576df:0x8afd3ada10a12e71!5m2!4m1!1i2!8m2!3d43.9203517!4d5.0555173!16s%2Fg%2F11wx8h31p_!19sChIJ33YF2fb1tRIRcS6hENo6_Yo?authuser=0&hl=fr&rclk=1
Domaine des Vignères,4.8,,Domaine des Vignères,,Brie-sous-Archiac+France,Hôtel avec spa,https://www.google.com/maps/place/Domaine+des+Vign%C3%A8res/data=!4m10!3m9!1s0x48005b0a5dad4883:0x18793bd0951fbeb4!5m2!4m1!1i2!8m2!3d45.4852418!4d-0.4027736!16s%2Fg%2F11xx8h79s!19sChIJg0itXQpbAEgRtL4fldA7eRg?authuser=0&hl=fr&rclk=1
Chambre d'hôtes Écrin de lumière,5.0,,Chambre d'hôtes Écrin de lumière,,Monestier+France,Hôtel avec spa,https://www.google.com/maps/place/Chambre+d%27h%C3%B4tes+%C3%89crin+de+lumi%C3%A8re/data=!4m10!3m9!1s0x12aad5818bb309c5:0x7ec4472c28e25ac3!5m2!4m1!1i2!8m2!3d44.926818!4d0.562746!16s%2Fg%2F11x5t294xk!19sChIJxQmzi4HVqhIRw1riKCxHxH4?authuser=0&hl=fr&rclk=1
Hôtel - Maison Aribert,5.0,,Hôtel - Maison Aribert,,Brié-et-Angonnes+France,Hôtel avec spa,https://www.google.com/maps/place/H%C3%B4tel+-+Maison+Aribert/data=!4m10!3m9!1s0x478a6137fa93fa85:0x1043ae6662d44af0!5m2!4m1!1i2!8m2!3d45.1418291!4d5.8310081!16s%2Fg%2F11y0v3jw28!19sChIJhfqT-jdhikcR8ErUYmauQxA?authuser=0&hl=fr&rclk=1
Domaine de la Corniche,4.4,,Domaine de la Corniche,,Saint-Élie+France,Hôtel avec spa,https://www.google.com/maps/place/Domaine+de+la+Corniche/data=!4m10!3m9!1s0x47e6b87bb59ec3b5:0xd2ebed3423aaf168!5m2!4m1!1i2!8m2!3d49.0225997!4d1.6096361!16s%2Fg%2F1hc4tq81t!19sChIJtcOetXu45kcRaPGqIzTt69I?authuser=0&hl=fr&rclk=1
Domaine de la Courbe hôtel restaurant & spa,3.8,,Domaine de la Courbe hôtel restaurant & spa,,La Fontaine-Saint-Martin+France,Hôtel avec spa,https://www.google.com/maps/place/Domaine+de+la+Courbe+h%C3%B4tel+restaurant+%26+spa/data=!4m10!3m9!1s0x47e2a11cc367f62f:0xe54427b0c29fa8cb!5m2!4m1!1i2!8m2!3d47.6739145!4d0.11112!16s%2Fg%2F1tdsj1qj!19sChIJL_Znwxyh4kcRy6ifwrAnROU?authuser=0&hl=fr&rclk=1
Le Clos des Lilas,5.0,,Le Clos des Lilas,,Brie-sous-Archiac+France,Hôtel avec spa,https://www.google.com/maps/place/Le+Clos+des+Lilas/data=!4m10!3m9!1s0x480087c486f113bf:0x5696164e9138f23f!5m2!4m1!1i2!8m2!3d45.631185!4d-0.101412!16s%2Fg%2F11vf270qtb!19sChIJvxPxhsSHAEgRP_I4kU4WllY?authuser=0&hl=fr&rclk=1
Park Hôtel Grenoble - Handwritten Collection,4.5,,Park Hôtel Grenoble - Handwritten Collection,,Brié-et-Angonnes+France,Hôtel avec spa,https://www.google.com/maps/place/Park+H%C3%B4tel+Grenoble+-+Handwritten+Collection/data=!4m10!3m9!1s0x478af4f29d95e1ff:0x4d856bb303c48cc8!5m2!4m1!1i2!8m2!3d45.1840938!4d5.732897!16s%2Fg%2F1tcvy9b2!19sChIJ_-GVnfL0ikcRyIzEA7NrhU0?authuser=0&hl=fr&rclk=1
"La Girouardière – Chambres d’hôtes, Gîte & Spa à La Flèche",4.8,,"La Girouardière – Chambres d’hôtes, Gîte & Spa à La Flèche",,La Fontaine-Saint-Martin+France,Hôtel avec spa,"https://www.google.com/maps/place/La+Girouardi%C3%A8re+%E2%80%93+Chambres+d%E2%80%99h%C3%B4tes,+G%C3%AEte+%26+Spa+%C3%A0+La+Fl%C3%A8che/data=!4m10!3m9!1s0x48081ef324e2dc8d:0xb75f158e3b7cfa89!5m2!4m1!1i2!8m2!3d47.7073493!4d-0.0451841!16s%2Fg%2F1tlc_kcw!19sChIJjdziJPMeCEgRifp8O44VX7c?authuser=0&hl=fr&rclk=1"
Best Western Hôtel Île de France,3.9,,Best Western Hôtel Île de France,,Saint-Élie+France,Hôtel avec spa,https://www.google.com/maps/place/Best+Western+H%C3%B4tel+%C3%8Ele+de+France/data=!4m10!3m9!1s0x47e8e6161b1a37c5:0x12ee279683cc0fd5!5m2!4m1!1i2!8m2!3d49.0554543!4d3.3995321!16s%2Fg%2F1tff6ykd!19sChIJxTcaGxbm6EcR1Q_Mg5Yn7hI?authuser=0&hl=fr&rclk=1
Les Anges de la Vigne par Lisca Begay,5.0,,Les Anges de la Vigne par Lisca Begay,,Brie-sous-Archiac+France,Hôtel avec spa,https://www.google.com/maps/place/Les+Anges+de+la+Vigne+par+Lisca+Begay/data=!4m10!3m9!1s0x48005702218e19bd:0x707847787ef6428d!5m2!4m1!1i2!8m2!3d45.572143!4d-0.4893291!16s%2Fg%2F11z1tc77y2!19sChIJvRmOIQJXAEgRjUL2fnhHeHA?authuser=0&hl=fr&rclk=1
Cowool Grenoble,4.2,,Cowool Grenoble,,Brié-et-Angonnes+France,Hôtel avec spa,https://www.google.com/maps/place/Cowool+Grenoble/data=!4m10!3m9!1s0x478af5f8fcbd91f3:0x4faf9f06f2321b82!5m2!4m1!1i2!8m2!3d45.1586755!4d5.7340958!16s%2Fg%2F11t763w9wg!19sChIJ85G9_Pj1ikcRghsy8gafr08?authuser=0&hl=fr&rclk=1
hôtel la haie des granges,4.3,,hôtel la haie des granges,,Fontaine-sous-Jouy+France,Hôtel avec spa,https://www.google.com/maps/place/h%C3%B4tel+la+haie+des+granges/data=!4m10!3m9!1s0x47e6cab3a67f3987:0x45f9d968bd3c1819!5m2!4m1!1i2!8m2!3d49.0462147!4d1.4001103!16s%2Fg%2F11f__6zjmy!19sChIJhzl_prPK5kcRGRg8vWjZ-UU?authuser=0&hl=fr&rclk=1
MAISON D'HOTE La Catinière près du Mans,4.9,,MAISON D'HOTE La Catinière près du Mans,,La Fontaine-Saint-Martin+France,Hôtel avec spa,https://www.google.com/maps/place/MAISON+D%27HOTE+La+Catini%C3%A8re+pr%C3%A8s+du+Mans/data=!4m10!3m9!1s0x47e291d511848e3f:0xf2b5501ab30e5a3a!5m2!4m1!1i2!8m2!3d47.9203626!4d0.2087305!16s%2Fg%2F11c5wy2sx4!19sChIJP46EEdWR4kcROloOsxpQtfI?authuser=0&hl=fr&rclk=1
Hôtel Restaurant & Spa Frédéric Carrion,4.7,,Hôtel Restaurant & Spa Frédéric Carrion,,Saint-Élie+France,Hôtel avec spa,https://www.google.com/maps/place/H%C3%B4tel+Restaurant+%26+Spa+Fr%C3%A9d%C3%A9ric+Carrion/data=!4m10!3m9!1s0x47f312f69ac90a7b:0xe38c982ac130558f!5m2!4m1!1i2!8m2!3d46.4495847!4d4.8426898!16s%2Fg%2F1thz0_v7!19sChIJewrJmvYS80cRj1UwwSqYjOM?authuser=0&hl=fr&rclk=1
des Vignes et des Songes : Cabanes insolites avec SPA en Gironde,5.0,,des Vignes et des Songes : Cabanes insolites avec SPA en Gironde,,Monestier+France,Hôtel avec spa,https://www.google.com/maps/place/des+Vignes+et+des+Songes+:+Cabanes+insolites+avec+SPA+en+Gironde/data=!4m10!3m9!1s0x12aabbfd8849e529:0x3c201845336c12fa!5m2!4m1!1i2!8m2!3d44.8140944!4d0.2193296!16s%2Fg%2F11rypbpwqr!19sChIJKeVJiP27qhIR-hJsM0UYIDw?authuser=0&hl=fr&rclk=1
"Le Relais de Saint-Preuil, The Originals Relais",4.9,,"Le Relais de Saint-Preuil, The Originals Relais",,Brie-sous-Archiac+France,Hôtel avec spa,"https://www.google.com/maps/place/Le+Relais+de+Saint-Preuil,+The+Originals+Relais/data=!4m10!3m9!1s0x4800881d56502b3f:0x61e07405b83af8dd!5m2!4m1!1i2!8m2!3d45.600519!4d-0.1627599!16s%2Fg%2F1tfbmpq2!19sChIJPytQVh2IAEgR3fg6uAV04GE?authuser=0&hl=fr&rclk=1"
Luxury room,4.8,,Luxury room,,Brié-et-Angonnes+France,Hôtel avec spa,https://www.google.com/maps/place/Luxury+room/data=!4m10!3m9!1s0x478af551dd89b41d:0x50b5473f2edd1663!5m2!4m1!1i2!8m2!3d45.1856855!4d5.7468474!16s%2Fg%2F11r6lyx5k2!19sChIJHbSJ3VH1ikcRYxbdLj9HtVA?authuser=0&hl=fr&rclk=1
PAMPA Lodges,4.9,,PAMPA Lodges,,La Fontaine-Saint-Martin+France,Hôtel avec spa,https://www.google.com/maps/place/PAMPA+Lodges/data=!4m10!3m9!1s0x47e285664175362d:0x2a53a9a9973e27e2!5m2!4m1!1i2!8m2!3d47.952451!4d0.085638!16s%2Fg%2F11xkxbnvw4!19sChIJLTZ1QWaF4kcR4ic-l6mpUyo?authuser=0&hl=fr&rclk=1
Maison Alliey - Appart Hotel Bar & Spa Le Monêtier-les-Bains,4.6,,Maison Alliey - Appart Hotel Bar & Spa Le Monêtier-les-Bains,,Saint-Élie+France,Hôtel avec spa,https://www.google.com/maps/place/Maison+Alliey+-+Appart+Hotel+Bar+%26+Spa+Le+Mon%C3%AAtier-les-Bains/data=!4m10!3m9!1s0x4789fa8d001aa157:0x7bbbffb71594578c!5m2!4m1!1i2!8m2!3d44.9758583!4d6.508196!16s%2Fg%2F1td1tbc3!19sChIJV6EaAI36iUcRjFeUFbf_u3s?authuser=0&hl=fr&rclk=1
Cabane perchée dans les arbres spa | Gîte à la nuitée jacuzzi | Le clos de Cyrano,4.6,,Cabane perchée dans les arbres spa | Gîte à la nuitée jacuzzi | Le clos de Cyrano,,Monestier+France,Hôtel avec spa,https://www.google.com/maps/place/Cabane+perch%C3%A9e+dans+les+arbres+spa+%7C+G%C3%AEte+%C3%A0+la+nuit%C3%A9e+jacuzzi+%7C+Le+clos+de+Cyrano/data=!4m10!3m9!1s0x12aac66bf74270df:0xdc781403cfed929a!5m2!4m1!1i2!8m2!3d44.8270083!4d0.3601112!16s%2Fg%2F11f50m7kc6!19sChIJ33BC92vGqhIRmpLtzwMUeNw?authuser=0&hl=fr&rclk=1
Les nuits du Haut Buguet,4.9,,Les nuits du Haut Buguet,,Brie-sous-Archiac+France,Hôtel avec spa,https://www.google.com/maps/place/Les+nuits+du+Haut+Buguet/data=!4m10!3m9!1s0x480045a01dd97f21:0xb88b964ef4286ac2!5m2!4m1!1i2!8m2!3d45.3850352!4d-0.4527913!16s%2Fg%2F11xmcsvh5s!19sChIJIX_ZHaBFAEgRwmoo9E6Wi7g?authuser=0&hl=fr&rclk=1
VANADIS Suites d'exception & spa,4.9,,VANADIS Suites d'exception & spa,,Fontaine-sous-Jouy+France,Hôtel avec spa,https://www.google.com/maps/place/VANADIS+Suites+d%27exception+%26+spa/data=!4m10!3m9!1s0x47e14b2a1af9b785:0xffa42d7a8c0b1d0d!5m2!4m1!1i2!8m2!3d49.0144863!4d1.379533!16s%2Fg%2F11n7m2v_z2!19sChIJhbf5GipL4UcRDR0LjHotpP8?authuser=0&hl=fr&rclk=1
Hotel & Spa Husseren Collections,4.6,,Hotel & Spa Husseren Collections,,Saint-Élie+France,Hôtel avec spa,https://www.google.com/maps/place/Hotel+%26+Spa+Husseren+Collections/data=!4m10!3m9!1s0x4791649c0ed1d71d:0xac631fb64e742060!5m2!4m1!1i2!8m2!3d48.0346163!4d7.2763949!16s%2Fg%2F1tfbgnfv!19sChIJHdfRDpxkkUcRYCB0TrYfY6w?authuser=0&hl=fr&rclk=1
KVS Concept,4.6,,KVS Concept,,La Fontaine-Saint-Martin+France,Hôtel avec spa,https://www.google.com/maps/place/KVS+Concept/data=!4m10!3m9!1s0x47e2957ac27686e3:0x53fc976ad34c22f5!5m2!4m1!1i2!8m2!3d47.8277147!4d0.277191!16s%2Fg%2F11h3mv77py!19sChIJ44Z2wnqV4kcR9SJM02qX_FM?authuser=0&hl=fr&rclk=1
Le Moulin Etourneau - Gîtes et logement insolite avec piscines et spa,5.0,,Le Moulin Etourneau - Gîtes et logement insolite avec piscines et spa,,Brie-sous-Archiac+France,Hôtel avec spa,https://www.google.com/maps/place/Le+Moulin+Etourneau+-+G%C3%AEtes+et+logement+insolite+avec+piscines+et+spa/data=!4m10!3m9!1s0x4800434f2a1dacab:0xb7c728d281e4966d!5m2!4m1!1i2!8m2!3d45.4106068!4d-0.370321!16s%2Fg%2F11sds23t9n!19sChIJq6wdKk9DAEgRbZbkgdIox7c?authuser=0&hl=fr&rclk=1
Le Miroir des Etoiles,4.9,,Le Miroir des Etoiles,,Monestier+France,Hôtel avec spa,https://www.google.com/maps/place/Le+Miroir+des+Etoiles/data=!4m10!3m9!1s0x12aac526c7b699e5:0xd20d8d17d7916aaf!5m2!4m1!1i2!8m2!3d44.8153789!4d0.4366274!16s%2Fg%2F1q6d4skpc!19sChIJ5Zm2xybFqhIRr2qR1xeNDdI?authuser=0&hl=fr&rclk=1
SPA LA HAIE DES GRANGES,4.4,,SPA LA HAIE DES GRANGES,,Fontaine-sous-Jouy+France,Hôtel avec spa,https://www.google.com/maps/place/SPA+LA+HAIE+DES+GRANGES/data=!4m10!3m9!1s0x47e6cab374e0e01f:0xf51803993d9134d3!5m2!4m1!1i2!8m2!3d49.0466281!4d1.4000023!16s%2Fg%2F1tg_wdr7!19sChIJH-DgdLPK5kcR0zSRPZkDGPU?authuser=0&hl=fr&rclk=1
Domaine de Locguénolé & Spa - Relais & Châteaux,4.7,,Domaine de Locguénolé & Spa - Relais & Châteaux,,Saint-Élie+France,Hôtel avec spa,https://www.google.com/maps/place/Domaine+de+Locgu%C3%A9nol%C3%A9+%26+Spa+-+Relais+%26+Ch%C3%A2teaux/data=!4m10!3m9!1s0x48105cf656775609:0x23bcb025283d2724!5m2!4m1!1i2!8m2!3d47.7692231!4d-3.2823594!16s%2Fg%2F11b7rtsf87!19sChIJCVZ3VvZcEEgRJCc9KCWwvCM?authuser=0&hl=fr&rclk=1
les Vergers de St Nicolas,,,les Vergers de St Nicolas,,La Fontaine-Saint-Martin+France,Hôtel avec spa,https://www.google.com/maps/place/les+Vergers+de+St+Nicolas/data=!4m10!3m9!1s0x47e2bf41bd3318af:0xa2e5ac4cce98abac!5m2!4m1!1i2!8m2!3d47.7621296!4d0.2858028!16s%2Fg%2F11y3qch97m!19sChIJrxgzvUG_4kcRrKuYzkys5aI?authuser=0&hl=fr&rclk=1
Bulle de Campagne - Studio avec SPA Privatif,5.0,,Bulle de Campagne - Studio avec SPA Privatif,,Brie-sous-Archiac+France,Hôtel avec spa,https://www.google.com/maps/place/Bulle+de+Campagne+-+Studio+avec+SPA+Privatif/data=!4m10!3m9!1s0x480041badddfcccb:0x19b2529d921711!5m2!4m1!1i2!8m2!3d45.3357552!4d-0.366873!16s%2Fg%2F11xtc49dx3!19sChIJy8zf3bpBAEgREReSnVKyGQA?authuser=0&hl=fr&rclk=1
Le Vert Galant,4.5,,Le Vert Galant,,Fontaine-sous-Jouy+France,Hôtel avec spa,https://www.google.com/maps/place/Le+Vert+Galant/data=!4m10!3m9!1s0x47e1391f3a2dd30b:0xbf4b62e95c97e72d!5m2!4m1!1i2!8m2!3d49.0812543!4d1.1564243!16s%2Fg%2F1tj5q0b5!19sChIJC9MtOh854UcRLeeXXOliS78?authuser=0&hl=fr&rclk=1
Domaine des Hauts de Rouquette – Gîtes & Lodges à Eymet,5.0,,Domaine des Hauts de Rouquette – Gîtes & Lodges à Eymet,,Monestier+France,Hôtel avec spa,https://www.google.com/maps/place/Domaine+des+Hauts+de+Rouquette+%E2%80%93+G%C3%AEtes+%26+Lodges+%C3%A0+Eymet/data=!4m10!3m9!1s0x12aae9c1bce46b9f:0xa18411c08b34ae4b!5m2!4m1!1i2!8m2!3d44.6886005!4d0.3898895!16s%2Fg%2F11kbb9ffyf!19sChIJn2vkvMHpqhIRS640i8ARhKE?authuser=0&hl=fr&rclk=1
Château de Villiers le Mahieu - Les Maisons de Campagne,4.6,,Château de Villiers le Mahieu - Les Maisons de Campagne,,Saint-Élie+France,Hôtel avec spa,https://www.google.com/maps/place/Ch%C3%A2teau+de+Villiers+le+Mahieu+-+Les+Maisons+de+Campagne/data=!4m10!3m9!1s0x47e6982477857513:0xc29d1ceb5703ae1a!5m2!4m1!1i2!8m2!3d48.8592298!4d1.7687564!16s%2Fm%2F0qfvfwq!19sChIJE3WFdySY5kcRGq4DV-scncI?authuser=0&hl=fr&rclk=1
Domaine de Primard,4.6,,Domaine de Primard,,Fontaine-sous-Jouy+France,Hôtel avec spa,https://www.google.com/maps/place/Domaine+de+Primard/data=!4m10!3m9!1s0x47e6b3f5337453bd:0x396f2497eee70534!5m2!4m1!1i2!8m2!3d48.9123465!4d1.4615169!16s%2Fg%2F11lrnkgmkb!19sChIJvVN0M_Wz5kcRNAXn7pckbzk?authuser=0&hl=fr&rclk=1
Résidence Les Rives de la Seugne Pierre & Vacances,4.1,,Résidence Les Rives de la Seugne Pierre & Vacances,,Brie-sous-Archiac+France,Hôtel avec spa,https://www.google.com/maps/place/R%C3%A9sidence+Les+Rives+de+la+Seugne+Pierre+%26+Vacances/data=!4m10!3m9!1s0x48004525991864e3:0x682079fde5be7c8d!5m2!4m1!1i2!8m2!3d45.438599!4d-0.425696!16s%2Fg%2F1pv0t5pxy!19sChIJ42QYmSVFAEgRjXy-5f15IGg?authuser=0&hl=fr&rclk=1
Hôtel Plage Palace & Spa,4.2,,Hôtel Plage Palace & Spa,,Saint-Élie+France,Hôtel avec spa,https://www.google.com/maps/place/H%C3%B4tel+Plage+Palace+%26+Spa/data=!4m10!3m9!1s0x12b6bb6d6cb467c9:0x49a1853ac31e6905!5m2!4m1!1i2!8m2!3d43.5416467!4d3.968438!16s%2Fg%2F11g97j7jlx!19sChIJyWe0bG27thIRBWkewzqFoUk?authuser=0&hl=fr&rclk=1
"Domaine de Bel Air : Château de Bel Air : Mariages, Hôtel",4.6,,"Domaine de Bel Air : Château de Bel Air : Mariages, Hôtel",,La Fontaine-Saint-Martin+France,Hôtel avec spa,"https://www.google.com/maps/place/Domaine+de+Bel+Air+:+Ch%C3%A2teau+de+Bel+Air+:+Mariages,+H%C3%B4tel/data=!4m10!3m9!1s0x47e29eb131f6105d:0xfbe18ed96c10868e!5m2!4m1!1i2!8m2!3d47.813043!4d0.0701693!16s%2Fg%2F1thxvj1f!19sChIJXRD2MbGe4kcRjoYQbNmO4fs?authuser=0&hl=fr&rclk=1"
La Cabane à Papi,4.7,,La Cabane à Papi,,Monestier+France,Hôtel avec spa,https://www.google.com/maps/place/La+Cabane+%C3%A0+Papi/data=!4m10!3m9!1s0x12aac128a9fe667b:0x77e3f1122ce94df1!5m2!4m1!1i2!8m2!3d44.750055!4d0.3249909!16s%2Fg%2F11g0mvbcm5!19sChIJe2b-qSjBqhIR8U3pLBLx43c?authuser=0&hl=fr&rclk=1
Hôtel le Normandy,4.2,,Hôtel le Normandy,,Fontaine-sous-Jouy+France,Hôtel avec spa,https://www.google.com/maps/place/H%C3%B4tel+le+Normandy/data=!4m10!3m9!1s0x47e6cbdfe5ec39ef:0x653932fc45e04259!5m2!4m1!1i2!8m2!3d49.0916215!4d1.4870744!16s%2Fg%2F11cfx5txf!19sChIJ7zns5d_L5kcRWULgRfwyOWU?authuser=0&hl=fr&rclk=1
Jiva Hill Resort,4.6,,Jiva Hill Resort,,Saint-Élie+France,Hôtel avec spa,https://www.google.com/maps/place/Jiva+Hill+Resort/data=!4m10!3m9!1s0x478c89e28b6cd661:0x164ef4fa406f5f80!5m2!4m1!1i2!8m2!3d46.2706718!4d6.0209575!16s%2Fg%2F1tdlg5n1!19sChIJYdZsi-KJjEcRgF9vQPr0ThY?authuser=0&hl=fr&rclk=1
DOMAINE D'USSON,5.0,,DOMAINE D'USSON,,Brie-sous-Archiac+France,Hôtel avec spa,https://www.google.com/maps/place/DOMAINE+D%27USSON/data=!4m10!3m9!1s0x4800f7895323f22f:0xb3729bda3e18117!5m2!4m1!1i2!8m2!3d45.6000355!4d-0.4391813!16s%2Fg%2F11txsmkbxw!19sChIJL_IjU4n3AEgRF4Hho70pNws?authuser=0&hl=fr&rclk=1
Haras de la Potardière,4.5,,Haras de la Potardière,,La Fontaine-Saint-Martin+France,Hôtel avec spa,https://www.google.com/maps/place/Haras+de+la+Potardi%C3%A8re/data=!4m10!3m9!1s0x47e288d1c81cf2d5:0x898bdd0d38186711!5m2!4m1!1i2!8m2!3d47.722242!4d-0.17344!16s%2Fg%2F1tcvt453!19sChIJ1fIcyNGI4kcREWcYOA3di4k?authuser=0&hl=fr&rclk=1
La Maison du Passeur - Gîte et maison d'hôtes,4.9,,La Maison du Passeur - Gîte et maison d'hôtes,,Fontaine-sous-Jouy+France,Hôtel avec spa,https://www.google.com/maps/place/La+Maison+du+Passeur+-+G%C3%AEte+et+maison+d%27h%C3%B4tes/data=!4m10!3m9!1s0x47e6cd3d55da1423:0x13f993677014427c!5m2!4m1!1i2!8m2!3d49.1324558!4d1.4406736!16s%2Fg%2F11gm8l7fhq!19sChIJIxTaVT3N5kcRfEIUcGeT-RM?authuser=0&hl=fr&rclk=1
Clos des Cimes-Découverte Hotel&Spa,4.8,,Clos des Cimes-Découverte Hotel&Spa,,Saint-Élie+France,Hôtel avec spa,https://www.google.com/maps/place/Clos+des+Cimes-D%C3%A9couverte+Hotel%26Spa/data=!4m10!3m9!1s0x47f5759195cee35b:0xfeab9e747025e124!5m2!4m1!1i2!8m2!3d45.1417855!4d4.4358891!16s%2Fg%2F11ffpbl7tv!19sChIJW-POlZF19UcRJOElcHSeq_4?authuser=0&hl=fr&rclk=1
Love and Bulles Lodge pour couple en Périgord pourpre,5.0,,Love and Bulles Lodge pour couple en Périgord pourpre,,Monestier+France,Hôtel avec spa,https://www.google.com/maps/place/Love+and+Bulles+Lodge+pour+couple+en+P%C3%A9rigord+pourpre/data=!4m10!3m9!1s0x12aac82b536de4f5:0x774efbec2c142e88!5m2!4m1!1i2!8m2!3d44.887387!4d0.3012667!16s%2Fg%2F11k9gq9zm4!19sChIJ9eRtUyvIqhIRiC4ULOz7Tnc?authuser=0&hl=fr&rclk=1
Manoir de Surville Hotel & Spa & Restaurant,4.9,,Manoir de Surville Hotel & Spa & Restaurant,,Fontaine-sous-Jouy+France,Hôtel avec spa,https://www.google.com/maps/place/Manoir+de+Surville+Hotel+%26+Spa+%26+Restaurant/data=!4m10!3m9!1s0x47e1232cbf4a1031:0x12c5d104514a1a07!5m2!4m1!1i2!8m2!3d49.1996141!4d1.1005225!16s%2Fg%2F1yfdr_bd0!19sChIJMRBKvywj4UcRBxpKUQTRxRI?authuser=0&hl=fr&rclk=1
Hic & Nunc,4.9,,Hic & Nunc,,Brie-sous-Archiac+France,Hôtel avec spa,https://www.google.com/maps/place/Hic+%26+Nunc/data=!4m10!3m9!1s0x480051b7ed09e1ff:0x9856510e52f9eb9e!5m2!4m1!1i2!8m2!3d45.4494079!4d-0.5212953!16s%2Fg%2F11jdx_z7bk!19sChIJ_-EJ7bdRAEgRnuv5Ug5RVpg?authuser=0&hl=fr&rclk=1
La Templerie,5.0,,La Templerie,,La Fontaine-Saint-Martin+France,Hôtel avec spa,https://www.google.com/maps/place/La+Templerie/data=!4m10!3m9!1s0x48081fd0da68847b:0x92c4d52923ba358e!5m2!4m1!1i2!8m2!3d47.6985998!4d-0.0662443!16s%2Fg%2F11s7vwqpdx!19sChIJe4Ro2tAfCEgRjjW6IynVxJI?authuser=0&hl=fr&rclk=1
Paris j'Adore Hotel & Spa,4.6,,Paris j'Adore Hotel & Spa,,Saint-Élie+France,Hôtel avec spa,https://www.google.com/maps/place/Paris+j%27Adore+Hotel+%26+Spa/data=!4m10!3m9!1s0x47e66f4367df9b01:0x66c075fe376cc4c8!5m2!4m1!1i2!8m2!3d48.882548!4d2.3192578!16s%2Fg%2F11gxrjwqvk!19sChIJAZvfZ0Nv5kcRyMRsN_51wGY?authuser=0&hl=fr&rclk=1
"MAISON ARGENSON, Chambre d'hôte de charme Centre Bergerac",4.9,,"MAISON ARGENSON, Chambre d'hôte de charme Centre Bergerac",,Monestier+France,Hôtel avec spa,"https://www.google.com/maps/place/MAISON+ARGENSON,+Chambre+d%27h%C3%B4te+de+charme+Centre+Bergerac/data=!4m10!3m9!1s0x12aad07e23093d29:0xafd27fb205f874f9!5m2!4m1!1i2!8m2!3d44.85266!4d0.48754!16s%2Fg%2F119w4smvd!19sChIJKT0JI37QqhIR-XT4BbJ_0q8?authuser=0&hl=fr&rclk=1"
"La Suite Privée : Gite 2 personnes, spa/sauna/jacuzzi, weekend romantique, située à 1h de Paris, Proche Rouen, Normandie",4.8,,"La Suite Privée : Gite 2 personnes, spa/sauna/jacuzzi, weekend romantique, située à 1h de Paris, Proche Rouen, Normandie",,Fontaine-sous-Jouy+France,Hôtel avec spa,"https://www.google.com/maps/place/La+Suite+Priv%C3%A9e+:+Gite+2+personnes,+spa%2Fsauna%2Fjacuzzi,+weekend+romantique,+situ%C3%A9e+%C3%A0+1h+de+Paris,+Proche+Rouen,+Normandie/data=!4m10!3m9!1s0x47e147e95765fb23:0x91f12a25436a7609!5m2!4m1!1i2!8m2!3d49.031567!4d1.1331681!16s%2Fg%2F11hrxs76f1!19sChIJI_tlV-lH4UcRCXZqQyUq8ZE?authuser=0&hl=fr&rclk=1"
Escapade Belinoise,4.8,,Escapade Belinoise,,La Fontaine-Saint-Martin+France,Hôtel avec spa,https://www.google.com/maps/place/Escapade+Belinoise/data=!4m10!3m9!1s0x47e29b90c8efc395:0xa87a2ffe2103b257!5m2!4m1!1i2!8m2!3d47.8935307!4d0.2299953!16s%2Fg%2F11ldgvwjzn!19sChIJlcPvyJCb4kcRV7IDIf4veqg?authuser=0&hl=fr&rclk=1
Les Sources du Haut Plateau,4.7,,Les Sources du Haut Plateau,,Saint-Élie+France,Hôtel avec spa,https://www.google.com/maps/place/Les+Sources+du+Haut+Plateau/data=!4m7!3m6!1s0x47f575fe42acf8bd:0xbbbabdfa3715b53d!8m2!3d45.1400156!4d4.4357484!16s%2Fg%2F11btm56gpt!19sChIJvfisQv519UcRPbUVN_q9urs?authuser=0&hl=fr&rclk=1
Domaine de la Folicoeur,4.6,,Domaine de la Folicoeur,,Fontaine-sous-Jouy+France,Hôtel avec spa,https://www.google.com/maps/place/Domaine+de+la+Folicoeur/data=!4m10!3m9!1s0x47e134144ee9c0b3:0x2466ce4ac88ee1ae!5m2!4m1!1i2!8m2!3d49.0972985!4d1.3291825!16s%2Fg%2F11dzdddwn7!19sChIJs8DpThQ04UcRruGOyErOZiQ?authuser=0&hl=fr&rclk=1
"Le Hameau de Galice: Gîtes et Chambres d'hôtes avec piscine chauffée et spa, salle de réception, proche Bergerac",5.0,,"Le Hameau de Galice: Gîtes et Chambres d'hôtes avec piscine chauffée et spa, salle de réception, proche Bergerac",,Monestier+France,Hôtel avec spa,"https://www.google.com/maps/place/Le+Hameau+de+Galice:+G%C3%AEtes+et+Chambres+d%27h%C3%B4tes+avec+piscine+chauff%C3%A9e+et+spa,+salle+de+r%C3%A9ception,+proche+Bergerac/data=!4m10!3m9!1s0x12aabd44374e3373:0xdf55de6a5980e474!5m2!4m1!1i2!8m2!3d44.71425!4d0.209529!16s%2Fg%2F11h4d6bttx!19sChIJczNON0S9qhIRdOSAWWreVd8?authuser=0&hl=fr&rclk=1"
Camping Au Bord du Loir,4.5,,Camping Au Bord du Loir,,La Fontaine-Saint-Martin+France,Hôtel avec spa,https://www.google.com/maps/place/Camping+Au+Bord+du+Loir/data=!4m10!3m9!1s0x47e2a4d48735db7b:0x105092d69262c53c!5m2!4m1!1i2!8m2!3d47.65!4d0.161529!16s%2Fg%2F11b7hl9ytj!19sChIJe9s1h9Sk4kcRPMViktaSUBA?authuser=0&hl=fr&rclk=1
Hôtel Spa Au Cœur du Village Relais&Châteaux,4.3,,Hôtel Spa Au Cœur du Village Relais&Châteaux,,Saint-Élie+France,Hôtel avec spa,https://www.google.com/maps/place/H%C3%B4tel+Spa+Au+C%C5%93ur+du+Village+Relais%26Ch%C3%A2teaux/data=!4m10!3m9!1s0x478bf1afdf65dd57:0xeb6de9b4ee7aa5f2!5m2!4m1!1i2!8m2!3d45.904714!4d6.4228312!16s%2Fg%2F1tfycgqh!19sChIJV91l36_xi0cR8qV67rTpbes?authuser=0&hl=fr&rclk=1
Gîte de la Prée *****,4.9,,Gîte de la Prée *****,,Fontaine-sous-Jouy+France,Hôtel avec spa,https://www.google.com/maps/place/G%C3%AEte+de+la+Pr%C3%A9e+*****/data=!4m10!3m9!1s0x47e13553414f5bc3:0xc5dc0e5b4cfca12c!5m2!4m1!1i2!8m2!3d49.0383474!4d1.3588152!16s%2Fg%2F11j6166k60!19sChIJw1tPQVM14UcRLKH8TFsO3MU?authuser=0&hl=fr&rclk=1
Les Loges du Temps,4.9,,Les Loges du Temps,,Monestier+France,Hôtel avec spa,https://www.google.com/maps/place/Les+Loges+du+Temps/data=!4m10!3m9!1s0x12aacd571e6317f5:0x2cc0867e8cea7b1!5m2!4m1!1i2!8m2!3d44.9253994!4d0.3959355!16s%2Fg%2F11s3r5qb91!19sChIJ9RdjHlfNqhIRsafO6GcIzAI?authuser=0&hl=fr&rclk=1
Hotel Georges Blanc · Relais & Châteaux 5 étoiles · Parc & Spa,4.5,,Hotel Georges Blanc,Relais & Châteaux 5 étoiles · Parc & Spa,Saint-Élie+France,Hôtel avec spa,https://www.google.com/maps/place/Hotel+Georges+Blanc+%C2%B7+Relais+%26+Ch%C3%A2teaux+5+%C3%A9toiles+%C2%B7+Parc+%26+Spa/data=!4m10!3m9!1s0x47f35d92a4c3b1db:0xebd19c90f9a7d95b!5m2!4m1!1i2!8m2!3d46.2200697!4d4.989579!16s%2Fg%2F11cjp6sk7p!19sChIJ27HDpJJd80cRW9mn-ZCc0es?authuser=0&hl=fr&rclk=1
Enjoy your life - EVREUX,4.8,,Enjoy your life - EVREUX,,Fontaine-sous-Jouy+France,Hôtel avec spa,https://www.google.com/maps/place/Enjoy+your+life+-+EVREUX/data=!4m10!3m9!1s0x47e147be5a13e13f:0xe187a3e702b0d078!5m2!4m1!1i2!8m2!3d49.0310463!4d1.1536459!16s%2Fg%2F11jzffhxvm!19sChIJP-ETWr5H4UcReNCwAuejh-E?authuser=0&hl=fr&rclk=1
LE DOMAINE REINE SULLY,5.0,,LE DOMAINE REINE SULLY,,Monestier+France,Hôtel avec spa,https://www.google.com/maps/place/LE+DOMAINE+REINE+SULLY/data=!4m10!3m9!1s0x12aabb6b3b519c13:0x310e0686a3a94042!5m2!4m1!1i2!8m2!3d44.804313!4d0.1558265!16s%2Fg%2F11h7r7w7xc!19sChIJE5xRO2u7qhIRQkCpo4YGDjE?authuser=0&hl=fr&rclk=1
cabane perchée spa Gîte Périgord,,,cabane perchée spa Gîte Périgord,,Monestier+France,Hôtel avec spa,https://www.google.com/maps/place/cabane+perch%C3%A9e+spa+G%C3%AEte+P%C3%A9rigord/data=!4m10!3m9!1s0x12aac7b629630b0b:0xde71bd6ec9afc6e3!5m2!4m1!1i2!8m2!3d44.8270083!4d0.3601112!16s%2Fg%2F11t0t7j1kr!19sChIJCwtjKbbHqhIR48avyW69cd4?authuser=0&hl=fr&rclk=1
LA MOTTE FEODALE,4.9,,LA MOTTE FEODALE,,Fontaine-sous-Jouy+France,Hôtel avec spa,https://www.google.com/maps/place/LA+MOTTE+FEODALE/data=!4m10!3m9!1s0x47e13d056e192907:0x73583765bbb1dddc!5m2!4m1!1i2!8m2!3d49.1778297!4d1.1099768!16s%2Fg%2F11sqclczgl!19sChIJBykZbgU94UcR3N2xu2U3WHM?authuser=0&hl=fr&rclk=1
Les Bergeronnettes B&B chambres d'Hôtes,4.9,,Les Bergeronnettes B&B chambres d'Hôtes,,Monestier+France,Hôtel avec spa,https://www.google.com/maps/place/Les+Bergeronnettes+B%26B+chambres+d%27H%C3%B4tes/data=!4m10!3m9!1s0x12aada8e9d655555:0x8781a39497548945!5m2!4m1!1i2!8m2!3d44.8355381!4d0.4816105!16s%2Fg%2F11pqs145xb!19sChIJVVVlnY7aqhIRRYlUl5SjgYc?authuser=0&hl=fr&rclk=1
Gîte La drapière,5.0,,Gîte La drapière,,Fontaine-sous-Jouy+France,Hôtel avec spa,https://www.google.com/maps/place/G%C3%AEte+La+drapi%C3%A8re/data=!4m10!3m9!1s0x47e125709c510313:0xc9b1aab55c6f3e47!5m2!4m1!1i2!8m2!3d49.210208!4d1.1603263!16s%2Fg%2F11y4v7slqk!19sChIJEwNRnHAl4UcRRz5vXLWqsck?authuser=0&hl=fr&rclk=1
LOFT NATURE & BIEN ETRE MONTCARET,5.0,,LOFT NATURE & BIEN ETRE MONTCARET,,Monestier+France,Hôtel avec spa,https://www.google.com/maps/place/LOFT+NATURE+%26+BIEN+ETRE+MONTCARET/data=!4m10!3m9!1s0x12aaa71a0cccc33d:0x2c120d218506366e!5m2!4m1!1i2!8m2!3d44.845738!4d0.057723!16s%2Fg%2F11w8fpzn23!19sChIJPcPMDBqnqhIRbjYGhSENEiw?authuser=0&hl=fr&rclk=1
Gîtes Barns Dordogne Périgord,4.7,,Gîtes Barns Dordogne Périgord,,Monestier+France,Hôtel avec spa,https://www.google.com/maps/place/G%C3%AEtes+Barns+Dordogne+P%C3%A9rigord/data=!4m10!3m9!1s0x12aadb40a67efe6d:0xcdd8ec71564550f7!5m2!4m1!1i2!8m2!3d44.8016812!4d0.4880811!16s%2Fg%2F11ss808w7l!19sChIJbf5-pkDbqhIR91BFVnHs2M0?authuser=0&hl=fr&rclk=1
Station thermale La Chaldette,4.3,,Station thermale La Chaldette,,Le Monestier+France,Centre thermal,https://www.google.com/maps/place/Station+thermale+La+Chaldette/data=!4m7!3m6!1s0x12b2d9a8ac0ab745:0x3f01413553cc168a!8m2!3d44.7720195!4d3.0433149!16s%2Fg%2F1tkp1vx_!19sChIJRbcKrKjZshIRihbMUzVBAT8?authuser=0&hl=fr&rclk=1
Thermes de Chateauneuf les Bains,4.6,,Thermes de Chateauneuf les Bains,,Le Monestier+France,Centre thermal,https://www.google.com/maps/place/Thermes+de+Chateauneuf+les+Bains/data=!4m7!3m6!1s0x47f73793034a6237:0x9efd412de7d48575!8m2!3d46.031534!4d2.906149!16s%2Fg%2F11f40ky0jj!19sChIJN2JKA5M390cRdYXU5y1B_Z4?authuser=0&hl=fr&rclk=1
Tellement Spa,4.9,,Tellement Spa,,Le Monestier+France,Centre thermal,https://www.google.com/maps/place/Tellement+Spa/data=!4m7!3m6!1s0x478a83f2e038b0cd:0x95278fe540f92f69!8m2!3d44.9286536!4d5.6397254!16s%2Fg%2F1tyzxwp9!19sChIJzbA44PKDikcRaS_5QOWPJ5U?authuser=0&hl=fr&rclk=1
Thermes de Cambo-les-Bains,4.5,,Thermes de Cambo-les-Bains,,Saint-Éliph+France,Centre thermal,https://www.google.com/maps/place/Thermes+de+Cambo-les-Bains/data=!4m7!3m6!1s0xd513a54ea1828dd:0xa3f3e8da5cddbf6!8m2!3d43.3546709!4d-1.3876673!16s%2Fg%2F1td1l9mm!19sChIJ3SgY6lQ6UQ0R9tvNpY0-Pwo?authuser=0&hl=fr&rclk=1
Centre thermal de Castéra-Verduzan,4.2,,Centre thermal de Castéra-Verduzan,,Saint-Élix-d'Astarac+France,Centre thermal,https://www.google.com/maps/place/Centre+thermal+de+Cast%C3%A9ra-Verduzan/data=!4m7!3m6!1s0x12aa27ecaba7bd8f:0x835bc780faaa11dc!8m2!3d43.804431!4d0.4312649!16s%2Fg%2F11c1v04wbc!19sChIJj72nq-wnqhIR3BGq-oDHW4M?authuser=0&hl=fr&rclk=1
Déchèterie de Saint Eliph,3.1,,Déchèterie de Saint Eliph,,Saint-Éliph+France,Centre thermal,https://www.google.com/maps/place/D%C3%A9ch%C3%A8terie+de+Saint+Eliph/data=!4m7!3m6!1s0x47e3eb2191c5a989:0x6078152c97f045d9!8m2!3d48.4524126!4d1.0257818!16s%2Fg%2F11mvts426c!19sChIJianFkSHr40cR2UXwlywVeGA?authuser=0&hl=fr&rclk=1
ValVital - Thermes & Spa Lectoure,4.2,,ValVital - Thermes & Spa Lectoure,,Saint-Élix-d'Astarac+France,Centre thermal,https://www.google.com/maps/place/ValVital+-+Thermes+%26+Spa+Lectoure/data=!4m7!3m6!1s0x12abd2a3ac15c265:0xae3e32f5f9242643!8m2!3d43.9349747!4d0.6178071!16s%2Fg%2F1tfysd78!19sChIJZcIVrKPSqxIRQyYk-fUyPq4?authuser=0&hl=fr&rclk=1
Thermes d'Allevard,4.2,,Thermes d'Allevard,,Monestier-d'Ambel+France,Centre thermal,https://www.google.com/maps/place/Thermes+d%27Allevard/data=!4m7!3m6!1s0x478a4c433909a9fb:0x6849b45d9f265762!8m2!3d45.3908238!4d6.0734329!16s%2Fg%2F1whdh72y!19sChIJ-6kJOUNMikcRYlcmn120SWg?authuser=0&hl=fr&rclk=1
Centre Thermal Thérapeutique d'Uriage (cure),3.8,,Centre Thermal Thérapeutique d'Uriage (cure),,Monestier-d'Ambel+France,Centre thermal,https://www.google.com/maps/place/Centre+Thermal+Th%C3%A9rapeutique+d%27Uriage+%28cure%29/data=!4m7!3m6!1s0x478a6062c105aa4f:0x40eafa90b4168c1d!8m2!3d45.1425842!4d5.8307248!16s%2Fg%2F1xgz9pf8!19sChIJT6oFwWJgikcRHYwWtJD66kA?authuser=0&hl=fr&rclk=1
b’o resort thermal & spa,4.0,,b’o resort thermal & spa,,Fontaine-sous-Jouy+France,Centre thermal,https://www.google.com/maps/place/b%E2%80%99o+resort+thermal+%26+spa/data=!4m7!3m6!1s0x4809920fb7cde013:0xb9f68bb714bc27fa!8m2!3d48.5541499!4d-0.4163055!16s%2Fg%2F1223wsxy!19sChIJE-DNtw-SCUgR-ie8FLeL9rk?authuser=0&hl=fr&rclk=1
SPA Thermal D'Uriage,3.5,,SPA Thermal D'Uriage,,Brié-et-Angonnes+France,Centre thermal,https://www.google.com/maps/place/SPA+Thermal+D%27Uriage/data=!4m7!3m6!1s0x478a61c58c28397d:0x759dce134c0fa079!8m2!3d45.1427348!4d5.8298665!16s%2Fg%2F11y2prghvl!19sChIJfTkojMVhikcReaAPTBPOnXU?authuser=0&hl=fr&rclk=1
Les Grands Bains du Monêtier,4.1,,Les Grands Bains du Monêtier,,Monestier+France,Centre thermal,https://www.google.com/maps/place/Les+Grands+Bains+du+Mon%C3%AAtier/data=!4m7!3m6!1s0x4789f75b64cefd4d:0x9c239ec7a9953596!8m2!3d44.9744155!4d6.505946!16s%2Fg%2F1v3dr05c!19sChIJTf3OZFv3iUcRljWVqceeI5w?authuser=0&hl=fr&rclk=1
Domaine de la Forêt,4.8,,Domaine de la Forêt,,Fontaine-sous-Jouy+France,Centre thermal,https://www.google.com/maps/place/Domaine+de+la+For%C3%AAt/data=!4m10!3m9!1s0x47e1364938854c0f:0xc54d3d4730e590ca!5m2!4m1!1i2!8m2!3d49.0590446!4d1.2708069!16s%2Fg%2F11csp88nbc!19sChIJD0yFOEk24UcRypDlMEc9TcU?authuser=0&hl=fr&rclk=1
Centre Thermal Thérapeutique d'Uriage (cure),3.8,,Centre Thermal Thérapeutique d'Uriage (cure),,Brié-et-Angonnes+France,Centre thermal,https://www.google.com/maps/place/Centre+Thermal+Th%C3%A9rapeutique+d%27Uriage+%28cure%29/data=!4m7!3m6!1s0x478a6062c105aa4f:0x40eafa90b4168c1d!8m2!3d45.1425842!4d5.8307248!16s%2Fg%2F1xgz9pf8!19sChIJT6oFwWJgikcRHYwWtJD66kA?authuser=0&hl=fr&rclk=1
Spa by Sothys du Château des Vigiers,4.6,,Spa by Sothys du Château des Vigiers,,Monestier+France,Centre thermal,https://www.google.com/maps/place/Spa+by+Sothys+du+Ch%C3%A2teau+des+Vigiers/data=!4m7!3m6!1s0x12aab96516707409:0x9d70b9c924f18d6d!8m2!3d44.7907287!4d0.2878779!16s%2Fg%2F11fcv4l1qp!19sChIJCXRwFmW5qhIRbY3xJMm5cJ0?authuser=0&hl=fr&rclk=1
Thermes d'Allevard,4.2,,Thermes d'Allevard,,Brié-et-Angonnes+France,Centre thermal,https://www.google.com/maps/place/Thermes+d%27Allevard/data=!4m7!3m6!1s0x478a4c433909a9fb:0x6849b45d9f265762!8m2!3d45.3908238!4d6.0734329!16s%2Fg%2F1whdh72y!19sChIJ-6kJOUNMikcRYlcmn120SWg?authuser=0&hl=fr&rclk=1
Institut Bien Etre,4.9,,Institut Bien Etre,,Brié-et-Angonnes+France,Centre thermal,https://www.google.com/maps/place/Institut+Bien+Etre/data=!4m7!3m6!1s0x478a8ab943a15f5b:0x84cb8fb95b335d7b!8m2!3d45.1360537!4d5.772411!16s%2Fg%2F1tksm7k7!19sChIJW1-hQ7mKikcRe10zW7mPy4Q?authuser=0&hl=fr&rclk=1
Thermes de Brides-les-Bains,4.1,,Thermes de Brides-les-Bains,,Brié-et-Angonnes+France,Centre thermal,https://www.google.com/maps/place/Thermes+de+Brides-les-Bains/data=!4m7!3m6!1s0x47897e338054f523:0x55a3e69806c9ec38!8m2!3d45.4529206!4d6.5680994!16s%2Fg%2F1hc18hsmp!19sChIJI_VUgDN-iUcROOzJBpjmo1U?authuser=0&hl=fr&rclk=1
Le Grand Spa Thermal,4.4,,Le Grand Spa Thermal,,Brié-et-Angonnes+France,Centre thermal,https://www.google.com/maps/place/Le+Grand+Spa+Thermal/data=!4m7!3m6!1s0x47897f0644144465:0x1e26e5a734e6bfb5!8m2!3d45.4532222!4d6.5677186!16s%2Fg%2F11rz4zcfry!19sChIJZUQURAZ_iUcRtb_mNKflJh4?authuser=0&hl=fr&rclk=1
ValVital - Thermes & Spa Chevalley Aix-les-Bains,3.9,,ValVital - Thermes & Spa Chevalley Aix-les-Bains,,Brié-et-Angonnes+France,Centre thermal,https://www.google.com/maps/place/ValVital+-+Thermes+%26+Spa+Chevalley+Aix-les-Bains/data=!4m7!3m6!1s0x478ba0d94abdabf3:0xcd132e2617c3105a!8m2!3d45.689302!4d5.9199539!16s%2Fg%2F1hm2vtbn8!19sChIJ86u9Stmgi0cRWhDDFyYuE80?authuser=0&hl=fr&rclk=1
Thermes de Bourbon-Lancy,4.5,,Thermes de Bourbon-Lancy,,Brié-et-Angonnes+France,Centre thermal,https://www.google.com/maps/place/Thermes+de+Bourbon-Lancy/data=!4m7!3m6!1s0x47f1703b54b3e551:0x11e87f69086ab4ba!8m2!3d46.6181161!4d3.7696314!16s%2Fg%2F1tfq_rvl!19sChIJUeWzVDtw8UcRurRqCGl_6BE?authuser=0&hl=fr&rclk=1
Thermes de Cambo-les-Bains,4.5,,Thermes de Cambo-les-Bains,,Brié-et-Angonnes+France,Centre thermal,https://www.google.com/maps/place/Thermes+de+Cambo-les-Bains/data=!4m7!3m6!1s0xd513a54ea1828dd:0xa3f3e8da5cddbf6!8m2!3d43.3546709!4d-1.3876673!16s%2Fg%2F1td1l9mm!19sChIJ3SgY6lQ6UQ0R9tvNpY0-Pwo?authuser=0&hl=fr&rclk=1
Spa thermal de Haute Provence,4.3,,Spa thermal de Haute Provence,,Brié-et-Angonnes+France,Centre thermal,https://www.google.com/maps/place/Spa+thermal+de+Haute+Provence/data=!4m7!3m6!1s0x12cb8501d5b50fef:0x59147fdd80845e80!8m2!3d44.0795256!4d6.2635934!16s%2Fg%2F11q42jyqmk!19sChIJ7w-11QGFyxIRgF6EgN1_FFk?authuser=0&hl=fr&rclk=1
Grand Hotel & Spa Uriage,4.4,,Grand Hotel & Spa Uriage,,Brié-et-Angonnes+France,Centre thermal,https://www.google.com/maps/place/Grand+Hotel+%26+Spa+Uriage/data=!4m10!3m9!1s0x478a6063fda76365:0xeed092fecd85291f!5m2!4m1!1i2!8m2!3d45.1427393!4d5.8298728!16s%2Fg%2F1tfcxpwk!19sChIJZWOn_WNgikcRHymFzf6S0O4?authuser=0&hl=fr&rclk=1
Château de la Commanderie,4.4,,Château de la Commanderie,,Brié-et-Angonnes+France,Centre thermal,https://www.google.com/maps/place/Ch%C3%A2teau+de+la+Commanderie/data=!4m10!3m9!1s0x478a8ad652bd5455:0xf2ab086d1844f8b8!5m2!4m1!1i2!8m2!3d45.148173!4d5.7478659!16s%2Fg%2F1tgmv4h1!19sChIJVVS9UtaKikcRuPhEGG0Iq_I?authuser=0&hl=fr&rclk=1
Balineae by Rhône-Alpes Thermal,5.0,,Balineae by Rhône-Alpes Thermal,,Brié-et-Angonnes+France,Centre thermal,https://www.google.com/maps/place/Balineae+by+Rh%C3%B4ne-Alpes+Thermal/data=!4m7!3m6!1s0x478ba0ba3c257d03:0xe6953f736196eea!8m2!3d45.6959271!4d5.9146403!16s%2Fg%2F1q6728t2y!19sChIJA30lPLqgi0cR6m4ZNvdTaQ4?authuser=0&hl=fr&rclk=1
Institut A Corps Parfait,5.0,,Institut A Corps Parfait,,Brié-et-Angonnes+France,Centre thermal,https://www.google.com/maps/place/Institut+A+Corps+Parfait/data=!4m7!3m6!1s0x478a8ad12f7e3715:0x758d69b939b02e24!8m2!3d45.1338354!4d5.7726966!16s%2Fg%2F1tdgj49b!19sChIJFTd-L9GKikcRJC6wOblpjXU?authuser=0&hl=fr&rclk=1
WAVE ISLAND,3.3,,WAVE ISLAND,,Le Monestier+France,Parc aquatique,https://www.google.com/maps/place/WAVE+ISLAND/data=!4m7!3m6!1s0x12b58c85f8a9d91b:0xd65402beb9af534a!8m2!3d44.0209685!4d4.9653771!16s%2Fg%2F11hcf1t5rc!19sChIJG9mp-IWMtRIRSlOvub4CVNY?authuser=0&hl=fr&rclk=1
Parc aquatique Aqua Mundo Center Parcs Les Trois Forêts,4.2,,Parc aquatique Aqua Mundo Center Parcs Les Trois Forêts,,Le Monestier+France,Parc aquatique,https://www.google.com/maps/place/Parc+aquatique+Aqua+Mundo+Center+Parcs+Les+Trois+For%C3%AAts/data=!4m7!3m6!1s0x47940cf9c809f3d7:0xa06e64f07391c86b!8m2!3d48.6213789!4d6.9838248!16s%2Fg%2F11cm057dqd!19sChIJ1_MJyPkMlEcRa8iRc_BkbqA?authuser=0&hl=fr&rclk=1
Tommy's Parc,4.7,,Tommy's Parc,,Saint-Élix-d'Astarac+France,Parc aquatique,https://www.google.com/maps/place/Tommy%27s+Parc/data=!4m7!3m6!1s0x12abdb370c278f29:0x26f8992daba509db!8m2!3d43.9099572!4d0.7603577!16s%2Fg%2F11svdfsb9y!19sChIJKY8nDDfbqxIR2wmlqy2Z-CY?authuser=0&hl=fr&rclk=1
Base de Loisirs du Lac,4.4,,Base de Loisirs du Lac,,Saint-Élix-d'Astarac+France,Parc aquatique,https://www.google.com/maps/place/Base+de+Loisirs+du+Lac/data=!4m7!3m6!1s0x12a96d9ccf744fbd:0xca8f31fd05919ad9!8m2!3d43.5174745!4d0.7629392!16s%2Fg%2F1tdhp52r!19sChIJvU90z5xtqRIR2ZqRBf0xj8o?authuser=0&hl=fr&rclk=1
Parc aquatique et base nautique Aqu’aloa,4.0,,Parc aquatique et base nautique Aqu’aloa,,Le Monestier+France,Parc aquatique,https://www.google.com/maps/place/Parc+aquatique+et+base+nautique+Aqu%E2%80%99aloa/data=!4m7!3m6!1s0x12b29750417bfbbd:0x5aa56d77d1d97fae!8m2!3d44.6673721!4d2.6792726!16s%2Fg%2F11hyt6yfkn!19sChIJvft7QVCXshIRrn_Z0XdtpVo?authuser=0&hl=fr&rclk=1
Les Antilles de Jonzac,4.1,,Les Antilles de Jonzac,,Brie-sous-Barbezieux+France,Parc aquatique,https://www.google.com/maps/place/Les+Antilles+de+Jonzac/data=!4m7!3m6!1s0x480045256fd77f4f:0x7db9176a21c240b4!8m2!3d45.4388534!4d-0.426615!16s%2Fg%2F119pgcty_!19sChIJT3_XbyVFAEgRtEDCIWoXuX0?authuser=0&hl=fr&rclk=1
La Source Wake Park - Wakeboard Aquapark Stand-Up Paddle - Toulouse Sud,4.4,,La Source Wake Park - Wakeboard Aquapark Stand-Up Paddle - Toulouse Sud,,Saint-Élix-d'Astarac+France,Parc aquatique,https://www.google.com/maps/place/La+Source+Wake+Park+-+Wakeboard+Aquapark+Stand-Up+Paddle+-+Toulouse+Sud/data=!4m7!3m6!1s0x12a92d5d439f9409:0x8f885f23d6c70e49!8m2!3d43.3124236!4d1.1915274!16s%2Fg%2F11b88n051b!19sChIJCZSfQ10tqRIRSQ7H1iNfiI8?authuser=0&hl=fr&rclk=1
La Bouscarasse,4.0,,La Bouscarasse,,Le Monestier+France,Parc aquatique,https://www.google.com/maps/place/La+Bouscarasse/data=!4m7!3m6!1s0x12b44a442540f613:0xd473ab87bdc05214!8m2!3d44.037433!4d4.3262812!16s%2Fg%2F1tctzm7q!19sChIJE_ZAJURKtBIRFFLAvYerc9Q?authuser=0&hl=fr&rclk=1
Parc aquatique Aqua Mundo - Center Parcs Domaine Les Bois-Francs,4.0,,Parc aquatique Aqua Mundo - Center Parcs Domaine Les Bois-Francs,,Saint-Élier+France,Parc aquatique,https://www.google.com/maps/place/Parc+aquatique+Aqua+Mundo+-+Center+Parcs+Domaine+Les+Bois-Francs/data=!4m7!3m6!1s0x47e17d43a8ed690d:0xf300cd76ca0653ec!8m2!3d48.728902!4d0.840066!16s%2Fg%2F11cnmwmkff!19sChIJDWntqEN94UcR7FMGynbNAPM?authuser=0&hl=fr&rclk=1
Parc aquatique Aqua Mundo Center Parcs Le Lac d'Ailette,4.1,,Parc aquatique Aqua Mundo Center Parcs Le Lac d'Ailette,,Fontaine-sous-Montdidier+France,Parc aquatique,https://www.google.com/maps/place/Parc+aquatique+Aqua+Mundo+Center+Parcs+Le+Lac+d%27Ailette/data=!4m7!3m6!1s0x47e84fa4d3b4450b:0xa8391a3bc77196f0!8m2!3d49.464759!4d3.68093!16s%2Fg%2F11f4vchj6_!19sChIJC0W006RP6EcR8JZxxzsaOag?authuser=0&hl=fr&rclk=1
Lud’O Parc,3.9,,Lud’O Parc,,Saint-Élix-d'Astarac+France,Parc aquatique,https://www.google.com/maps/place/Lud%E2%80%99O+Parc/data=!4m7!3m6!1s0x12aa4105133d847d:0x1c31965d5e8d2c52!8m2!3d44.1417511!4d0.3445326!16s%2Fg%2F11ckqn5vrb!19sChIJfYQ9EwVBqhIRUiyNXl2WMRw?authuser=0&hl=fr&rclk=1
Parc aquatique Aqua Mundo Center Parcs Le Bois aux Daims,4.4,,Parc aquatique Aqua Mundo Center Parcs Le Bois aux Daims,,Brie-sous-Barbezieux+France,Parc aquatique,https://www.google.com/maps/place/Parc+aquatique+Aqua+Mundo+Center+Parcs+Le+Bois+aux+Daims/data=!4m7!3m6!1s0x47fd61ce839103fb:0xd4ebda7284b88591!8m2!3d47.092859!4d0.000963!16s%2Fg%2F11clytlvdt!19sChIJ-wORg85h_UcRkYW4hHLa69Q?authuser=0&hl=fr&rclk=1
Aqua slide park,4.4,,Aqua slide park,,Saint-Élier+France,Parc aquatique,https://www.google.com/maps/place/Aqua+slide+park/data=!4m7!3m6!1s0x47e64978801ac977:0x27ac01f1cd194be5!8m2!3d49.2110331!4d2.4127098!16s%2Fg%2F11w3_m7x5w!19sChIJd8kagHhJ5kcR5UsZzfEBrCc?authuser=0&hl=fr&rclk=1
Parc aquatique Wibit,4.3,,Parc aquatique Wibit,,Le Monestier+France,Parc aquatique,https://www.google.com/maps/place/Parc+aquatique+Wibit/data=!4m7!3m6!1s0x478c02deda07823b:0xc9cc93d919902db2!8m2!3d46.1523953!4d6.6713589!16s%2Fg%2F11dxjn53g0!19sChIJO4IH2t4CjEcRsi2QGdmTzMk?authuser=0&hl=fr&rclk=1
Aqua slide park,4.4,,Aqua slide park,,Fontaine-sous-Montdidier+France,Parc aquatique,https://www.google.com/maps/place/Aqua+slide+park/data=!4m7!3m6!1s0x47e64978801ac977:0x27ac01f1cd194be5!8m2!3d49.2110331!4d2.4127098!16s%2Fg%2F11w3_m7x5w!19sChIJd8kagHhJ5kcR5UsZzfEBrCc?authuser=0&hl=fr&rclk=1
Parc Aquatique Walygator Sud-Ouest,3.2,,Parc Aquatique Walygator Sud-Ouest,,Saint-Élix-d'Astarac+France,Parc aquatique,https://www.google.com/maps/place/Parc+Aquatique+Walygator+Sud-Ouest/data=!4m7!3m6!1s0x12aa4d9bc76ec45f:0x2af42fc725fe1d1!8m2!3d44.1864809!4d0.5762917!16s%2Fg%2F11f6g2ypd4!19sChIJX8Rux5tNqhIR0eFfcvxCrwI?authuser=0&hl=fr&rclk=1
Aquajump St Yrieix,4.7,,Aquajump St Yrieix,,Brie-sous-Barbezieux+France,Parc aquatique,https://www.google.com/maps/place/Aquajump+St+Yrieix/data=!4m7!3m6!1s0x47fe2f636732a54b:0x632162b42d769e5f!8m2!3d45.6821234!4d0.1496981!16s%2Fg%2F11fm7dnjh1!19sChIJS6UyZ2Mv_kcRX552LbRiIWM?authuser=0&hl=fr&rclk=1
EOLE Aventure,4.4,,EOLE Aventure,,Saint-Élier+France,Parc aquatique,https://www.google.com/maps/place/EOLE+Aventure/data=!4m7!3m6!1s0x480a6589a5f9f74d:0x73534d443e65a716!8m2!3d49.205516!4d-0.2256631!16s%2Fg%2F11b6dm_nqm!19sChIJTff5pYllCkgRFqdlPkRNU3M?authuser=0&hl=fr&rclk=1
Aquaboulevard de Paris,3.7,,Aquaboulevard de Paris,,Le Monestier+France,Parc aquatique,https://www.google.com/maps/place/Aquaboulevard+de+Paris/data=!4m7!3m6!1s0x47e6718b1fbcd4fd:0xa7968d889eb5402a!8m2!3d48.8318042!4d2.2762627!16s%2Fg%2F120hhrtz!19sChIJ_dS8H4tx5kcRKkC1noiNlqc?authuser=0&hl=fr&rclk=1
AquaFun' Park,4.5,,AquaFun' Park,,Saint-Élix-d'Astarac+France,Parc aquatique,https://www.google.com/maps/place/AquaFun%27+Park/data=!4m7!3m6!1s0x12aa7979671cd51f:0xf652172a17b11abf!8m2!3d44.2955424!4d0.0713565!16s%2Fg%2F11clwly6jy!19sChIJH9UcZ3l5qhIRvxqxFyoXUvY?authuser=0&hl=fr&rclk=1
aquajump27,4.3,,aquajump27,,Saint-Élier+France,Parc aquatique,https://www.google.com/maps/place/aquajump27/data=!4m7!3m6!1s0x47e1277fb4efb353:0xa9de3b3f2137dc1e!8m2!3d49.3017272!4d1.2148916!16s%2Fg%2F11np3mrkks!19sChIJU7PvtH8n4UcRHtw3IT873qk?authuser=0&hl=fr&rclk=1
Piscine Alex Gobin,4.4,,Piscine Alex Gobin,,Fontaine-sous-Montdidier+France,Parc aquatique,https://www.google.com/maps/place/Piscine+Alex+Gobin/data=!4m7!3m6!1s0x47e7c1dee57b06d5:0x9078a42b2d5bd219!8m2!3d49.637392!4d2.5607225!16s%2Fg%2F11fkljyky2!19sChIJ1QZ75d7B50cRGdJbLSukeJA?authuser=0&hl=fr&rclk=1
Parc et Centre Aquatique Iléo à Oléron,3.4,,Parc et Centre Aquatique Iléo à Oléron,,Brie-sous-Barbezieux+France,Parc aquatique,https://www.google.com/maps/place/Parc+et+Centre+Aquatique+Il%C3%A9o+%C3%A0+Ol%C3%A9ron/data=!4m7!3m6!1s0x48015ff5f2182215:0xc392780906784874!8m2!3d45.9124068!4d-1.2519425!16s%2Fg%2F1q62mn2k4!19sChIJFSIY8vVfAUgRdEh4Bgl4ksM?authuser=0&hl=fr&rclk=1
Parc aquatique,5.0,,Parc aquatique,,Le Monestier+France,Parc aquatique,https://www.google.com/maps/place/Parc+aquatique/data=!4m7!3m6!1s0x47f9a7149e6a5973:0x6c00cdb9f81e333!8m2!3d45.7903872!4d1.8977182!16s%2Fg%2F11jkwt4968!19sChIJc1lqnhSn-UcRM-OBn9sMwAY?authuser=0&hl=fr&rclk=1
Le Dôme,4.3,,Le Dôme,,Saint-Élier+France,Parc aquatique,https://www.google.com/maps/place/Le+D%C3%B4me/data=!4m7!3m6!1s0x47e17d69db837cbb:0x3f355f2ea5f3736c!8m2!3d48.7284774!4d0.8399143!16s%2Fg%2F11g8dk9ss1!19sChIJu3yD22l94UcRbHPzpS5fNT8?authuser=0&hl=fr&rclk=1
Parc aquatique Aqua Mundo - Center Parcs Domaine Les Bois-Francs,4.0,,Parc aquatique Aqua Mundo - Center Parcs Domaine Les Bois-Francs,,Fontaine-sous-Montdidier+France,Parc aquatique,https://www.google.com/maps/place/Parc+aquatique+Aqua+Mundo+-+Center+Parcs+Domaine+Les+Bois-Francs/data=!4m7!3m6!1s0x47e17d43a8ed690d:0xf300cd76ca0653ec!8m2!3d48.728902!4d0.840066!16s%2Fg%2F11cnmwmkff!19sChIJDWntqEN94UcR7FMGynbNAPM?authuser=0&hl=fr&rclk=1
Centre de Loisirs Aqualudique de Condom,4.1,,Centre de Loisirs Aqualudique de Condom,,Saint-Élix-d'Astarac+France,Parc aquatique,https://www.google.com/maps/place/Centre+de+Loisirs+Aqualudique+de+Condom/data=!4m7!3m6!1s0x12aa3cb066d0b07b:0x264586eb700eb313!8m2!3d43.9497701!4d0.3635681!16s%2Fg%2F11bzym8j8c!19sChIJe7DQZrA8qhIRE7MOcOuGRSY?authuser=0&hl=fr&rclk=1
Center Parcs Les Bois-Francs,3.5,,Center Parcs Les Bois-Francs,,Saint-Élier+France,Parc aquatique,https://www.google.com/maps/place/Center+Parcs+Les+Bois-Francs/data=!4m10!3m9!1s0x47e17d76a225418f:0x5f085864083140b2!5m2!4m1!1i2!8m2!3d48.7240023!4d0.8339364!16s%2Fg%2F1hc1ht8r6!19sChIJj0ElonZ94UcRskAxCGRYCF8?authuser=0&hl=fr&rclk=1
Parc aquatique Aqua Mundo Center Parcs Le Bois aux Daims,4.4,,Parc aquatique Aqua Mundo Center Parcs Le Bois aux Daims,,Fontaine-sous-Montdidier+France,Parc aquatique,https://www.google.com/maps/place/Parc+aquatique+Aqua+Mundo+Center+Parcs+Le+Bois+aux+Daims/data=!4m7!3m6!1s0x47fd61ce839103fb:0xd4ebda7284b88591!8m2!3d47.092859!4d0.000963!16s%2Fg%2F11clytlvdt!19sChIJ-wORg85h_UcRkYW4hHLa69Q?authuser=0&hl=fr&rclk=1
Aqua Mundo du Bois aux Daims,4.5,,Aqua Mundo du Bois aux Daims,,Brie-sous-Barbezieux+France,Parc aquatique,https://www.google.com/maps/place/Aqua+Mundo+du+Bois+aux+Daims/data=!4m7!3m6!1s0x47fd6112c0f095eb:0x56993c0d11af6df5!8m2!3d47.0917518!4d0.012776!16s%2Fg%2F11t_zllh83!19sChIJ65XwwBJh_UcR9W2vEQ08mVY?authuser=0&hl=fr&rclk=1
Aquaparc La Ferté Macé,3.8,,Aquaparc La Ferté Macé,,Saint-Élier+France,Parc aquatique,https://www.google.com/maps/place/Aquaparc+La+Fert%C3%A9+Mac%C3%A9/data=!4m7!3m6!1s0x48098d6720004e87:0xe39b89f4e6a4354f!8m2!3d48.5914681!4d-0.3701921!16s%2Fg%2F11sty88h1b!19sChIJh04AIGeNCUgRTzWk5vSJm-M?authuser=0&hl=fr&rclk=1
Casse fer metaux charentaise,4.7,,Casse fer metaux charentaise,,Brie-sous-Barbezieux+France,Parc aquatique,https://www.google.com/maps/place/Casse+fer+metaux+charentaise/data=!4m7!3m6!1s0x48007707f758399d:0xe0041b77cea984a8!8m2!3d45.4207713!4d-0.0381087!16s%2Fg%2F11cnwkgz33!19sChIJnTlY9wd3AEgRqISpzncbBOA?authuser=0&hl=fr&rclk=1
Aquaboulevard de Paris,3.7,,Aquaboulevard de Paris,,Fontaine-sous-Montdidier+France,Parc aquatique,https://www.google.com/maps/place/Aquaboulevard+de+Paris/data=!4m7!3m6!1s0x47e6718b1fbcd4fd:0xa7968d889eb5402a!8m2!3d48.8318042!4d2.2762627!16s%2Fg%2F120hhrtz!19sChIJ_dS8H4tx5kcRKkC1noiNlqc?authuser=0&hl=fr&rclk=1
Aquaboulevard de Paris,3.7,,Aquaboulevard de Paris,,Saint-Élier+France,Parc aquatique,https://www.google.com/maps/place/Aquaboulevard+de+Paris/data=!4m7!3m6!1s0x47e6718b1fbcd4fd:0xa7968d889eb5402a!8m2!3d48.8318042!4d2.2762627!16s%2Fg%2F120hhrtz!19sChIJ_dS8H4tx5kcRKkC1noiNlqc?authuser=0&hl=fr&rclk=1
SPLASH PARK LA PALMYRE,4.7,,SPLASH PARK LA PALMYRE,,Brie-sous-Barbezieux+France,Parc aquatique,https://www.google.com/maps/place/SPLASH+PARK+LA+PALMYRE/data=!4m7!3m6!1s0x48017d6b931664dd:0xc116355cd1137328!8m2!3d45.7322314!4d-1.164065!16s%2Fg%2F11xnrlbz60!19sChIJ3WQWk2t9AUgRKHMT0Vw1FsE?authuser=0&hl=fr&rclk=1
Parc de Léry-Poses,4.2,,Parc de Léry-Poses,,Saint-Élier+France,Parc aquatique,https://www.google.com/maps/place/Parc+de+L%C3%A9ry-Poses/data=!4m7!3m6!1s0x47e1289bac44658f:0xe940a5c757b0bf2a!8m2!3d49.302783!4d1.209404!16s%2Fg%2F1210xpzl!19sChIJj2VErJso4UcRKr-wV8elQOk?authuser=0&hl=fr&rclk=1
Parc aquatique Aqua Mundo Center Parcs Les Hauts de Bruyères,4.2,,Parc aquatique Aqua Mundo Center Parcs Les Hauts de Bruyères,,Fontaine-sous-Montdidier+France,Parc aquatique,https://www.google.com/maps/place/Parc+aquatique+Aqua+Mundo+Center+Parcs+Les+Hauts+de+Bruy%C3%A8res/data=!4m7!3m6!1s0x47e4d99a9638a48f:0x9187dc0642c71afd!8m2!3d47.6202!4d1.934931!16s%2Fg%2F11cmccytdq!19sChIJj6Q4lprZ5EcR_RrHQgbch5E?authuser=0&hl=fr&rclk=1
Parc aquatique Aqua Mundo Center Parcs Le Lac d'Ailette,4.1,,Parc aquatique Aqua Mundo Center Parcs Le Lac d'Ailette,,Saint-Élier+France,Parc aquatique,https://www.google.com/maps/place/Parc+aquatique+Aqua+Mundo+Center+Parcs+Le+Lac+d%27Ailette/data=!4m7!3m6!1s0x47e84fa4d3b4450b:0xa8391a3bc77196f0!8m2!3d49.464759!4d3.68093!16s%2Fg%2F11f4vchj6_!19sChIJC0W006RP6EcR8JZxxzsaOag?authuser=0&hl=fr&rclk=1
WAVE ISLAND,3.3,,WAVE ISLAND,,Fontaine-sous-Montdidier+France,Parc aquatique,https://www.google.com/maps/place/WAVE+ISLAND/data=!4m7!3m6!1s0x12b58c85f8a9d91b:0xd65402beb9af534a!8m2!3d44.0209685!4d4.9653771!16s%2Fg%2F11hcf1t5rc!19sChIJG9mp-IWMtRIRSlOvub4CVNY?authuser=0&hl=fr&rclk=1
Festyland,4.4,,Festyland,,Saint-Élier+France,Parc aquatique,https://www.google.com/maps/place/Festyland/data=!4m7!3m6!1s0x480a4342a12f88a5:0x726330e142bf4fa1!8m2!3d49.1844246!4d-0.427225!16zL20vMGJ0MF80!19sChIJpYgvoUJDCkgRoU-_QuEwY3I?authuser=0&hl=fr&rclk=1
Aquasplash,3.2,,Aquasplash,,Fontaine-sous-Montdidier+France,Parc aquatique,https://www.google.com/maps/place/Aquasplash/data=!4m7!3m6!1s0x12cdd4e53094e195:0x3231a5821eee6141!8m2!3d43.615356!4d7.124161!16s%2Fg%2F12hmcfpvc!19sChIJleGUMOXUzRIRQWHuHoKlMTI?authuser=0&hl=fr&rclk=1
Tolysland,4.3,,Tolysland,,Saint-Élier+France,Parc aquatique,https://www.google.com/maps/place/Tolysland/data=!4m7!3m6!1s0x47e12d18b93b3ab5:0x7e81e24ee65b5fdb!8m2!3d49.23229!4d1.378945!16s%2Fg%2F1tfdy40n!19sChIJtTo7uRgt4UcR219b5k7igX4?authuser=0&hl=fr&rclk=1
Aquaclub de Belle Dune,3.7,,Aquaclub de Belle Dune,,Saint-Élier+France,Parc aquatique,https://www.google.com/maps/place/Aquaclub+de+Belle+Dune/data=!4m7!3m6!1s0x47dde757c63161c9:0x1f3b423d2646af74!8m2!3d50.3307365!4d1.5662156!16s%2Fg%2F1wg5x8s0!19sChIJyWExxlfn3UcRdK9GJj1COx8?authuser=0&hl=fr&rclk=1
Aqua Bubble Boom Chour,4.4,,Aqua Bubble Boom Chour,,Fontaine-sous-Montdidier+France,Parc aquatique,https://www.google.com/maps/place/Aqua+Bubble+Boom+Chour/data=!4m7!3m6!1s0x47f2b96d26628ae3:0xf69762e65c4b3f5e!8m2!3d47.0561794!4d5.2352474!16s%2Fg%2F11qfy5qwt9!19sChIJ44piJm258kcRXj9LXOZil_Y?authuser=0&hl=fr&rclk=1
Parc Hérouval,3.7,,Parc Hérouval,,Saint-Élier+France,Parc aquatique,https://www.google.com/maps/place/Parc+H%C3%A9rouval/data=!4m7!3m6!1s0x47e6e0af9a34a485:0x431fc4e8f1c20ace!8m2!3d49.246874!4d1.789934!16s%2Fg%2F1tplk182!19sChIJhaQ0mq_g5kcRzgrC8ejEH0M?authuser=0&hl=fr&rclk=1
Aqua Der,4.1,,Aqua Der,,Fontaine-sous-Montdidier+France,Parc aquatique,https://www.google.com/maps/place/Aqua+Der/data=!4m7!3m6!1s0x47ec77ebe53a1827:0xaa4c791e4ec3e17d!8m2!3d48.6061173!4d4.7454766!16s%2Fg%2F11q7_0kt2s!19sChIJJxg65et37EcRfeHDTh55TKo?authuser=0&hl=fr&rclk=1
Espace Aquatique Condé,4.1,,Espace Aquatique Condé,,Saint-Élier+France,Parc aquatique,https://www.google.com/maps/place/Espace+Aquatique+Cond%C3%A9/data=!4m7!3m6!1s0x480a2fb214be3963:0xadc8efe389a339c9!8m2!3d48.8507374!4d-0.5576866!16s%2Fg%2F1vzn4ytw!19sChIJYzm-FLIvCkgRyTmjiePvyK0?authuser=0&hl=fr&rclk=1
Aqualibi,3.9,,Aqualibi,,Fontaine-sous-Montdidier+France,Parc aquatique,https://www.google.com/maps/place/Aqualibi/data=!4m7!3m6!1s0x47c17d8f1cdf1977:0x5433c79509a99261!8m2!3d50.7013445!4d4.5936447!16s%2Fg%2F121hxfk3!19sChIJdxnfHI99wUcRYZKpCZXHM1Q?authuser=0&hl=fr&rclk=1
Aqua Mundo -Villages Nature,4.2,,Aqua Mundo -Villages Nature,,Saint-Élier+France,Parc aquatique,https://www.google.com/maps/place/Aqua+Mundo+-Villages+Nature/data=!4m7!3m6!1s0x47e8a8b117e14b23:0x5a0e6789e8354b1e!8m2!3d48.82876!4d2.817801!16s%2Fg%2F11ddx46b47!19sChIJI0vhF7Go6EcRHks16IlnDlo?authuser=0&hl=fr&rclk=1
Bellewaerde Aquapark,3.7,,Bellewaerde Aquapark,,Fontaine-sous-Montdidier+France,Parc aquatique,https://www.google.com/maps/place/Bellewaerde+Aquapark/data=!4m7!3m6!1s0x47dccdd66065eb35:0xd7bce226f25e684b!8m2!3d50.8463824!4d2.9487755!16s%2Fg%2F11g0wgkx_9!19sChIJNetlYNbN3EcRS2he8ibivNc?authuser=0&hl=fr&rclk=1
Slidesparc,4.3,,Slidesparc,,Saint-Élier+France,Parc aquatique,https://www.google.com/maps/place/Slidesparc/data=!4m7!3m6!1s0x47f54726b5f33711:0xeb894e0ea847cd7!8m2!3d45.1757396!4d4.883282!16s%2Fg%2F11h6rr_jnq!19sChIJETfztSZH9UcR13yE6uCUuA4?authuser=0&hl=fr&rclk=1
Atlantic Toboggan,4.0,,Atlantic Toboggan,,Fontaine-sous-Montdidier+France,Parc aquatique,https://www.google.com/maps/place/Atlantic+Toboggan/data=!4m7!3m6!1s0x4804561d5e901d67:0x258896fd4f24c06b!8m2!3d46.7586033!4d-2.024573!16s%2Fg%2F1tdc956c!19sChIJZx2QXh1WBEgRa8AkT_2WiCU?authuser=0&hl=fr&rclk=1
WAVE ISLAND,3.3,,WAVE ISLAND,,Saint-Élier+France,Parc aquatique,https://www.google.com/maps/place/WAVE+ISLAND/data=!4m7!3m6!1s0x12b58c85f8a9d91b:0xd65402beb9af534a!8m2!3d44.0209685!4d4.9653771!16s%2Fg%2F11hcf1t5rc!19sChIJG9mp-IWMtRIRSlOvub4CVNY?authuser=0&hl=fr&rclk=1
Aqualand Cap D'Agde - Parc Aquatique,3.3,,Aqualand Cap D'Agde - Parc Aquatique,,Fontaine-sous-Montdidier+France,Parc aquatique,https://www.google.com/maps/place/Aqualand+Cap+D%27Agde+-+Parc+Aquatique/data=!4m7!3m6!1s0x12b13cabc9ac1e7f:0x367dfec26e8312a4!8m2!3d43.279629!4d3.497777!16s%2Fg%2F1tdjlh3l!19sChIJfx6syas8sRIRpBKDbsL-fTY?authuser=0&hl=fr&rclk=1
Nuit2spa,5.0,,Nuit2spa,,Brie-Comte-Robert+France,Hôtel avec spa,https://www.google.com/maps/place/Nuit2spa/data=!4m7!3m6!1s0x47e609f72fbb09dd:0x3900e7255c646b0c!8m2!3d48.6907248!4d2.6090768!16s%2Fg%2F11mm3h48mv!19sChIJ3Qm7L_cJ5kcRDGtkXCXnADk?authuser=0&hl=fr&rclk=1
Parc d'Attractions Aquatic Landes / Labenne,3.6,,Parc d'Attractions Aquatic Landes / Labenne,,Saint-Élier+France,Parc aquatique,https://www.google.com/maps/place/Parc+d%27Attractions+Aquatic+Landes+%2F+Labenne/data=!4m7!3m6!1s0xd514488fe12707f:0xcb6cf6d5bdb04aed!8m2!3d43.5948793!4d-1.4533072!16s%2Fg%2F1tczx7_d!19sChIJf3AS_ohEUQ0R7UqwvdX2bMs?authuser=0&hl=fr&rclk=1
Center Parcs Villages Nature Paris,3.5,,Center Parcs Villages Nature Paris,,Fontaine-sous-Montdidier+France,Parc aquatique,https://www.google.com/maps/place/Center+Parcs+Villages+Nature+Paris/data=!4m10!3m9!1s0x47e8a81a1098e0a5:0xf1cba4098c5ae3f0!5m2!4m1!1i2!8m2!3d48.8322069!4d2.8271913!16s%2Fg%2F122_sff4!19sChIJpeCYEBqo6EcR8ONajAmky_E?authuser=0&hl=fr&rclk=1
"Les Demeures de Varennes, BW Signature Collection",4.2,,"Les Demeures de Varennes, BW Signature Collection",,Brie-Comte-Robert+France,Hôtel avec spa,"https://www.google.com/maps/place/Les+Demeures+de+Varennes,+BW+Signature+Collection/data=!4m10!3m9!1s0x47e5e26e434a0da5:0x7a7933150404d150!5m2!4m1!1i2!8m2!3d48.6786111!4d2.5613889!16s%2Fg%2F1tg_wd1m!19sChIJpQ1KQ27i5UcRUNEEBBUzeXo?authuser=0&hl=fr&rclk=1"
Les Jardins Aquatiques,4.2,,Les Jardins Aquatiques,,Fontaine-sous-Montdidier+France,Parc aquatique,https://www.google.com/maps/place/Les+Jardins+Aquatiques/data=!4m7!3m6!1s0x47f363eb66bde573:0x4023592282b1d3bf!8m2!3d46.169057!4d4.8352276!16s%2Fg%2F12xq3bf00!19sChIJc-W9Zutj80cRv9OxgiJZI0A?authuser=0&hl=fr&rclk=1
Aquapark - Bzhwakepark,4.5,,Aquapark - Bzhwakepark,,Saint-Élier+France,Parc aquatique,https://www.google.com/maps/place/Aquapark+-+Bzhwakepark/data=!4m7!3m6!1s0x480e6b2103f4c8b1:0x922a50a62541d2a0!8m2!3d48.3876925!4d-2.3341484!16s%2Fg%2F11svm96h2d!19sChIJscj0AyFrDkgRoNJBJaZQKpI?authuser=0&hl=fr&rclk=1
Spa la Bulle Dos,4.8,,Spa la Bulle Dos,,Brie-Comte-Robert+France,Hôtel avec spa,https://www.google.com/maps/place/Spa+la+Bulle+Dos/data=!4m7!3m6!1s0x47e6081b17453b11:0xce5c2f763efbd9da!8m2!3d48.6965586!4d2.609684!16s%2Fg%2F1v16plsk!19sChIJETtFFxsI5kcR2tn7PnYvXM4?authuser=0&hl=fr&rclk=1
le douxplex,4.5,8,le douxplex,,Brie-Comte-Robert+France,Hôtel avec spa,https://www.google.com/maps/place/le+douxplex/data=!4m7!3m6!1s0x47e609945e7bcbaf:0x4ec8df8409a33769!8m2!3d48.6965586!4d2.609684!16s%2Fg%2F11n__ypmf4!19sChIJr8t7XpQJ5kcRaTejCYTfyE4?authuser=0&hl=fr&rclk=1
Domaine de Bellevue,4.6,,Domaine de Bellevue,,Brie-Comte-Robert+France,Hôtel avec spa,https://www.google.com/maps/place/Domaine+de+Bellevue/data=!4m10!3m9!1s0x47e8a98ba46939cf:0x5fc4710bb8177c7!5m2!4m1!1i2!8m2!3d48.7680697!4d2.8360825!16s%2Fg%2F11b69_r4pn!19sChIJzzlppIup6EcRx3eBuxBH_AU?authuser=0&hl=fr&rclk=1
Centre Aquatique intercommunal de Prapoutel,3.8,,Centre Aquatique intercommunal de Prapoutel,,Brié-et-Angonnes+France,Parc aquatique,https://www.google.com/maps/place/Centre+Aquatique+intercommunal+de+Prapoutel/data=!4m7!3m6!1s0x478a44d795096641:0x1f82ed8461888694!8m2!3d45.2546298!4d5.994089!16s%2Fg%2F1q5bn1w_9!19sChIJQWYJlddEikcRlIaIYYTtgh8?authuser=0&hl=fr&rclk=1
Parc aquatique Aqua Mundo - Center Parcs Domaine Les Bois-Francs,4.0,,Parc aquatique Aqua Mundo - Center Parcs Domaine Les Bois-Francs,,Fontaine-sous-Jouy+France,Parc aquatique,https://www.google.com/maps/place/Parc+aquatique+Aqua+Mundo+-+Center+Parcs+Domaine+Les+Bois-Francs/data=!4m7!3m6!1s0x47e17d43a8ed690d:0xf300cd76ca0653ec!8m2!3d48.728902!4d0.840066!16s%2Fg%2F11cnmwmkff!19sChIJDWntqEN94UcR7FMGynbNAPM?authuser=0&hl=fr&rclk=1
Parc d'Attractions Aquatic Landes / Labenne,3.6,,Parc d'Attractions Aquatic Landes / Labenne,,La Fontaine-Saint-Martin+France,Parc aquatique,https://www.google.com/maps/place/Parc+d%27Attractions+Aquatic+Landes+%2F+Labenne/data=!4m7!3m6!1s0xd514488fe12707f:0xcb6cf6d5bdb04aed!8m2!3d43.5948793!4d-1.4533072!16s%2Fg%2F1tczx7_d!19sChIJf3AS_ohEUQ0R7UqwvdX2bMs?authuser=0&hl=fr&rclk=1
Centre Aquatique Intercommunal du Champsaur Valgaudemar,4.0,,Centre Aquatique Intercommunal du Champsaur Valgaudemar,,Monestier-d'Ambel+France,Parc aquatique,https://www.google.com/maps/place/Centre+Aquatique+Intercommunal+du+Champsaur+Valgaudemar/data=!4m7!3m6!1s0x12cb47e558832e9b:0x2ba239a80f080cf9!8m2!3d44.6770542!4d6.0831049!16s%2Fg%2F11c48sjr2s!19sChIJmy6DWOVHyxIR-QwID6g5ois?authuser=0&hl=fr&rclk=1
Base de loisirs intercommunale - Lac de La Terrasse,3.7,,Base de loisirs intercommunale - Lac de La Terrasse,,Brié-et-Angonnes+France,Parc aquatique,https://www.google.com/maps/place/Base+de+loisirs+intercommunale+-+Lac+de+La+Terrasse/data=!4m7!3m6!1s0x478a50c2e12183f9:0x50b9426ce4eab23c!8m2!3d45.3166582!4d5.9440711!16s%2Fg%2F1tfsg8xx!19sChIJ-YMh4cJQikcRPLLq5GxCuVA?authuser=0&hl=fr&rclk=1
Parc aquatique du Perche,4.1,,Parc aquatique du Perche,,Fontaine-sous-Jouy+France,Parc aquatique,https://www.google.com/maps/place/Parc+aquatique+du+Perche/data=!4m7!3m6!1s0x47e3c27e95a0d4e5:0xef2895d8afed7b11!8m2!3d48.5126247!4d1.0193802!16s%2Fg%2F1tf6fy9q!19sChIJ5dSglX7C40cREXvtr9iVKO8?authuser=0&hl=fr&rclk=1
Parc aquatique Aqua Mundo - Center Parcs Domaine Les Bois-Francs,4.0,,Parc aquatique Aqua Mundo - Center Parcs Domaine Les Bois-Francs,,Monestier+France,Parc aquatique,https://www.google.com/maps/place/Parc+aquatique+Aqua+Mundo+-+Center+Parcs+Domaine+Les+Bois-Francs/data=!4m7!3m6!1s0x47e17d43a8ed690d:0xf300cd76ca0653ec!8m2!3d48.728902!4d0.840066!16s%2Fg%2F11cnmwmkff!19sChIJDWntqEN94UcR7FMGynbNAPM?authuser=0&hl=fr&rclk=1
Atlantic Toboggan,4.0,,Atlantic Toboggan,,La Fontaine-Saint-Martin+France,Parc aquatique,https://www.google.com/maps/place/Atlantic+Toboggan/data=!4m7!3m6!1s0x4804561d5e901d67:0x258896fd4f24c06b!8m2!3d46.7586033!4d-2.024573!16s%2Fg%2F1tdc956c!19sChIJZx2QXh1WBEgRa8AkT_2WiCU?authuser=0&hl=fr&rclk=1
Centre Aquatique intercommunal de Prapoutel,3.8,,Centre Aquatique intercommunal de Prapoutel,,Monestier-d'Ambel+France,Parc aquatique,https://www.google.com/maps/place/Centre+Aquatique+intercommunal+de+Prapoutel/data=!4m7!3m6!1s0x478a44d795096641:0x1f82ed8461888694!8m2!3d45.2546298!4d5.994089!16s%2Fg%2F1q5bn1w_9!19sChIJQWYJlddEikcRlIaIYYTtgh8?authuser=0&hl=fr&rclk=1
Fun Zone Aquaparc,4.7,,Fun Zone Aquaparc,,Brié-et-Angonnes+France,Parc aquatique,https://www.google.com/maps/place/Fun+Zone+Aquaparc/data=!4m7!3m6!1s0x478b7396d07bf8f7:0xd7b667935fccfcb!8m2!3d45.7754076!4d5.769663!16s%2Fg%2F11v3_xzfy4!19sChIJ9_h70JZzi0cRy8_8NXlmew0?authuser=0&hl=fr&rclk=1
Centre Aquatique Aquaval,4.0,,Centre Aquatique Aquaval,,Fontaine-sous-Jouy+France,Parc aquatique,https://www.google.com/maps/place/Centre+Aquatique+Aquaval/data=!4m7!3m6!1s0x47e132f9deb52a21:0xc37e88accbc20e7b!8m2!3d49.1621342!4d1.3492832!16s%2Fg%2F1tqtx4_w!19sChIJISq13vky4UcRew7Cy6yIfsM?authuser=0&hl=fr&rclk=1
Aquaparc BE FUN Mâcon/Cormoranche,4.9,,Aquaparc BE FUN Mâcon/Cormoranche,,La Fontaine-Saint-Martin+France,Parc aquatique,https://www.google.com/maps/place/Aquaparc+BE+FUN+M%C3%A2con%2FCormoranche/data=!4m7!3m6!1s0x47f3650219b6f755:0x9fc494a9da09ae70!8m2!3d46.2528512!4d4.8241561!16s%2Fg%2F11jcnwls83!19sChIJVfe2GQJl80cRcK4J2qmUxJ8?authuser=0&hl=fr&rclk=1
Parc aquatique Aqua Mundo Center Parcs Les Trois Forêts,4.2,,Parc aquatique Aqua Mundo Center Parcs Les Trois Forêts,,Monestier+France,Parc aquatique,https://www.google.com/maps/place/Parc+aquatique+Aqua+Mundo+Center+Parcs+Les+Trois+For%C3%AAts/data=!4m7!3m6!1s0x47940cf9c809f3d7:0xa06e64f07391c86b!8m2!3d48.6213789!4d6.9838248!16s%2Fg%2F11cm057dqd!19sChIJ1_MJyPkMlEcRa8iRc_BkbqA?authuser=0&hl=fr&rclk=1
Base de loisirs intercommunale - Lac de La Terrasse,3.7,,Base de loisirs intercommunale - Lac de La Terrasse,,Monestier-d'Ambel+France,Parc aquatique,https://www.google.com/maps/place/Base+de+loisirs+intercommunale+-+Lac+de+La+Terrasse/data=!4m7!3m6!1s0x478a50c2e12183f9:0x50b9426ce4eab23c!8m2!3d45.3166582!4d5.9440711!16s%2Fg%2F1tfsg8xx!19sChIJ-YMh4cJQikcRPLLq5GxCuVA?authuser=0&hl=fr&rclk=1
AquaFUN,4.7,,AquaFUN,,Brié-et-Angonnes+France,Parc aquatique,https://www.google.com/maps/place/AquaFUN/data=!4m7!3m6!1s0x478a5124a7add5cb:0xc968f21d3fa88478!8m2!3d45.3169874!4d5.9449393!16s%2Fg%2F11v3mzsqxj!19sChIJy9WtpyRRikcReISoPx3yaMk?authuser=0&hl=fr&rclk=1
aquajump27,4.3,,aquajump27,,Fontaine-sous-Jouy+France,Parc aquatique,https://www.google.com/maps/place/aquajump27/data=!4m7!3m6!1s0x47e1277fb4efb353:0xa9de3b3f2137dc1e!8m2!3d49.3017272!4d1.2148916!16s%2Fg%2F11np3mrkks!19sChIJU7PvtH8n4UcRHtw3IT873qk?authuser=0&hl=fr&rclk=1
O'Gliss Park,4.0,,O'Gliss Park,,La Fontaine-Saint-Martin+France,Parc aquatique,https://www.google.com/maps/place/O%27Gliss+Park/data=!4m7!3m6!1s0x48041838fbcd0fa3:0xf86c307bbd3f89e!8m2!3d46.4555894!4d-1.4186926!16s%2Fg%2F1td3kzhh!19sChIJow_N-zgYBEgRnvjTuwfDhg8?authuser=0&hl=fr&rclk=1
Parc aquatique Wibit,4.3,,Parc aquatique Wibit,,Monestier+France,Parc aquatique,https://www.google.com/maps/place/Parc+aquatique+Wibit/data=!4m7!3m6!1s0x478c02deda07823b:0xc9cc93d919902db2!8m2!3d46.1523953!4d6.6713589!16s%2Fg%2F11dxjn53g0!19sChIJO4IH2t4CjEcRsi2QGdmTzMk?authuser=0&hl=fr&rclk=1
"Vallée Bleue, base de loisirs",4.1,,"Vallée Bleue, base de loisirs",,Monestier-d'Ambel+France,Parc aquatique,"https://www.google.com/maps/place/Vall%C3%A9e+Bleue,+base+de+loisirs/data=!4m10!3m9!1s0x478b4639b0226d1f:0x2418f1ae77750f21!5m2!4m1!1i2!8m2!3d45.8243445!4d5.4203837!16s%2Fg%2F1tj2mbzg!19sChIJH20isDlGi0cRIQ91d67xGCQ?authuser=0&hl=fr&rclk=1"
Tolysland,4.3,,Tolysland,,Fontaine-sous-Jouy+France,Parc aquatique,https://www.google.com/maps/place/Tolysland/data=!4m7!3m6!1s0x47e12d18b93b3ab5:0x7e81e24ee65b5fdb!8m2!3d49.23229!4d1.378945!16s%2Fg%2F1tfdy40n!19sChIJtTo7uRgt4UcR219b5k7igX4?authuser=0&hl=fr&rclk=1
Espace aqualudique,5.0,,Espace aqualudique,,Brié-et-Angonnes+France,Parc aquatique,https://www.google.com/maps/place/Espace+aqualudique/data=!4m7!3m6!1s0x478bdd0031afdb33:0xc098d972a25b2223!8m2!3d45.7163546!4d6.4570256!16s%2Fg%2F11w7nsc9m9!19sChIJM9uvMQDdi0cRIyJbonLZmMA?authuser=0&hl=fr&rclk=1
WAVE ISLAND,3.3,,WAVE ISLAND,,La Fontaine-Saint-Martin+France,Parc aquatique,https://www.google.com/maps/place/WAVE+ISLAND/data=!4m7!3m6!1s0x12b58c85f8a9d91b:0xd65402beb9af534a!8m2!3d44.0209685!4d4.9653771!16s%2Fg%2F11hcf1t5rc!19sChIJG9mp-IWMtRIRSlOvub4CVNY?authuser=0&hl=fr&rclk=1
Walygator Sud-Ouest - Parc d'Attractions,3.8,,Walygator Sud-Ouest - Parc d'Attractions,,Monestier+France,Parc aquatique,https://www.google.com/maps/place/Walygator+Sud-Ouest+-+Parc+d%27Attractions/data=!4m7!3m6!1s0x12aa4bbfffffffff:0xa8044d515dca566d!8m2!3d44.1866939!4d0.5761217!16s%2Fg%2F121zpgqv!19sChIJ_____79LqhIRbVbKXVFNBKg?authuser=0&hl=fr&rclk=1
WAVE ISLAND,3.3,,WAVE ISLAND,,Monestier-d'Ambel+France,Parc aquatique,https://www.google.com/maps/place/WAVE+ISLAND/data=!4m7!3m6!1s0x12b58c85f8a9d91b:0xd65402beb9af534a!8m2!3d44.0209685!4d4.9653771!16s%2Fg%2F11hcf1t5rc!19sChIJG9mp-IWMtRIRSlOvub4CVNY?authuser=0&hl=fr&rclk=1
Centre Aquatique - Aqualude,3.7,,Centre Aquatique - Aqualude,,Fontaine-sous-Jouy+France,Parc aquatique,https://www.google.com/maps/place/Centre+Aquatique+-+Aqualude/data=!4m7!3m6!1s0x47e6bf3b5eff8d97:0xc849a01ba0e74307!8m2!3d49.0045003!4d1.6797338!16s%2Fg%2F1hc2j4rf6!19sChIJl43_Xju_5kcRB0PnoBugScg?authuser=0&hl=fr&rclk=1
"O'Fun Park - Parc d'attractions Vendée - Accrobranche, waterjump, paintball, EVC...",4.1,,"O'Fun Park - Parc d'attractions Vendée - Accrobranche, waterjump, paintball, EVC...",,La Fontaine-Saint-Martin+France,Parc aquatique,"https://www.google.com/maps/place/O%27Fun+Park+-+Parc+d%27attractions+Vend%C3%A9e+-+Accrobranche,+waterjump,+paintball,+EVC.../data=!4m7!3m6!1s0x48041849d6cc05cf:0xc36f917516e2c0a7!8m2!3d46.4816558!4d-1.4183112!16s%2Fg%2F1tmpjx1q!19sChIJzwXM1kkYBEgRp8DiFnWRb8M?authuser=0&hl=fr&rclk=1"
"Miripili, l'île aux pirates",4.4,,"Miripili, l'île aux pirates",,Monestier-d'Ambel+France,Parc aquatique,"https://www.google.com/maps/place/Miripili,+l%27%C3%AEle+aux+pirates/data=!4m7!3m6!1s0x478ab62d4dcb288d:0xcd0e4667a0ab1452!8m2!3d45.170767!4d5.2373877!16s%2Fg%2F1tfz_zkq!19sChIJjSjLTS22ikcRUhSroGdGDs0?authuser=0&hl=fr&rclk=1"
Parc Aquatique Géant Water Glisse Passion - Lac Aréna,4.2,,Parc Aquatique Géant Water Glisse Passion - Lac Aréna,,Monestier+France,Parc aquatique,https://www.google.com/maps/place/Parc+Aquatique+G%C3%A9ant+Water+Glisse+Passion+-+Lac+Ar%C3%A9na/data=!4m7!3m6!1s0x12cea4ce3c0f7fcf:0xf21e0a74de5889ac!8m2!3d43.4518737!4d6.6322165!16s%2Fg%2F11c1r1899l!19sChIJz38PPM6kzhIRrIlY3nQKHvI?authuser=0&hl=fr&rclk=1
Parc Aquatique Géant Water Glisse Passion - Lac Aréna,4.2,,Parc Aquatique Géant Water Glisse Passion - Lac Aréna,,Monestier-d'Ambel+France,Parc aquatique,https://www.google.com/maps/place/Parc+Aquatique+G%C3%A9ant+Water+Glisse+Passion+-+Lac+Ar%C3%A9na/data=!4m7!3m6!1s0x12cea4ce3c0f7fcf:0xf21e0a74de5889ac!8m2!3d43.4518737!4d6.6322165!16s%2Fg%2F11c1r1899l!19sChIJz38PPM6kzhIRrIlY3nQKHvI?authuser=0&hl=fr&rclk=1
Vitam Parc,3.4,,Vitam Parc,,La Fontaine-Saint-Martin+France,Parc aquatique,https://www.google.com/maps/place/Vitam+Parc/data=!4m7!3m6!1s0x478c794d272823eb:0x2c43d7cfd70b6683!8m2!3d46.1238731!4d6.0966886!16s%2Fg%2F11fy1dxbj8!19sChIJ6yMoJ015jEcRg2YL18_XQyw?authuser=0&hl=fr&rclk=1
Aquaparc Isis,3.7,,Aquaparc Isis,,Monestier+France,Parc aquatique,https://www.google.com/maps/place/Aquaparc+Isis/data=!4m7!3m6!1s0x478d4b42216b628b:0x763b50c273681fc1!8m2!3d47.072283!4d5.4863406!16s%2Fg%2F1tp1xqjy!19sChIJi2JrIUJLjUcRwR9oc8JQO3Y?authuser=0&hl=fr&rclk=1
PROJET X Aquapark,4.3,,PROJET X Aquapark,,Fontaine-sous-Jouy+France,Parc aquatique,https://www.google.com/maps/place/PROJET+X+Aquapark/data=!4m7!3m6!1s0x47e68b08cc3d4475:0x662c701b3b21771f!8m2!3d49.0320545!4d2.0459579!16s%2Fg%2F11vynptzpc!19sChIJdUQ9zAiL5kcRH3chOxtwLGY?authuser=0&hl=fr&rclk=1
Aquaboulevard de Paris,3.7,,Aquaboulevard de Paris,,La Fontaine-Saint-Martin+France,Parc aquatique,https://www.google.com/maps/place/Aquaboulevard+de+Paris/data=!4m7!3m6!1s0x47e6718b1fbcd4fd:0xa7968d889eb5402a!8m2!3d48.8318042!4d2.2762627!16s%2Fg%2F120hhrtz!19sChIJ_dS8H4tx5kcRKkC1noiNlqc?authuser=0&hl=fr&rclk=1
Aquasplash,3.2,,Aquasplash,,Monestier-d'Ambel+France,Parc aquatique,https://www.google.com/maps/place/Aquasplash/data=!4m7!3m6!1s0x12cdd4e53094e195:0x3231a5821eee6141!8m2!3d43.615356!4d7.124161!16s%2Fg%2F12hmcfpvc!19sChIJleGUMOXUzRIRQWHuHoKlMTI?authuser=0&hl=fr&rclk=1
Parc aquatique,5.0,,Parc aquatique,,Monestier+France,Parc aquatique,https://www.google.com/maps/place/Parc+aquatique/data=!4m7!3m6!1s0x47f9a7149e6a5973:0x6c00cdb9f81e333!8m2!3d45.7903872!4d1.8977182!16s%2Fg%2F11jkwt4968!19sChIJc1lqnhSn-UcRM-OBn9sMwAY?authuser=0&hl=fr&rclk=1
Centre aquatique l'Oasis,3.8,,Centre aquatique l'Oasis,,Fontaine-sous-Jouy+France,Parc aquatique,https://www.google.com/maps/place/Centre+aquatique+l%27Oasis/data=!4m7!3m6!1s0x47e11f6ef306921d:0xd9ab6164591b474c!8m2!3d49.3069473!4d1.0382309!16s%2Fg%2F11b6x85jn3!19sChIJHZIG824f4UcRTEcbWWRhq9k?authuser=0&hl=fr&rclk=1
Aquaré,4.1,,Aquaré,,La Fontaine-Saint-Martin+France,Parc aquatique,https://www.google.com/maps/place/Aquar%C3%A9/data=!4m7!3m6!1s0x4803f8aee43d250d:0x94f110f153d45c82!8m2!3d46.193456!4d-1.352011!16s%2Fg%2F1tfm0v3l!19sChIJDSU95K74A0gRglzUU_EQ8ZQ?authuser=0&hl=fr&rclk=1
Base de loisirs du Bois Français,4.1,,Base de loisirs du Bois Français,,Monestier-d'Ambel+France,Parc aquatique,https://www.google.com/maps/place/Base+de+loisirs+du+Bois+Fran%C3%A7ais/data=!4m7!3m6!1s0x478a58d486aec59d:0x72350ffaaa0a8b70!8m2!3d45.2273767!4d5.8429717!16s%2Fg%2F122v3rqg!19sChIJncWuhtRYikcRcIsKqvoPNXI?authuser=0&hl=fr&rclk=1
WAVE ISLAND,3.3,,WAVE ISLAND,,Monestier+France,Parc aquatique,https://www.google.com/maps/place/WAVE+ISLAND/data=!4m7!3m6!1s0x12b58c85f8a9d91b:0xd65402beb9af534a!8m2!3d44.0209685!4d4.9653771!16s%2Fg%2F11hcf1t5rc!19sChIJG9mp-IWMtRIRSlOvub4CVNY?authuser=0&hl=fr&rclk=1
Parc de Léry-Poses,4.2,,Parc de Léry-Poses,,Fontaine-sous-Jouy+France,Parc aquatique,https://www.google.com/maps/place/Parc+de+L%C3%A9ry-Poses/data=!4m7!3m6!1s0x47e1289bac44658f:0xe940a5c757b0bf2a!8m2!3d49.302783!4d1.209404!16s%2Fg%2F1210xpzl!19sChIJj2VErJso4UcRKr-wV8elQOk?authuser=0&hl=fr&rclk=1
Aquasplash,3.2,,Aquasplash,,La Fontaine-Saint-Martin+France,Parc aquatique,https://www.google.com/maps/place/Aquasplash/data=!4m7!3m6!1s0x12cdd4e53094e195:0x3231a5821eee6141!8m2!3d43.615356!4d7.124161!16s%2Fg%2F12hmcfpvc!19sChIJleGUMOXUzRIRQWHuHoKlMTI?authuser=0&hl=fr&rclk=1
Parc aquatique Wibit,4.3,,Parc aquatique Wibit,,Monestier-d'Ambel+France,Parc aquatique,https://www.google.com/maps/place/Parc+aquatique+Wibit/data=!4m7!3m6!1s0x478c02deda07823b:0xc9cc93d919902db2!8m2!3d46.1523953!4d6.6713589!16s%2Fg%2F11dxjn53g0!19sChIJO4IH2t4CjEcRsi2QGdmTzMk?authuser=0&hl=fr&rclk=1
Aquaboulevard de Paris,3.7,,Aquaboulevard de Paris,,Monestier+France,Parc aquatique,https://www.google.com/maps/place/Aquaboulevard+de+Paris/data=!4m7!3m6!1s0x47e6718b1fbcd4fd:0xa7968d889eb5402a!8m2!3d48.8318042!4d2.2762627!16s%2Fg%2F120hhrtz!19sChIJ_dS8H4tx5kcRKkC1noiNlqc?authuser=0&hl=fr&rclk=1
Atlantic Park - Parc Aquatique - Seignosse,3.7,,Atlantic Park - Parc Aquatique - Seignosse,,La Fontaine-Saint-Martin+France,Parc aquatique,https://www.google.com/maps/place/Atlantic+Park+-+Parc+Aquatique+-+Seignosse/data=!4m7!3m6!1s0xd515958115061bb:0x49353d2aee309d6e!8m2!3d43.7059219!4d-1.4340258!16s%2Fg%2F123655qy!19sChIJu2FQEVhZUQ0Rbp0w7io9NUk?authuser=0&hl=fr&rclk=1
Espace aqualudique,5.0,,Espace aqualudique,,Monestier-d'Ambel+France,Parc aquatique,https://www.google.com/maps/place/Espace+aqualudique/data=!4m7!3m6!1s0x478bdd0031afdb33:0xc098d972a25b2223!8m2!3d45.7163546!4d6.4570256!16s%2Fg%2F11w7nsc9m9!19sChIJM9uvMQDdi0cRIyJbonLZmMA?authuser=0&hl=fr&rclk=1
Le Dôme,4.3,,Le Dôme,,Fontaine-sous-Jouy+France,Parc aquatique,https://www.google.com/maps/place/Le+D%C3%B4me/data=!4m7!3m6!1s0x47e17d69db837cbb:0x3f355f2ea5f3736c!8m2!3d48.7284774!4d0.8399143!16s%2Fg%2F11g8dk9ss1!19sChIJu3yD22l94UcRbHPzpS5fNT8?authuser=0&hl=fr&rclk=1
Parc d'Attractions Aquatic Landes / Labenne,3.6,,Parc d'Attractions Aquatic Landes / Labenne,,Monestier+France,Parc aquatique,https://www.google.com/maps/place/Parc+d%27Attractions+Aquatic+Landes+%2F+Labenne/data=!4m7!3m6!1s0xd514488fe12707f:0xcb6cf6d5bdb04aed!8m2!3d43.5948793!4d-1.4533072!16s%2Fg%2F1tczx7_d!19sChIJf3AS_ohEUQ0R7UqwvdX2bMs?authuser=0&hl=fr&rclk=1
Aqualand Fréjus - Parc Aquatique,3.3,,Aqualand Fréjus - Parc Aquatique,,La Fontaine-Saint-Martin+France,Parc aquatique,https://www.google.com/maps/place/Aqualand+Fr%C3%A9jus+-+Parc+Aquatique/data=!4m7!3m6!1s0x12cebd6aca995eb7:0xa11c6b1f318e14fb!8m2!3d43.418155!4d6.726729!16s%2Fm%2F0k7ny58!19sChIJt16Zymq9zhIR-xSOMR9rHKE?authuser=0&hl=fr&rclk=1
"Aquaparc, piscine de la Vallée Bleue",3.6,,"Aquaparc, piscine de la Vallée Bleue",,Monestier-d'Ambel+France,Parc aquatique,"https://www.google.com/maps/place/Aquaparc,+piscine+de+la+Vall%C3%A9e+Bleue/data=!4m7!3m6!1s0x478b46373d8d1817:0x9b3d59caea4e94be!8m2!3d45.8229513!4d5.4196715!16s%2Fg%2F1tzvvftl!19sChIJFxiNPTdGi0cRvpRO6spZPZs?authuser=0&hl=fr&rclk=1"
Aquaboulevard de Paris,3.7,,Aquaboulevard de Paris,,Fontaine-sous-Jouy+France,Parc aquatique,https://www.google.com/maps/place/Aquaboulevard+de+Paris/data=!4m7!3m6!1s0x47e6718b1fbcd4fd:0xa7968d889eb5402a!8m2!3d48.8318042!4d2.2762627!16s%2Fg%2F120hhrtz!19sChIJ_dS8H4tx5kcRKkC1noiNlqc?authuser=0&hl=fr&rclk=1
Espace Chantelouise,4.3,,Espace Chantelouise,,Monestier-d'Ambel+France,Parc aquatique,https://www.google.com/maps/place/Espace+Chantelouise/data=!4m7!3m6!1s0x478a4c3277ac8479:0x1c7410f541e4410b!8m2!3d45.3744749!4d6.0556165!16s%2Fg%2F11gbk2zkkp!19sChIJeYSsdzJMikcRC0HkQfUQdBw?authuser=0&hl=fr&rclk=1
Aquaparc BE FUN Lyon,4.9,,Aquaparc BE FUN Lyon,,La Fontaine-Saint-Martin+France,Parc aquatique,https://www.google.com/maps/place/Aquaparc+BE+FUN+Lyon/data=!4m7!3m6!1s0x47f4bf3b9beda7d7:0xfd047b9b7bbec6ca!8m2!3d45.8015969!4d4.9402059!16s%2Fg%2F11g1lvqg8x!19sChIJ16ftmzu_9EcRysa-e5t7BP0?authuser=0&hl=fr&rclk=1
Aqua Family,4.2,,Aqua Family,,Monestier+France,Parc aquatique,https://www.google.com/maps/place/Aqua+Family/data=!4m7!3m6!1s0x12c921c73208131f:0x9dbdc54ad9bd021d!8m2!3d43.0861999!4d6.1461576!16s%2Fg%2F11j11hc7dk!19sChIJHxMIMschyRIRHQK92UrFvZ0?authuser=0&hl=fr&rclk=1
Waterfun Monclar,4.4,,Waterfun Monclar,,La Fontaine-Saint-Martin+France,Parc aquatique,https://www.google.com/maps/place/Waterfun+Monclar/data=!4m7!3m6!1s0x12ac3c875165910b:0xa2c85143eb8a1c3c!8m2!3d43.9706497!4d1.5942331!16s%2Fg%2F11g9gqw6pn!19sChIJC5FlUYc8rBIRPByK60NRyKI?authuser=0&hl=fr&rclk=1
Centre aquatique O'CAPE - Bien-être & Forme,3.9,,Centre aquatique O'CAPE - Bien-être & Forme,,Fontaine-sous-Jouy+France,Parc aquatique,https://www.google.com/maps/place/Centre+aquatique+O%27CAPE+-+Bien-%C3%AAtre+%26+Forme/data=!4m7!3m6!1s0x47e0d9006d41ff7f:0xe77523760c48a4c7!8m2!3d49.3978796!4d1.1588899!16s%2Fg%2F11xrm_95t0!19sChIJf_9BbQDZ4EcRx6RIDHYjdec?authuser=0&hl=fr&rclk=1
O'Gliss Park,4.0,,O'Gliss Park,,Monestier+France,Parc aquatique,https://www.google.com/maps/place/O%27Gliss+Park/data=!4m7!3m6!1s0x48041838fbcd0fa3:0xf86c307bbd3f89e!8m2!3d46.4555894!4d-1.4186926!16s%2Fg%2F1td3kzhh!19sChIJow_N-zgYBEgRnvjTuwfDhg8?authuser=0&hl=fr&rclk=1
Aqualand Sainte-Maxime - Parc Aquatique,3.4,,Aqualand Sainte-Maxime - Parc Aquatique,,La Fontaine-Saint-Martin+France,Parc aquatique,https://www.google.com/maps/place/Aqualand+Sainte-Maxime+-+Parc+Aquatique/data=!4m7!3m6!1s0x12ceb8fa05c5d783:0xc7f1bbca1eee4595!8m2!3d43.328348!4d6.618087!16s%2Fg%2F1td3_1wd!19sChIJg9fFBfq4zhIRlUXuHsq78cc?authuser=0&hl=fr&rclk=1
Paxton SPA - Cinq Mondes,4.8,,Paxton SPA - Cinq Mondes,,Brie+France,Hôtel avec spa,https://www.google.com/maps/place/Paxton+SPA+-+Cinq+Mondes/data=!4m7!3m6!1s0x47e6052847d9b835:0xb8cdc163d5940c0e!8m2!3d48.8273807!4d2.7086714!16s%2Fg%2F11pckw7yxw!19sChIJNbjZRygF5kcRDgyU1WPBzbg?authuser=0&hl=fr&rclk=1
Parc La Fontaine Enchantée,4.4,,Parc La Fontaine Enchantée,,Fontaine-sous-Jouy+France,Parc aquatique,https://www.google.com/maps/place/Parc+La+Fontaine+Enchant%C3%A9e/data=!4m7!3m6!1s0x47e02554a57e549b:0x924848dc55455808!8m2!3d49.5297576!4d0.1426621!16s%2Fg%2F11fv3f0mls!19sChIJm1R-pVQl4EcRCFhFVdxISJI?authuser=0&hl=fr&rclk=1
Parc aquatique Aqua Mundo Center Parcs Les Hauts de Bruyères,4.2,,Parc aquatique Aqua Mundo Center Parcs Les Hauts de Bruyères,,Monestier+France,Parc aquatique,https://www.google.com/maps/place/Parc+aquatique+Aqua+Mundo+Center+Parcs+Les+Hauts+de+Bruy%C3%A8res/data=!4m7!3m6!1s0x47e4d99a9638a48f:0x9187dc0642c71afd!8m2!3d47.6202!4d1.934931!16s%2Fg%2F11cmccytdq!19sChIJj6Q4lprZ5EcR_RrHQgbch5E?authuser=0&hl=fr&rclk=1
Aquascope,3.9,,Aquascope,,La Fontaine-Saint-Martin+France,Parc aquatique,https://www.google.com/maps/place/Aquascope/data=!4m7!3m6!1s0x47fdbd4834180ced:0x87ea688873c2c9af!8m2!3d46.665368!4d0.365437!16s%2Fg%2F11vxv58xs7!19sChIJ7QwYNEi9_UcRr8nCc4ho6oc?authuser=0&hl=fr&rclk=1
Les Aquaculteurs du Rosey,4.0,,Les Aquaculteurs du Rosey,,Fontaine-sous-Jouy+France,Parc aquatique,https://www.google.com/maps/place/Les+Aquaculteurs+du+Rosey/data=!4m7!3m6!1s0x47e136643c3f64d5:0xc51d5c5ef8cfdb3c!8m2!3d49.0679447!4d1.2941587!16s%2Fg%2F1tdmjs15!19sChIJ1WQ_PGQ24UcRPNvP-F5cHcU?authuser=0&hl=fr&rclk=1
Paxton Paris MLV,4.0,,Paxton Paris MLV,,Brie+France,Hôtel avec spa,https://www.google.com/maps/place/Paxton+Paris+MLV/data=!4m10!3m9!1s0x47e604961ab881c5:0xd77e0a9428c32a27!5m2!4m1!1i2!8m2!3d48.8276884!4d2.7073202!16s%2Fg%2F1tfq8j9_!19sChIJxYG4GpYE5kcRJyrDKJQKftc?authuser=0&hl=fr&rclk=1
Aqualibi,3.9,,Aqualibi,,La Fontaine-Saint-Martin+France,Parc aquatique,https://www.google.com/maps/place/Aqualibi/data=!4m7!3m6!1s0x47c17d8f1cdf1977:0x5433c79509a99261!8m2!3d50.7013445!4d4.5936447!16s%2Fg%2F121hxfk3!19sChIJdxnfHI99wUcRYZKpCZXHM1Q?authuser=0&hl=fr&rclk=1
Center Parcs Les Landes de Gascogne,4.0,,Center Parcs Les Landes de Gascogne,,Monestier+France,Parc aquatique,https://www.google.com/maps/place/Center+Parcs+Les+Landes+de+Gascogne/data=!4m10!3m9!1s0x12aa79830887bc21:0x6c3b1a2c8d44abb4!5m2!4m1!1i2!8m2!3d44.2999845!4d0.0400447!16s%2Fg%2F11j1hp_lgs!19sChIJIbyHCIN5qhIRtKtEjSwaO2w?authuser=0&hl=fr&rclk=1
AQUAJUMP 95,4.6,,AQUAJUMP 95,,Fontaine-sous-Jouy+France,Parc aquatique,https://www.google.com/maps/place/AQUAJUMP+95/data=!4m7!3m6!1s0x47e6f5c81eddd257:0x3600416698005065!8m2!3d49.0297576!4d2.0465357!16s%2Fg%2F11q365lblh!19sChIJV9LdHsj15kcRZVAAmGZBADY?authuser=0&hl=fr&rclk=1
La Ferme Briarde - Hôtel : suites avec jacuzzi privatif,4.8,,La Ferme Briarde - Hôtel : suites avec jacuzzi privatif,,Brie+France,Hôtel avec spa,https://www.google.com/maps/place/La+Ferme+Briarde+-+H%C3%B4tel+:+suites+avec+jacuzzi+privatif/data=!4m10!3m9!1s0x47ef2d69db7b0a8b:0x338a523486dd892c!5m2!4m1!1i2!8m2!3d48.6498927!4d3.3574222!16s%2Fg%2F11bxjd2294!19sChIJiwp722kt70cRLIndhjRSijM?authuser=0&hl=fr&rclk=1
La Bouscarasse,4.0,,La Bouscarasse,,La Fontaine-Saint-Martin+France,Parc aquatique,https://www.google.com/maps/place/La+Bouscarasse/data=!4m7!3m6!1s0x12b44a442540f613:0xd473ab87bdc05214!8m2!3d44.037433!4d4.3262812!16s%2Fg%2F1tctzm7q!19sChIJE_ZAJURKtBIRFFLAvYerc9Q?authuser=0&hl=fr&rclk=1
Aqualand Fréjus - Parc Aquatique,3.3,,Aqualand Fréjus - Parc Aquatique,,Monestier+France,Parc aquatique,https://www.google.com/maps/place/Aqualand+Fr%C3%A9jus+-+Parc+Aquatique/data=!4m7!3m6!1s0x12cebd6aca995eb7:0xa11c6b1f318e14fb!8m2!3d43.418155!4d6.726729!16s%2Fm%2F0k7ny58!19sChIJt16Zymq9zhIR-xSOMR9rHKE?authuser=0&hl=fr&rclk=1
Au Refuge Des 3 Ours,4.6,,SponsoriséPar Travelocity.com,,Fontaine-Saint-Lucien+France,Hôtel avec spa,https://www.google.com/maps/place/Au+Refuge+Des+3+Ours/data=!4m10!3m9!1s0x47e7af8265886bdd:0x1d52b799c34bfb93!5m2!4m1!1i2!8m2!3d49.498501!4d2.28432!16s%2Fg%2F1tdfsg9d!19sChIJ3WuIZYKv50cRk_tLw5m3Uh0?authuser=0&hl=fr&rclk=1
Grand Hotel & Spa Uriage,4.4,,SponsoriséPar Booking.com,,Saint-Égrève+France,Hôtel avec spa,https://www.google.com/maps/place/Grand+Hotel+%26+Spa+Uriage/data=!4m10!3m9!1s0x478a607d69ad3775:0xeed092fecd85291f!5m2!4m1!1i2!8m2!3d45.142739!4d5.829873!16s%2Fg%2F1tfcxpwk!19sChIJdTetaX1gikcRHymFzf6S0O4?authuser=0&hl=fr&rclk=1
Chez celine et philippe,4.8,,Chez celine et philippe,,Monesple+France,Hôtel avec spa,https://www.google.com/maps/place/Chez+celine+et+philippe/data=!4m10!3m9!1s0x12aed9782015e42d:0xa40df353bd5a0f2c!5m2!4m1!1i2!8m2!3d43.1757791!4d1.4073191!16s%2Fg%2F11flqq3gyk!19sChIJLeQVIHjZrhIRLA9avVPzDaQ?authuser=0&hl=fr&rclk=1
Nuit2spa,5.0,,Nuit2spa,,Brie+France,Hôtel avec spa,https://www.google.com/maps/place/Nuit2spa/data=!4m7!3m6!1s0x47e609f72fbb09dd:0x3900e7255c646b0c!8m2!3d48.6907248!4d2.6090768!16s%2Fg%2F11mm3h48mv!19sChIJ3Qm7L_cJ5kcRDGtkXCXnADk?authuser=0&hl=fr&rclk=1
Mercure Grenoble Centre Alpotel,4.2,,SponsoriséPar Expedia.fr,,Saint-Égrève+France,Hôtel avec spa,https://www.google.com/maps/place/Mercure+Grenoble+Centre+Alpotel/data=!4m10!3m9!1s0x478af49290dfe69b:0x39a4d815a0bcb341!5m2!4m1!1i2!8m2!3d45.183345!4d5.729677!16s%2Fg%2F1tdlg5bm!19sChIJm-bfkJL0ikcRQbO8oBXYpDk?authuser=0&hl=fr&rclk=1
Aquasplash,3.2,,Aquasplash,,Monestier+France,Parc aquatique,https://www.google.com/maps/place/Aquasplash/data=!4m7!3m6!1s0x12cdd4e53094e195:0x3231a5821eee6141!8m2!3d43.615356!4d7.124161!16s%2Fg%2F12hmcfpvc!19sChIJleGUMOXUzRIRQWHuHoKlMTI?authuser=0&hl=fr&rclk=1
Au Refuge Des 3 Ours,4.6,,Au Refuge Des 3 Ours,,Fontaine-Saint-Lucien+France,Hôtel avec spa,https://www.google.com/maps/place/Au+Refuge+Des+3+Ours/data=!4m10!3m9!1s0x47e7af826452c80b:0x1d52b799c34bfb93!5m2!4m1!1i2!8m2!3d49.4985008!4d2.2843204!16s%2Fg%2F1tdfsg9d!19sChIJC8hSZIKv50cRk_tLw5m3Uh0?authuser=0&hl=fr&rclk=1
Aquapark de l'Aveyron,4.5,,Aquapark de l'Aveyron,,La Fontaine-Saint-Martin+France,Parc aquatique,https://www.google.com/maps/place/Aquapark+de+l%27Aveyron/data=!4m7!3m6!1s0x12b261d5e4e1932b:0x6ad20041c428eea3!8m2!3d44.2952052!4d2.7271716!16s%2Fg%2F11w3htsfqv!19sChIJK5Ph5NVhshIRo-4oxEEA0mo?authuser=0&hl=fr&rclk=1
Hébergements cabane et gîte spa Les Hauts de Monségu,4.9,,Hébergements cabane et gîte spa Les Hauts de Monségu,,Monesple+France,Hôtel avec spa,https://www.google.com/maps/place/H%C3%A9bergements+cabane+et+g%C3%AEte+spa+Les+Hauts+de+Mons%C3%A9gu/data=!4m10!3m9!1s0x12af332f284daa5f:0x7ba0b88afaab2d8a!5m2!4m1!1i2!8m2!3d42.9893865!4d1.288513!16s%2Fg%2F11h18bpzw8!19sChIJX6pNKC8zrxIRii2r-oq4oHs?authuser=0&hl=fr&rclk=1
Park Hôtel Grenoble - Handwritten Collection,4.5,,Park Hôtel Grenoble - Handwritten Collection,,Saint-Égrève+France,Hôtel avec spa,https://www.google.com/maps/place/Park+H%C3%B4tel+Grenoble+-+Handwritten+Collection/data=!4m10!3m9!1s0x478af4f29d95e1ff:0x4d856bb303c48cc8!5m2!4m1!1i2!8m2!3d45.1840938!4d5.732897!16s%2Fg%2F1tcvy9b2!19sChIJ_-GVnfL0ikcRyIzEA7NrhU0?authuser=0&hl=fr&rclk=1
Water Circus,4.5,,Water Circus,,Monestier+France,Parc aquatique,https://www.google.com/maps/place/Water+Circus/data=!4m7!3m6!1s0x478c710c6cde49f9:0x3e0ec11b7d6bb236!8m2!3d46.1726098!4d6.2121724!16s%2Fg%2F11nnv7ycmd!19sChIJ-UnebAxxjEcRNrJrfRvBDj4?authuser=0&hl=fr&rclk=1
Funny Sun Splash - Aquapark XXL,4.0,,Funny Sun Splash - Aquapark XXL,,La Fontaine-Saint-Martin+France,Parc aquatique,https://www.google.com/maps/place/Funny+Sun+Splash+-+Aquapark+XXL/data=!4m7!3m6!1s0x480f5d26ae471103:0xe2d6667f7fbd1841!8m2!3d47.5761011!4d-1.6239334!16s%2Fg%2F11mx3skf10!19sChIJAxFHriZdD0gRQRi9f39m1uI?authuser=0&hl=fr&rclk=1
Au2 Maison d'Hôtes - Spa,5.0,,Au2 Maison d'Hôtes - Spa,,Fontaine-Saint-Lucien+France,Hôtel avec spa,https://www.google.com/maps/place/Au2+Maison+d%27H%C3%B4tes+-+Spa/data=!4m10!3m9!1s0x47e70821f68d20e1:0x61c698bf5ec58e46!5m2!4m1!1i2!8m2!3d49.5294055!4d2.1422229!16s%2Fg%2F11c0rmftph!19sChIJ4SCN9iEI50cRRo7FXr-YxmE?authuser=0&hl=fr&rclk=1
Aquapark - Bzhwakepark,4.5,,Aquapark - Bzhwakepark,,Monestier+France,Parc aquatique,https://www.google.com/maps/place/Aquapark+-+Bzhwakepark/data=!4m7!3m6!1s0x480e6b2103f4c8b1:0x922a50a62541d2a0!8m2!3d48.3876925!4d-2.3341484!16s%2Fg%2F11svm96h2d!19sChIJscj0AyFrDkgRoNJBJaZQKpI?authuser=0&hl=fr&rclk=1
Luxury room,4.8,,Luxury room,,Saint-Égrève+France,Hôtel avec spa,https://www.google.com/maps/place/Luxury+room/data=!4m10!3m9!1s0x478af551dd89b41d:0x50b5473f2edd1663!5m2!4m1!1i2!8m2!3d45.1856855!4d5.7468474!16s%2Fg%2F11r6lyx5k2!19sChIJHbSJ3VH1ikcRYxbdLj9HtVA?authuser=0&hl=fr&rclk=1
Maison d'hotes et Spa - Aux 5 Sens - Beauvais,4.7,,Maison d'hotes et Spa - Aux 5 Sens - Beauvais,,Fontaine-Saint-Lucien+France,Hôtel avec spa,https://www.google.com/maps/place/Maison+d%27hotes+et+Spa+-+Aux+5+Sens+-+Beauvais/data=!4m10!3m9!1s0x47e7077c81aec231:0xc447985e4a6e163f!5m2!4m1!1i2!8m2!3d49.4597222!4d2.1375!16s%2Fg%2F124yhd0lh!19sChIJMcKugXwH50cRPxZuSl6YR8Q?authuser=0&hl=fr&rclk=1
La Bouscarasse,4.0,,La Bouscarasse,,Monestier+France,Parc aquatique,https://www.google.com/maps/place/La+Bouscarasse/data=!4m7!3m6!1s0x12b44a442540f613:0xd473ab87bdc05214!8m2!3d44.037433!4d4.3262812!16s%2Fg%2F1tctzm7q!19sChIJE_ZAJURKtBIRFFLAvYerc9Q?authuser=0&hl=fr&rclk=1
"Suites Romantiques, Hors du Temps",4.9,,"Suites Romantiques, Hors du Temps",,Fontaine-Saint-Lucien+France,Hôtel avec spa,"https://www.google.com/maps/place/Suites+Romantiques,+Hors+du+Temps/data=!4m10!3m9!1s0x47e7a5103d64d547:0x8a05d57289761398!5m2!4m1!1i2!8m2!3d49.5692406!4d2.3087962!16s%2Fg%2F11vm2y28z2!19sChIJR9VkPRCl50cRmBN2iXLVBYo?authuser=0&hl=fr&rclk=1"
Atlantic Toboggan,4.0,,Atlantic Toboggan,,Monestier+France,Parc aquatique,https://www.google.com/maps/place/Atlantic+Toboggan/data=!4m7!3m6!1s0x4804561d5e901d67:0x258896fd4f24c06b!8m2!3d46.7586033!4d-2.024573!16s%2Fg%2F1tdc956c!19sChIJZx2QXh1WBEgRa8AkT_2WiCU?authuser=0&hl=fr&rclk=1
Au domaine cru,5.0,,Au domaine cru,,Fontaine-Saint-Lucien+France,Hôtel avec spa,https://www.google.com/maps/place/Au+domaine+cru/data=!4m10!3m9!1s0x47e71b92ace7467f:0xf707dfc78dfc87c9!5m2!4m1!1i2!8m2!3d49.46228!4d1.9599303!16s%2Fg%2F11tnvz9kd1!19sChIJf0bnrJIb50cRyYf8jcffB_c?authuser=0&hl=fr&rclk=1
TERMINUSBUS,4.7,,TERMINUSBUS,,Fontaine-Saint-Lucien+France,Hôtel avec spa,https://www.google.com/maps/place/TERMINUSBUS/data=!4m10!3m9!1s0x47e70b9ab6c119c9:0x49815539d1c3518f!5m2!4m1!1i2!8m2!3d49.6110074!4d2.0722791!16s%2Fg%2F11xdvvf_wf!19sChIJyRnBtpoL50cRj1HD0TlVgUk?authuser=0&hl=fr&rclk=1
Spa la Bulle Dos,4.8,,Spa la Bulle Dos,,Brie-Comte-Robert+France,Centre thermal,https://www.google.com/maps/place/Spa+la+Bulle+Dos/data=!4m7!3m6!1s0x47e6081b17453b11:0xce5c2f763efbd9da!8m2!3d48.6965586!4d2.609684!16s%2Fg%2F1v16plsk!19sChIJETtFFxsI5kcR2tn7PnYvXM4?authuser=0&hl=fr&rclk=1
"Gîte Le jardin secret, Au temps suspendu, Dans ma bulle",4.9,,"Gîte Le jardin secret, Au temps suspendu, Dans ma bulle",,Monès+France,Hôtel avec spa,"https://www.google.com/maps/place/G%C3%AEte+Le+jardin+secret,+Au+temps+suspendu,+Dans+ma+bulle/data=!4m10!3m9!1s0x12a93dd6af721879:0x2d16a17f8ec43e9b!5m2!4m1!1i2!8m2!3d43.3945286!4d0.9671151!16s%2Fg%2F11s892qvyf!19sChIJeRhyr9Y9qRIRmz7Ejn-hFi0?authuser=0&hl=fr&rclk=1"
L'Oréade,3.6,,L'Oréade,,Brie-Comte-Robert+France,Centre thermal,https://www.google.com/maps/place/L%27Or%C3%A9ade/data=!4m7!3m6!1s0x47e60805b2dcd6a3:0x47abe6b24f927b75!8m2!3d48.697707!4d2.617141!16s%2Fg%2F11b6g8prk2!19sChIJo9bcsgUI5kcRdXuST7Lmq0c?authuser=0&hl=fr&rclk=1
Dolce et Cabane,5.0,,Dolce et Cabane,,Monès+France,Hôtel avec spa,https://www.google.com/maps/place/Dolce+et+Cabane/data=!4m10!3m9!1s0x12a93319d1f2c887:0x9f1f0bcca68c6669!5m2!4m1!1i2!8m2!3d43.3739816!4d1.1565868!16s%2Fg%2F11vzv04c1s!19sChIJh8jy0RkzqRIRaWaMpswLH58?authuser=0&hl=fr&rclk=1
Le Clos du Cèdre - Chambres en Vendômois,4.0,,Le Clos du Cèdre - Chambres en Vendômois,,Fontaine-Raoul+France,Hôtel avec spa,https://www.google.com/maps/place/Le+Clos+du+C%C3%A8dre+-+Chambres+en+Vend%C3%B4mois/data=!4m10!3m9!1s0x47e36bbe0c6f91e5:0x8a0e3c9f53c6a825!5m2!4m1!1i2!8m2!3d47.8075565!4d1.0726634!16s%2Fg%2F11lrhn0jc3!19sChIJ5ZFvDL5r40cRJajGU588Doo?authuser=0&hl=fr&rclk=1
Chaine Thermale du Soleil,3.5,,Chaine Thermale du Soleil,,Brie-Comte-Robert+France,Centre thermal,https://www.google.com/maps/place/Chaine+Thermale+du+Soleil/data=!4m7!3m6!1s0x47e66e3066ae5ce3:0x405b21b1095dce3!8m2!3d48.8674247!4d2.3333415!16s%2Fg%2F1v6l6t5m!19sChIJ41yuZjBu5kcR49yVEBuyBQQ?authuser=0&hl=fr&rclk=1
"Domaine cap de coste gîte, table et chambre d'hôte",4.9,,"Domaine cap de coste gîte, table et chambre d'hôte",,Monès+France,Hôtel avec spa,"https://www.google.com/maps/place/Domaine+cap+de+coste+g%C3%AEte,+table+et+chambre+d%27h%C3%B4te/data=!4m10!3m9!1s0x12a917d597a414ff:0x73d96f3fa6c36dc7!5m2!4m1!1i2!8m2!3d43.345277!4d0.84932!16s%2Fg%2F11h90y11gh!19sChIJ_xSkl9UXqRIRx23Dpj9v2XM?authuser=0&hl=fr&rclk=1"
Château de Champlong,4.7,,SponsoriséPar Booking.com,,Saint-Edmond+France,Hôtel avec spa,https://www.google.com/maps/place/Ch%C3%A2teau+de+Champlong/data=!4m10!3m9!1s0x47f4052463f32051:0xcac5a6c12c2bbec3!5m2!4m1!1i2!8m2!3d45.999287!4d4.019798!16s%2Fg%2F1tc_kgz7!19sChIJUSDzYyQF9EcRw74rLMGmxco?authuser=0&hl=fr&rclk=1
Les Ecogîtes de la Sablière,4.8,,Les Ecogîtes de la Sablière,,Fontaine-Raoul+France,Hôtel avec spa,https://www.google.com/maps/place/Les+Ecog%C3%AEtes+de+la+Sabli%C3%A8re/data=!4m10!3m9!1s0x47e36335de6ff8ad:0x2c894712e564e3db!5m2!4m1!1i2!8m2!3d47.8364966!4d1.2946183!16s%2Fg%2F11qg1prrzl!19sChIJrfhv3jVj40cR2-Nk5RJHiSw?authuser=0&hl=fr&rclk=1
Thermes de Bourbon-Lancy,4.5,,Thermes de Bourbon-Lancy,,Brie-Comte-Robert+France,Centre thermal,https://www.google.com/maps/place/Thermes+de+Bourbon-Lancy/data=!4m7!3m6!1s0x47f1703b54b3e551:0x11e87f69086ab4ba!8m2!3d46.6181161!4d3.7696314!16s%2Fg%2F1tfq_rvl!19sChIJUeWzVDtw8UcRurRqCGl_6BE?authuser=0&hl=fr&rclk=1
La chaumière à arparens chambres d'hôtes,5.0,,La chaumière à arparens chambres d'hôtes,,Monès+France,Hôtel avec spa,https://www.google.com/maps/place/La+chaumi%C3%A8re+%C3%A0+arparens+chambres+d%27h%C3%B4tes/data=!4m10!3m9!1s0x12a91580a358aced:0xc9218327aa680413!5m2!4m1!1i2!8m2!3d43.4492448!4d0.8680891!16s%2Fg%2F11mqm0zlts!19sChIJ7axYo4AVqRIREwRoqieDIck?authuser=0&hl=fr&rclk=1
Chateau de Grandvaux,4.9,,Chateau de Grandvaux,,Saint-Edmond+France,Hôtel avec spa,https://www.google.com/maps/place/Chateau+de+Grandvaux/data=!4m10!3m9!1s0x47f3920d39613f7d:0x2785a14b37af993!5m2!4m1!1i2!8m2!3d46.2891062!4d4.333021!16s%2Fg%2F11f54jdksd!19sChIJfT9hOQ2S80cRk_l6sxRaeAI?authuser=0&hl=fr&rclk=1
Nuit2spa,5.0,,Nuit2spa,,Brie-Comte-Robert+France,Centre thermal,https://www.google.com/maps/place/Nuit2spa/data=!4m7!3m6!1s0x47e609f72fbb09dd:0x3900e7255c646b0c!8m2!3d48.6907248!4d2.6090768!16s%2Fg%2F11mm3h48mv!19sChIJ3Qm7L_cJ5kcRDGtkXCXnADk?authuser=0&hl=fr&rclk=1
L’atypique des Fouleries,4.9,,L’atypique des Fouleries,,Fontaine-Raoul+France,Hôtel avec spa,https://www.google.com/maps/place/L%E2%80%99atypique+des+Fouleries/data=!4m10!3m9!1s0x47e37fc08c92f04b:0xbc42b17700f5aa68!5m2!4m1!1i2!8m2!3d48.0715779!4d1.3262425!16s%2Fg%2F11tf_t3188!19sChIJS_CSjMB_40cRaKr1AHexQrw?authuser=0&hl=fr&rclk=1
Le Pavillon,4.2,,Le Pavillon,,Saint-Edmond+France,Hôtel avec spa,https://www.google.com/maps/place/Le+Pavillon/data=!4m10!3m9!1s0x47f4764e2c63f6fb:0x65b9f14b3f52c5f2!5m2!4m1!1i2!8m2!3d46.098239!4d4.360473!16s%2Fg%2F1tgxhdfy!19sChIJ-_ZjLE529EcR8sVSP0vxuWU?authuser=0&hl=fr&rclk=1
Leroy Merlin Brie-Comte-Robert,4.1,,Leroy Merlin Brie-Comte-Robert,,Brie-Comte-Robert+France,Centre thermal,https://www.google.com/maps/place/Leroy+Merlin+Brie-Comte-Robert/data=!4m7!3m6!1s0x47e6081695a5a327:0x313cd96a4d86125f!8m2!3d48.7043553!4d2.6053019!16s%2Fg%2F1tfjp_p4!19sChIJJ6OllRYI5kcRXxKGTWrZPDE?authuser=0&hl=fr&rclk=1
La Cave Margot,4.9,,La Cave Margot,,Fontaine-Raoul+France,Hôtel avec spa,https://www.google.com/maps/place/La+Cave+Margot/data=!4m10!3m9!1s0x47e316bf9f54665f:0x6feb62f5df073399!5m2!4m1!1i2!8m2!3d47.8211734!4d0.8956257!16s%2Fg%2F1hjgmwj3h!19sChIJX2ZUn78W40cRmTMH3_Vi628?authuser=0&hl=fr&rclk=1
le Domaine de la Réserve 71170 Coublanc,4.8,,le Domaine de la Réserve 71170 Coublanc,,Saint-Edmond+France,Hôtel avec spa,https://www.google.com/maps/place/le+Domaine+de+la+R%C3%A9serve+71170+Coublanc/data=!4m10!3m9!1s0x47f38b65eacd1227:0x1728f46ead7a7fb4!5m2!4m1!1i2!8m2!3d46.174465!4d4.2726711!16s%2Fg%2F11h51b5htz!19sChIJJxLN6mWL80cRtH96rW70KBc?authuser=0&hl=fr&rclk=1
Thermes de Cambo-les-Bains,4.5,,Thermes de Cambo-les-Bains,,Brie-Comte-Robert+France,Centre thermal,https://www.google.com/maps/place/Thermes+de+Cambo-les-Bains/data=!4m7!3m6!1s0xd513a54ea1828dd:0xa3f3e8da5cddbf6!8m2!3d43.3546709!4d-1.3876673!16s%2Fg%2F1td1l9mm!19sChIJ3SgY6lQ6UQ0R9tvNpY0-Pwo?authuser=0&hl=fr&rclk=1
Gîte du Prieuré d'Yron,4.7,,Gîte du Prieuré d'Yron,,Fontaine-Raoul+France,Hôtel avec spa,https://www.google.com/maps/place/G%C3%AEte+du+Prieur%C3%A9+d%27Yron/data=!4m10!3m9!1s0x47e37bd72028aedb:0xdb5e4ac937826c53!5m2!4m1!1i2!8m2!3d47.9908173!4d1.226199!16s%2Fg%2F11flxfbhsn!19sChIJ264oINd740cRU2yCN8lKXts?authuser=0&hl=fr&rclk=1
Sa Thermes de Bourbon l'Archambault,4.6,,Sa Thermes de Bourbon l'Archambault,,Brie-Comte-Robert+France,Centre thermal,https://www.google.com/maps/place/Sa+Thermes+de+Bourbon+l%27Archambault/data=!4m7!3m6!1s0x47f0eefa0d726a35:0xd1c2916cbfc79dc9!8m2!3d46.585105!4d3.0559799!16s%2Fg%2F11c5h3vxyq!19sChIJNWpyDfru8EcRyZ3Hv2yRwtE?authuser=0&hl=fr&rclk=1
Les cottages du Loir,4.8,,Les cottages du Loir,,Fontaine-Raoul+France,Hôtel avec spa,https://www.google.com/maps/place/Les+cottages+du+Loir/data=!4m10!3m9!1s0x47e3651288e26ce5:0x5919d240abb1d03b!5m2!4m1!1i2!8m2!3d47.8947085!4d1.2282834!16s%2Fg%2F11v3psz58f!19sChIJ5WziiBJl40cRO9Cxq0DSGVk?authuser=0&hl=fr&rclk=1
O Fil de Soie Charlieu,5.0,,O Fil de Soie Charlieu,,Saint-Edmond+France,Hôtel avec spa,https://www.google.com/maps/place/O+Fil+de+Soie+Charlieu/data=!4m10!3m9!1s0x47f3f5a610318877:0xb0fdd2d6c961db49!5m2!4m1!1i2!8m2!3d46.1585388!4d4.1732118!16s%2Fg%2F11x2vgl4ws!19sChIJd4gxEKb180cRSdthydbS_bA?authuser=0&hl=fr&rclk=1
Les Thermes de Rochefort,4.1,,Les Thermes de Rochefort,,Brie-Comte-Robert+France,Centre thermal,https://www.google.com/maps/place/Les+Thermes+de+Rochefort/data=!4m7!3m6!1s0x480140f14d54dd75:0xafa20d15b30ce36!8m2!3d45.9424288!4d-0.9616928!16s%2Fg%2F11cfv3nzs!19sChIJdd1UTfFAAUgRNs4wW9Eg-go?authuser=0&hl=fr&rclk=1
Ferme de Gorgeat,4.8,,Ferme de Gorgeat,,Fontaine-Raoul+France,Hôtel avec spa,https://www.google.com/maps/place/Ferme+de+Gorgeat/data=!4m10!3m9!1s0x47e36ca63e70f223:0xdecdb3070bef0731!5m2!4m1!1i2!8m2!3d47.841878!4d1.01197!16s%2Fg%2F1tdw7bhv!19sChIJI_JwPqZs40cRMQfvCwezzd4?authuser=0&hl=fr&rclk=1
Les cabanes de la croix couverte,4.9,,Les cabanes de la croix couverte,,Saint-Edmond+France,Hôtel avec spa,https://www.google.com/maps/place/Les+cabanes+de+la+croix+couverte/data=!4m10!3m9!1s0x47f4759866a69d8f:0x4cc39d4812be7911!5m2!4m1!1i2!8m2!3d46.1109996!4d4.2939666!16s%2Fg%2F11b7gxg04h!19sChIJj52mZph19EcREXm-Ekidw0w?authuser=0&hl=fr&rclk=1
Thermes de Saint-Amand-les-Eaux,4.5,,Thermes de Saint-Amand-les-Eaux,,Brie-Comte-Robert+France,Centre thermal,https://www.google.com/maps/place/Thermes+de+Saint-Amand-les-Eaux/data=!4m7!3m6!1s0x47c2ef485f59edc9:0xd66761524581a802!8m2!3d50.4436677!4d3.4750132!16s%2Fg%2F11b6cfw8ph!19sChIJye1ZX0jvwkcRAqiBRVJhZ9Y?authuser=0&hl=fr&rclk=1
La Maison de Dun,4.5,,La Maison de Dun,,Saint-Edmond+France,Hôtel avec spa,https://www.google.com/maps/place/La+Maison+de+Dun/data=!4m10!3m9!1s0x47f38dcc843a704d:0x6c547350489c4533!5m2!4m1!1i2!8m2!3d46.254872!4d4.346597!16s%2Fg%2F11k9gqjsnb!19sChIJTXA6hMyN80cRM0WcSFBzVGw?authuser=0&hl=fr&rclk=1
Thermes de Préchacq-les-bains,4.6,,Thermes de Préchacq-les-bains,,Brie-Comte-Robert+France,Centre thermal,https://www.google.com/maps/place/Thermes+de+Pr%C3%A9chacq-les-bains/data=!4m7!3m6!1s0xd56a042e7d8c9db:0xa9c4350babba657!8m2!3d43.765507!4d-0.9331299!16s%2Fg%2F1q4kn7dy8!19sChIJ28nY50KgVg0RV6a7ulBDnAo?authuser=0&hl=fr&rclk=1
Fitness Park - Salle de sport Brie-Comte-Robert,4.7,,Fitness Park - Salle de sport Brie-Comte-Robert,,Brie-Comte-Robert+France,Centre thermal,https://www.google.com/maps/place/Fitness+Park+-+Salle+de+sport+Brie-Comte-Robert/data=!4m7!3m6!1s0x47e6083dac1b894d:0x2742a1e259cd8a6b!8m2!3d48.7034543!4d2.5985634!16s%2Fg%2F11gbxn4gxn!19sChIJTYkbrD0I5kcRa4rNWeKhQic?authuser=0&hl=fr&rclk=1
Contact Hôtel Utah Beach Carentan,3.8,,SponsoriséPar Booking.com,,Saint-Ébremond-de-Bonfossé+France,Hôtel avec spa,https://www.google.com/maps/place/Contact+H%C3%B4tel+Utah+Beach+Carentan/data=!4m10!3m9!1s0x480b9cc8af7b05f7:0x51608626b8d64499!5m2!4m1!1i2!8m2!3d49.302464!4d-1.220441!16s%2Fg%2F1tfy_hxl!19sChIJ9wV7r8icC0gRmUTWuCaGYFE?authuser=0&hl=fr&rclk=1
Glastint Pare-Brise et Vitres Teintées Brie-Comte-Robert,4.8,,Glastint Pare-Brise et Vitres Teintées Brie-Comte-Robert,,Brie-Comte-Robert+France,Centre thermal,https://www.google.com/maps/place/Glastint+Pare-Brise+et+Vitres+Teint%C3%A9es+Brie-Comte-Robert/data=!4m7!3m6!1s0x47e60817f6110b25:0x69abc8a767f893c7!8m2!3d48.6999972!4d2.5999452!16s%2Fg%2F1tl0wn1q!19sChIJJQsR9hcI5kcRx5P4Z6fIq2k?authuser=0&hl=fr&rclk=1
ibis Avranches Baie du Mont-Saint-Michel,4.1,,SponsoriséPar Booking.com,,Saint-Ébremond-de-Bonfossé+France,Hôtel avec spa,https://www.google.com/maps/place/ibis+Avranches+Baie+du+Mont-Saint-Michel/data=!4m10!3m9!1s0x4809549304766503:0xdf8558b8db31310d!5m2!4m1!1i2!8m2!3d48.648984!4d-1.347906!16s%2Fg%2F11b7crc_v0!19sChIJA2V2BJNUCUgRDTEx27hYhd8?authuser=0&hl=fr&rclk=1
"Hébergements Insolites ETAPE EN FORET Hotel Spa Loisirs, Normandie",4.2,,"Hébergements Insolites ETAPE EN FORET Hotel Spa Loisirs, Normandie",,Saint-Ébremond-de-Bonfossé+France,Hôtel avec spa,"https://www.google.com/maps/place/H%C3%A9bergements+Insolites+ETAPE+EN+FORET+Hotel+Spa+Loisirs,+Normandie/data=!4m10!3m9!1s0x480be794e212d717:0xd8ab0c8d238f7416!5m2!4m1!1i2!8m2!3d48.8326454!4d-1.0368499!16s%2Fg%2F11bzsxp2k1!19sChIJF9cS4pTnC0gRFnSPI40Mq9g?authuser=0&hl=fr&rclk=1"
Hôtel Restaurant Spa Château Saint Gilles,4.9,,Hôtel Restaurant Spa Château Saint Gilles,,Saint-Ébremond-de-Bonfossé+France,Hôtel avec spa,https://www.google.com/maps/place/H%C3%B4tel+Restaurant+Spa+Ch%C3%A2teau+Saint+Gilles/data=!4m10!3m9!1s0x480bad2492bf17bb:0xe2c8192e21628fc9!5m2!4m1!1i2!8m2!3d49.2495852!4d-0.7132622!16s%2Fg%2F11hyt72987!19sChIJuxe_kiStC0gRyY9iIS4ZyOI?authuser=0&hl=fr&rclk=1
Hôtel de la Cité Royale,4.4,,Hôtel de la Cité Royale,,Bridoré+France,Hôtel avec spa,https://www.google.com/maps/place/H%C3%B4tel+de+la+Cit%C3%A9+Royale/data=!4m10!3m9!1s0x47fc95e1a1c62a4b:0x1c7e93b57be0dc5!5m2!4m1!1i2!8m2!3d47.1291161!4d0.994431!16s%2Fg%2F11p4kj54s_!19sChIJSyrGoeGV_EcRxQ2-VzvpxwE?authuser=0&hl=fr&rclk=1
Domaine de la Pommeraye Chambres & Spa,4.7,,Domaine de la Pommeraye Chambres & Spa,,Saint-Ébremond-de-Bonfossé+France,Hôtel avec spa,https://www.google.com/maps/place/Domaine+de+la+Pommeraye+Chambres+%26+Spa/data=!4m10!3m9!1s0x480a3c939a6481db:0xd165357cfdef8e58!5m2!4m1!1i2!8m2!3d48.904975!4d-0.411855!16s%2Fg%2F1thlmggt!19sChIJ24FkmpM8CkgRWI7v_Xw1ZdE?authuser=0&hl=fr&rclk=1
Hôtel Château de la Roque,4.4,,Hôtel Château de la Roque,,Saint-Ébremond-de-Bonfossé+France,Hôtel avec spa,https://www.google.com/maps/place/H%C3%B4tel+Ch%C3%A2teau+de+la+Roque/data=!4m10!3m9!1s0x480b919f8f2fbd13:0x80cba55b00e3cfdc!5m2!4m1!1i2!8m2!3d49.13451!4d-1.1802284!16s%2Fg%2F12qh0nvml!19sChIJE70vj5-RC0gR3M_jAFuly4A?authuser=0&hl=fr&rclk=1
Domaine des Cyclamens,5.0,,Domaine des Cyclamens,,Bridoré+France,Hôtel avec spa,https://www.google.com/maps/place/Domaine+des+Cyclamens/data=!4m10!3m9!1s0x47fc977f8cded4a9:0x396f199f0cc0687d!5m2!4m1!1i2!8m2!3d47.0636708!4d1.0644932!16s%2Fg%2F11g0__x63p!19sChIJqdTejH-X_EcRfWjADJ8Zbzk?authuser=0&hl=fr&rclk=1
Le Hameau de la Closerie,5.0,,Le Hameau de la Closerie,,Bridoré+France,Hôtel avec spa,https://www.google.com/maps/place/Le+Hameau+de+la+Closerie/data=!4m10!3m9!1s0x47fc91c4500d3b45:0xf5c3825e6b85dcaf!5m2!4m1!1i2!8m2!3d47.0001305!4d1.0838638!16s%2Fg%2F11rjqgrmmy!19sChIJRTsNUMSR_EcRr9yFa16Cw_U?authuser=0&hl=fr&rclk=1
Clos de La Richaudière,4.8,,Clos de La Richaudière,,Bridoré+France,Hôtel avec spa,https://www.google.com/maps/place/Clos+de+La+Richaudi%C3%A8re/data=!4m10!3m9!1s0x47fc859350cd81c3:0x7388842fa91d912d!5m2!4m1!1i2!8m2!3d46.9170873!4d1.142056!16s%2Fg%2F11xb5phx8!19sChIJw4HNUJOF_EcRLZEdqS-EiHM?authuser=0&hl=fr&rclk=1
BRIT HOTEL DU LAC,4.1,,SponsoriséPar Booking.com,,Monein+France,Hôtel avec spa,https://www.google.com/maps/place/BRIT+HOTEL+DU+LAC/data=!4m10!3m9!1s0xd56a89897a0cbcf:0x579ed314ba92d370!5m2!4m1!1i2!8m2!3d43.729158!4d-1.064744!16s%2Fg%2F113h19ky6!19sChIJz8ugl5ioVg0RcNOSuhTTnlc?authuser=0&hl=fr&rclk=1
Espace Thermal,4.1,,SponsoriséPar Expedia.fr,,Monein+France,Hôtel avec spa,https://www.google.com/maps/place/Espace+Thermal/data=!4m10!3m9!1s0xd56a60f3f4e9973:0xde490f0cb8fe1441!5m2!4m1!1i2!8m2!3d43.715172!4d-1.04779!16s%2Fg%2F1hc22lm1t!19sChIJc5lOPw-mVg0RQRT-uAwPSd4?authuser=0&hl=fr&rclk=1
Best Western Hotel & SPA Pau Lescar Aeroport,4.3,,Best Western Hotel & SPA Pau Lescar Aeroport,,Monein+France,Hôtel avec spa,https://www.google.com/maps/place/Best+Western+Hotel+%26+SPA+Pau+Lescar+Aeroport/data=!4m10!3m9!1s0xd564fee49af1565:0xc4eecf9dfe9c294d!5m2!4m1!1i2!8m2!3d43.317583!4d-0.4381113!16s%2Fg%2F12hmf99q8!19sChIJZRWvSe5PVg0RTSmc_p3P7sQ?authuser=0&hl=fr&rclk=1
Parc Beaumont Hotel & Spa Pau - MGallery Collection,4.6,,Parc Beaumont Hotel & Spa Pau - MGallery Collection,,Monein+France,Hôtel avec spa,https://www.google.com/maps/place/Parc+Beaumont+Hotel+%26+Spa+Pau+-+MGallery+Collection/data=!4m10!3m9!1s0xd5648dc550ab125:0x6032f82053a5e806!5m2!4m1!1i2!8m2!3d43.2972137!4d-0.3592549!16s%2Fg%2F1v2gg25v!19sChIJJbEKVdxIVg0RBuilUyD4MmA?authuser=0&hl=fr&rclk=1
Bien Hêtre,4.9,,Bien Hêtre,,Monein+France,Hôtel avec spa,https://www.google.com/maps/place/Bien+H%C3%AAtre/data=!4m10!3m9!1s0xd565d5589a27189:0x4a70fa7f49fbe1!5m2!4m1!1i2!8m2!3d43.4826328!4d-0.4531329!16s%2Fg%2F11g8lthm1f!19sChIJiXGiiVVdVg0R4ftJf_pwSgA?authuser=0&hl=fr&rclk=1
Maison Capdevielle,4.7,,Maison Capdevielle,,Monein+France,Hôtel avec spa,https://www.google.com/maps/place/Maison+Capdevielle/data=!4m10!3m9!1s0xd56fb6b10a20657:0x222ebf0552a9d4d1!5m2!4m1!1i2!8m2!3d43.3093914!4d-0.7456761!16s%2Fg%2F11lzknv_8w!19sChIJVwaiEGv7Vg0R0dSpUgW_LiI?authuser=0&hl=fr&rclk=1
Thermes de Molitg-les-Bains,4.5,,Thermes de Molitg-les-Bains,,Monesple+France,Centre thermal,https://www.google.com/maps/place/Thermes+de+Molitg-les-Bains/data=!4m10!3m9!1s0x12affc86c4606e0f:0x5598af7e850643f0!5m2!4m1!1i2!8m2!3d42.6461614!4d2.3866653!16s%2Fg%2F1tfdw0cb!19sChIJD25gxIb8rxIR8EMGhX6vmFU?authuser=0&hl=fr&rclk=1
Domaine de Lespoune,4.6,,Domaine de Lespoune,,Monein+France,Hôtel avec spa,https://www.google.com/maps/place/Domaine+de+Lespoune/data=!4m10!3m9!1s0xd56ef85684bc0bb:0xabb72c5e1aa56e08!5m2!4m1!1i2!8m2!3d43.3317815!4d-0.7819576!16s%2Fg%2F1tvw67rr!19sChIJu8BLaIXvVg0RCG6lGl4st6s?authuser=0&hl=fr&rclk=1
Terres de France - Appart Hotel Le Splendid,3.1,,SponsoriséPar Booking.com,,La Bridoire+France,Hôtel avec spa,https://www.google.com/maps/place/Terres+de+France+-+Appart+Hotel+Le+Splendid/data=!4m10!3m9!1s0x478a4c436c49620d:0xf72a3ccda54e5aae!5m2!4m1!1i2!8m2!3d45.390695!4d6.072953!16s%2Fg%2F1tmptwgb!19sChIJDWJJbENMikcRrlpOpc08Kvc?authuser=0&hl=fr&rclk=1
Thermes de Salies du Salat,4.2,,Thermes de Salies du Salat,,Monesple+France,Centre thermal,https://www.google.com/maps/place/Thermes+de+Salies+du+Salat/data=!4m7!3m6!1s0x12a8de9a3584ba71:0xe334c5756d223c3a!8m2!3d43.1007807!4d0.9562864!16s%2Fg%2F11b6df9tg5!19sChIJcbqENZreqBIROjwibXXFNOM?authuser=0&hl=fr&rclk=1
Les Tanalis - Chambres d'hôtes & gîtes,4.7,,Les Tanalis - Chambres d'hôtes & gîtes,,Monein+France,Hôtel avec spa,https://www.google.com/maps/place/Les+Tanalis+-+Chambres+d%27h%C3%B4tes+%26+g%C3%AEtes/data=!4m10!3m9!1s0xd56e5f001b71ead:0xbc1657b7e0048ede!5m2!4m1!1i2!8m2!3d43.2879608!4d-0.7538843!16s%2Fg%2F11v5vf6t3t!19sChIJrR63AfDlVg0R3o4E4LdXFrw?authuser=0&hl=fr&rclk=1
Hôtel des Princes,4.5,,SponsoriséPar Booking.com,,La Bridoire+France,Hôtel avec spa,https://www.google.com/maps/place/H%C3%B4tel+des+Princes/data=!4m10!3m9!1s0x478ba8f937dae9f7:0xe4f8b7f7892d24db!5m2!4m1!1i2!8m2!3d45.566176!4d5.92191!16s%2Fg%2F1wtbssqh!19sChIJ9-naN_moi0cR2yQtife3-OQ?authuser=0&hl=fr&rclk=1
Établissement Thermal Le Modele,3.0,,Établissement Thermal Le Modele,,Monesple+France,Centre thermal,https://www.google.com/maps/place/%C3%89tablissement+Thermal+Le+Modele/data=!4m7!3m6!1s0x12af9d0decf09af3:0x360c44ba2d45330b!8m2!3d42.7203739!4d1.8394408!16s%2Fg%2F11ff4nnjfl!19sChIJ85rw7A2drxIRCzNFLbpEDDY?authuser=0&hl=fr&rclk=1
Les gîtes de La Maison Bleue d’Estialescq : Le Belvue et Le Cocoon,4.9,,Les gîtes de La Maison Bleue d’Estialescq : Le Belvue et Le Cocoon,,Monein+France,Hôtel avec spa,https://www.google.com/maps/place/Les+g%C3%AEtes+de+La+Maison+Bleue+d%E2%80%99Estialescq+:+Le+Belvue+et+Le+Cocoon/data=!4m10!3m9!1s0xd56545adf4a4be7:0x15fcd3044bef022e!5m2!4m1!1i2!8m2!3d43.2240479!4d-0.5516596!16s%2Fg%2F11hcmk8f08!19sChIJ50tK31pUVg0RLgLvSwTT_BU?authuser=0&hl=fr&rclk=1
"Domaine Sainte Anne: Chambres d'hôtes avec spa et sauna en Savoie, salle de réception, proche Chambéry, Parc de Chartreuse",5.0,,"Domaine Sainte Anne: Chambres d'hôtes avec spa et sauna en Savoie, salle de réception, proche Chambéry, Parc de Chartreuse",,La Bridoire+France,Hôtel avec spa,"https://www.google.com/maps/place/Domaine+Sainte+Anne:+Chambres+d%27h%C3%B4tes+avec+spa+et+sauna+en+Savoie,+salle+de+r%C3%A9ception,+proche+Chamb%C3%A9ry,+Parc+de+Chartreuse/data=!4m10!3m9!1s0x478b03b9ac338adb:0xb13a2729e74cf547!5m2!4m1!1i2!8m2!3d45.481377!4d5.7317979!16s%2Fg%2F11rrjtwc1h!19sChIJ24ozrLkDi0cRR_VM5yknOrE?authuser=0&hl=fr&rclk=1"
Le Château D'Espalungue,4.5,,Le Château D'Espalungue,,Monein+France,Hôtel avec spa,https://www.google.com/maps/place/Le+Ch%C3%A2teau+D%27Espalungue/data=!4m10!3m9!1s0xd56fad772109c3b:0x88763f29d882563d!5m2!4m1!1i2!8m2!3d43.2915074!4d-0.7449023!16s%2Fg%2F1q6j4gpg3!19sChIJO5wQctf6Vg0RPVaC2Ck_dog?authuser=0&hl=fr&rclk=1
Thermes de Bourbon-Lancy,4.5,,Thermes de Bourbon-Lancy,,Brie+France,Centre thermal,https://www.google.com/maps/place/Thermes+de+Bourbon-Lancy/data=!4m7!3m6!1s0x47f1703b54b3e551:0x11e87f69086ab4ba!8m2!3d46.6181161!4d3.7696314!16s%2Fg%2F1tfq_rvl!19sChIJUeWzVDtw8UcRurRqCGl_6BE?authuser=0&hl=fr&rclk=1
Petit Hôtel Confidentiel · Hôtel 5 étoiles,4.8,,Petit Hôtel Confidentiel,Hôtel 5 étoiles,La Bridoire+France,Hôtel avec spa,https://www.google.com/maps/place/Petit+H%C3%B4tel+Confidentiel+%C2%B7+H%C3%B4tel+5+%C3%A9toiles/data=!4m10!3m9!1s0x478ba855ff4961d3:0xa8542576b3a2c6b4!5m2!4m1!1i2!8m2!3d45.5657225!4d5.9177473!16s%2Fg%2F1tqtwslm!19sChIJ02FJ_1Woi0cRtMais3YlVKg?authuser=0&hl=fr&rclk=1
Thermes de Cambo-les-Bains,4.5,,Thermes de Cambo-les-Bains,,Monesple+France,Centre thermal,https://www.google.com/maps/place/Thermes+de+Cambo-les-Bains/data=!4m7!3m6!1s0xd513a54ea1828dd:0xa3f3e8da5cddbf6!8m2!3d43.3546709!4d-1.3876673!16s%2Fg%2F1td1l9mm!19sChIJ3SgY6lQ6UQ0R9tvNpY0-Pwo?authuser=0&hl=fr&rclk=1
Vincent PRUET,4.8,,Vincent PRUET,,Monein+France,Hôtel avec spa,https://www.google.com/maps/place/Vincent+PRUET/data=!4m10!3m9!1s0xd568dbad6ad052d:0xd071192c6de6f842!5m2!4m1!1i2!8m2!3d43.4817495!4d-0.7445215!16s%2Fg%2F11f775p3k5!19sChIJLQWt1rqNVg0RQvjmbSwZcdA?authuser=0&hl=fr&rclk=1
Les Thermes du Sultan,4.5,,Les Thermes du Sultan,,Saint-Égrève+France,Centre thermal,https://www.google.com/maps/place/Les+Thermes+du+Sultan/data=!4m7!3m6!1s0x478ae79a8137a607:0xfb50616424356720!8m2!3d45.2224767!4d5.6733126!16s%2Fg%2F1tcxc2hp!19sChIJB6Y3gZrnikcRIGc1JGRhUPs?authuser=0&hl=fr&rclk=1
Thermes du Teich,4.3,,Thermes du Teich,,Monesple+France,Centre thermal,https://www.google.com/maps/place/Thermes+du+Teich/data=!4m7!3m6!1s0x12af9d64c16f8b7f:0xc836a35d8fa0dfa1!8m2!3d42.7184803!4d1.8384595!16s%2Fg%2F11b6czb_pj!19sChIJf4tvwWSdrxIRod-gj12jNsg?authuser=0&hl=fr&rclk=1
Thermes de Cambo-les-Bains,4.5,,Thermes de Cambo-les-Bains,,Brie+France,Centre thermal,https://www.google.com/maps/place/Thermes+de+Cambo-les-Bains/data=!4m7!3m6!1s0xd513a54ea1828dd:0xa3f3e8da5cddbf6!8m2!3d43.3546709!4d-1.3876673!16s%2Fg%2F1td1l9mm!19sChIJ3SgY6lQ6UQ0R9tvNpY0-Pwo?authuser=0&hl=fr&rclk=1
Zenia Hôtel & Spa,3.6,,SponsoriséPar Booking.com,,Fontaine-Notre-Dame+France,Hôtel avec spa,https://www.google.com/maps/place/Zenia+H%C3%B4tel+%26+Spa/data=!4m10!3m9!1s0x47c2bb48015007f7:0x2047a69826f3cbdc!5m2!4m1!1i2!8m2!3d50.148917!4d3.213375!16s%2Fg%2F1tk9py1s!19sChIJ9wdQAUi7wkcR3MvzJpimRyA?authuser=0&hl=fr&rclk=1
Hôtel Miura,4.6,,Hôtel Miura,,La Bridoire+France,Hôtel avec spa,https://www.google.com/maps/place/H%C3%B4tel+Miura/data=!4m10!3m9!1s0x478ba74a8eb48b23:0x132ba22439bd5e26!5m2!4m1!1i2!8m2!3d45.636769!4d5.8912741!16s%2Fg%2F11sdypl9h1!19sChIJI4u0jkqni0cRJl69OSSiKxM?authuser=0&hl=fr&rclk=1
Domaine Cherps,5.0,,Domaine Cherps,,Monein+France,Hôtel avec spa,https://www.google.com/maps/place/Domaine+Cherps/data=!4m10!3m9!1s0xd56f1c2da0ca76d:0xc5c46dafed86643f!5m2!4m1!1i2!8m2!3d43.3648221!4d-0.7161714!16s%2Fg%2F11wn59d9z7!19sChIJbacM2sLxVg0RP2SG7a9txMU?authuser=0&hl=fr&rclk=1
Zenia Hôtel & Spa,3.6,,Zenia Hôtel & Spa,,Fontaine-Notre-Dame+France,Hôtel avec spa,https://www.google.com/maps/place/Zenia+H%C3%B4tel+%26+Spa/data=!4m10!3m9!1s0x47c2bb381dd984af:0x2047a69826f3cbdc!5m2!4m1!1i2!8m2!3d50.1489167!4d3.213375!16s%2Fg%2F1tk9py1s!19sChIJr4TZHTi7wkcR3MvzJpimRyA?authuser=0&hl=fr&rclk=1
Thermes de Préchacq-les-bains,4.6,,Thermes de Préchacq-les-bains,,Brie+France,Centre thermal,https://www.google.com/maps/place/Thermes+de+Pr%C3%A9chacq-les-bains/data=!4m7!3m6!1s0xd56a042e7d8c9db:0xa9c4350babba657!8m2!3d43.765507!4d-0.9331299!16s%2Fg%2F1q4kn7dy8!19sChIJ28nY50KgVg0RV6a7ulBDnAo?authuser=0&hl=fr&rclk=1
Les Thermes du Sultan KIDS et 100% féminin,4.7,,Les Thermes du Sultan KIDS et 100% féminin,,Saint-Égrève+France,Centre thermal,https://www.google.com/maps/place/Les+Thermes+du+Sultan+KIDS+et+100%25+f%C3%A9minin/data=!4m7!3m6!1s0x478af35e39733239:0xb6ebe20f6f57691!8m2!3d45.2170145!4d5.6792949!16s%2Fg%2F11wj3lj2sk!19sChIJOTJzOV7zikcRkXb19iC-bgs?authuser=0&hl=fr&rclk=1
Maison L'Incomparable,4.6,,Maison L'Incomparable,,La Bridoire+France,Hôtel avec spa,https://www.google.com/maps/place/Maison+L%27Incomparable/data=!4m10!3m9!1s0x478ba756be0b2509:0x89423346e2621a3a!5m2!4m1!1i2!8m2!3d45.6706462!4d5.8994148!16s%2Fg%2F11h7b4kz8t!19sChIJCSULvlani0cROhpi4kYzQok?authuser=0&hl=fr&rclk=1
La Maison du soleil L’Aulhere,4.8,,La Maison du soleil L’Aulhere,,Monein+France,Hôtel avec spa,https://www.google.com/maps/place/La+Maison+du+soleil+L%E2%80%99Aulhere/data=!4m10!3m9!1s0xd56ff8f8cb66ca1:0x554e3ed99d423e0e!5m2!4m1!1i2!8m2!3d43.2324735!4d-0.6218801!16s%2Fg%2F11h_bqp1c4!19sChIJoWy2jI__Vg0RDj5Cndk-TlU?authuser=0&hl=fr&rclk=1
Thermes de Bourbonne-les-Bains - Institut et spa,4.1,,Thermes de Bourbonne-les-Bains - Institut et spa,,Brie+France,Centre thermal,https://www.google.com/maps/place/Thermes+de+Bourbonne-les-Bains+-+Institut+et+spa/data=!4m7!3m6!1s0x479329e96677531b:0xc398ea10722e2ae!8m2!3d47.9510442!4d5.7467987!16s%2Fg%2F11xfbkzfk!19sChIJG1N3Zukpk0cRruIiB6GOOQw?authuser=0&hl=fr&rclk=1
Mon Doux Repos,4.6,,Mon Doux Repos,,Fontaine-Notre-Dame+France,Hôtel avec spa,https://www.google.com/maps/place/Mon+Doux+Repos/data=!4m10!3m9!1s0x47c2b96e8c2f61e3:0x5f725bda593f9f6b!5m2!4m1!1i2!8m2!3d50.1860837!4d3.2388036!16s%2Fg%2F1tf3n1rt!19sChIJ42EvjG65wkcRa58_Wdpbcl8?authuser=0&hl=fr&rclk=1
Domaine LAPEDAGNE,5.0,,Domaine LAPEDAGNE,,Monein+France,Hôtel avec spa,https://www.google.com/maps/place/Domaine+LAPEDAGNE/data=!4m10!3m9!1s0xd570576225ce293:0xf97f595b3f83d0c5!5m2!4m1!1i2!8m2!3d43.0948679!4d-0.7137802!16s%2Fg%2F11n4vx3w2l!19sChIJk-JcInYFVw0RxdCDP1tZf_k?authuser=0&hl=fr&rclk=1
Hôtel des Princes,4.5,,Hôtel des Princes,,La Bridoire+France,Hôtel avec spa,https://www.google.com/maps/place/H%C3%B4tel+des+Princes/data=!4m10!3m9!1s0x478ba8f94634345f:0xe4f8b7f7892d24db!5m2!4m1!1i2!8m2!3d45.5661764!4d5.9219099!16s%2Fg%2F1wtbssqh!19sChIJXzQ0Rvmoi0cR2yQtife3-OQ?authuser=0&hl=fr&rclk=1
Sa Thermes de Bourbon l'Archambault,4.6,,Sa Thermes de Bourbon l'Archambault,,Brie+France,Centre thermal,https://www.google.com/maps/place/Sa+Thermes+de+Bourbon+l%27Archambault/data=!4m7!3m6!1s0x47f0eefa0d726a35:0xd1c2916cbfc79dc9!8m2!3d46.585105!4d3.0559799!16s%2Fg%2F11c5h3vxyq!19sChIJNWpyDfru8EcRyZ3Hv2yRwtE?authuser=0&hl=fr&rclk=1
La Suite du Domaine La Paloma,5.0,,La Suite du Domaine La Paloma,,Monein+France,Hôtel avec spa,https://www.google.com/maps/place/La+Suite+du+Domaine+La+Paloma/data=!4m10!3m9!1s0xd564fed914f3967:0x108f9795a48f23a0!5m2!4m1!1i2!8m2!3d43.2775843!4d-0.406342!16s%2Fg%2F11wfy900pc!19sChIJZzlPke1PVg0RoCOPpJWXjxA?authuser=0&hl=fr&rclk=1
Les Thermes de Rochefort,4.1,,Les Thermes de Rochefort,,Brie+France,Centre thermal,https://www.google.com/maps/place/Les+Thermes+de+Rochefort/data=!4m7!3m6!1s0x480140f14d54dd75:0xafa20d15b30ce36!8m2!3d45.9424288!4d-0.9616928!16s%2Fg%2F11cfv3nzs!19sChIJdd1UTfFAAUgRNs4wW9Eg-go?authuser=0&hl=fr&rclk=1
Gîte & Spa KYO-ALPES en Savoie,4.9,,Gîte & Spa KYO-ALPES en Savoie,,La Bridoire+France,Hôtel avec spa,https://www.google.com/maps/place/G%C3%AEte+%26+Spa+KYO-ALPES+en+Savoie/data=!4m10!3m9!1s0x478ba9bd0c09d453:0x75ee40cf1fd315fe!5m2!4m1!1i2!8m2!3d45.5412077!4d5.8834484!16s%2Fg%2F11qn67cjsl!19sChIJU9QJDL2pi0cR_hXTH89A7nU?authuser=0&hl=fr&rclk=1
Cabanots - Ecolodge et Soins en Vallée d'Ossau,5.0,,Cabanots - Ecolodge et Soins en Vallée d'Ossau,,Monein+France,Hôtel avec spa,https://www.google.com/maps/place/Cabanots+-+Ecolodge+et+Soins+en+Vall%C3%A9e+d%27Ossau/data=!4m10!3m9!1s0xd57b7c723c80b3f:0xb7316a34c86c317d!5m2!4m1!1i2!8m2!3d43.0583744!4d-0.3726561!16s%2Fg%2F11kj75yt0v!19sChIJPwvII8e3Vw0RfTFsyDRqMbc?authuser=0&hl=fr&rclk=1
Les Thermes de la Léchère,4.4,,Les Thermes de la Léchère,,Brie+France,Centre thermal,https://www.google.com/maps/place/Les+Thermes+de+la+L%C3%A9ch%C3%A8re/data=!4m7!3m6!1s0x478bd6cc13a06df7:0x469529f8a23d14ad!8m2!3d45.5164328!4d6.4823497!16s%2Fg%2F11c1wshc1t!19sChIJ922gE8zWi0cRrRQ9ovgplUY?authuser=0&hl=fr&rclk=1
ETCHE ARGUINIA CHAMBRES HOTES,4.9,,ETCHE ARGUINIA CHAMBRES HOTES,,Monein+France,Hôtel avec spa,https://www.google.com/maps/place/ETCHE+ARGUINIA+CHAMBRES+HOTES/data=!4m10!3m9!1s0xd571c0c1eb6d49b:0x51f700a3b0fbf570!5m2!4m1!1i2!8m2!3d43.100161!4d-0.804885!16s%2Fg%2F11k_n0ck5p!19sChIJm9S2HgwcVw0RcPX7sKMA91E?authuser=0&hl=fr&rclk=1
HAKUNA MATATA - Gite & Spa,4.6,,HAKUNA MATATA - Gite & Spa,,La Bridoire+France,Hôtel avec spa,https://www.google.com/maps/place/HAKUNA+MATATA+-+Gite+%26+Spa/data=!4m10!3m9!1s0x478b11ed65baa5f3:0x9916ca9915a7571a!5m2!4m1!1i2!8m2!3d45.6093866!4d5.6801263!16s%2Fg%2F11j6ybwwsh!19sChIJ86W6Ze0Ri0cRGlenFZnKFpk?authuser=0&hl=fr&rclk=1
Centre Thermal La Roche-Posay,4.3,,Centre Thermal La Roche-Posay,,Brie+France,Centre thermal,https://www.google.com/maps/place/Centre+Thermal+La+Roche-Posay/data=!4m7!3m6!1s0x47fc583265c9105d:0x5140c34169acc657!8m2!3d46.7783958!4d0.809023!16s%2Fg%2F11dxq7hgpj!19sChIJXRDJZTJY_EcRV8asaUHDQFE?authuser=0&hl=fr&rclk=1
Gîte du Château De Porthos Guesthouse,4.9,,Gîte du Château De Porthos Guesthouse,,Monein+France,Hôtel avec spa,https://www.google.com/maps/place/G%C3%AEte+du+Ch%C3%A2teau+De+Porthos+Guesthouse/data=!4m10!3m9!1s0xd571cb66cb4b9dd:0x35c53711592d92bd!5m2!4m1!1i2!8m2!3d43.1131572!4d-0.7578199!16s%2Fg%2F1ptw6x3f_!19sChIJ3bm0bLYcVw0RvZItWRE3xTU?authuser=0&hl=fr&rclk=1
Le garage de Sophie,5.0,,Le garage de Sophie,,La Bridoire+France,Hôtel avec spa,https://www.google.com/maps/place/Le+garage+de+Sophie/data=!4m10!3m9!1s0x478b072be6676f2d:0x5ea57b3cd66f971f!5m2!4m1!1i2!8m2!3d45.5390488!4d5.8187735!16s%2Fg%2F11jg40xrqn!19sChIJLW9n5isHi0cRH5dv1jx7pV4?authuser=0&hl=fr&rclk=1
Thermes du Mont Dore,4.5,,Thermes du Mont Dore,,Bridoré+France,Centre thermal,https://www.google.com/maps/place/Thermes+du+Mont+Dore/data=!4m7!3m6!1s0x47f77565c66fbc49:0x43a137b1cb0e20bc!8m2!3d45.5739565!4d2.8108467!16s%2Fg%2F11bzq3vk_y!19sChIJSbxvxmV190cRvCAOy7E3oUM?authuser=0&hl=fr&rclk=1
Thermes de Saint-Amand-les-Eaux,4.5,,Thermes de Saint-Amand-les-Eaux,,Brie+France,Centre thermal,https://www.google.com/maps/place/Thermes+de+Saint-Amand-les-Eaux/data=!4m7!3m6!1s0x47c2ef485f59edc9:0xd66761524581a802!8m2!3d50.4436677!4d3.4750132!16s%2Fg%2F11b6cfw8ph!19sChIJye1ZX0jvwkcRAqiBRVJhZ9Y?authuser=0&hl=fr&rclk=1
Kokoni-en-bearn/tiny houses/bain nordique/Pyrénées,5.0,,Kokoni-en-bearn/tiny houses/bain nordique/Pyrénées,,Monein+France,Hôtel avec spa,https://www.google.com/maps/place/Kokoni-en-bearn%2Ftiny+houses%2Fbain+nordique%2FPyr%C3%A9n%C3%A9es/data=!4m10!3m9!1s0xd570310517ad3a9:0x31ba39672eebf4b5!5m2!4m1!1i2!8m2!3d43.09438!4d-0.722642!16s%2Fg%2F11q3y997bg!19sChIJqdN6URADVw0RtfTrLmc5ujE?authuser=0&hl=fr&rclk=1
Thermes de Brides-les-Bains,4.1,,Thermes de Brides-les-Bains,,Bridoré+France,Centre thermal,https://www.google.com/maps/place/Thermes+de+Brides-les-Bains/data=!4m7!3m6!1s0x47897e338054f523:0x55a3e69806c9ec38!8m2!3d45.4529206!4d6.5680994!16s%2Fg%2F1hc18hsmp!19sChIJI_VUgDN-iUcROOzJBpjmo1U?authuser=0&hl=fr&rclk=1
Les Balcons de la Terrosière,5.0,,Les Balcons de la Terrosière,,La Bridoire+France,Hôtel avec spa,https://www.google.com/maps/place/Les+Balcons+de+la+Terrosi%C3%A8re/data=!4m10!3m9!1s0x478b0f0e61d355af:0xf3106d7010077838!5m2!4m1!1i2!8m2!3d45.66858!4d5.7835827!16s%2Fg%2F11wr2pgdlp!19sChIJr1XTYQ4Pi0cROHgHEHBtEPM?authuser=0&hl=fr&rclk=1
Thermes du Connétable,4.4,,Thermes du Connétable,,Brie+France,Centre thermal,https://www.google.com/maps/place/Thermes+du+Conn%C3%A9table/data=!4m7!3m6!1s0x47fc59d19e62a45d:0xf632a1497afe4f4!8m2!3d46.7779668!4d0.8092815!16s%2Fg%2F11c60jp_vz!19sChIJXaRintFZ_EcR9OSvlxQqYw8?authuser=0&hl=fr&rclk=1
Le Chalet d'ozenx,,,Le Chalet d'ozenx,,Monein+France,Hôtel avec spa,https://www.google.com/maps/place/Le+Chalet+d%27ozenx/data=!4m10!3m9!1s0xd56ed93a334377b:0x2496abfeabb6a82e!5m2!4m1!1i2!8m2!3d43.4365322!4d-0.7996118!16s%2Fg%2F11ytnmkwyd!19sChIJezc0o5PtVg0RLqi2q_6rliQ?authuser=0&hl=fr&rclk=1
Le Grand Spa Thermal,4.4,,Le Grand Spa Thermal,,Bridoré+France,Centre thermal,https://www.google.com/maps/place/Le+Grand+Spa+Thermal/data=!4m7!3m6!1s0x47897f0644144465:0x1e26e5a734e6bfb5!8m2!3d45.4532222!4d6.5677186!16s%2Fg%2F11rz4zcfry!19sChIJZUQURAZ_iUcRtb_mNKflJh4?authuser=0&hl=fr&rclk=1
Thermes du Domaine de Marlioz Aix-les-Bains,4.3,,Thermes du Domaine de Marlioz Aix-les-Bains,,Brie+France,Centre thermal,https://www.google.com/maps/place/Thermes+du+Domaine+de+Marlioz+Aix-les-Bains/data=!4m7!3m6!1s0x478ba0b2b590dc4b:0x38c4b6b41960f68b!8m2!3d45.6741028!4d5.909717!16s%2Fg%2F12ml2vty7!19sChIJS9yQtbKgi0cRi_ZgGbS2xDg?authuser=0&hl=fr&rclk=1
Domaine Harmonia,4.9,,Domaine Harmonia,,La Bridoire+France,Hôtel avec spa,https://www.google.com/maps/place/Domaine+Harmonia/data=!4m10!3m9!1s0x478b19f910fee98b:0x5f444e4dc5b272f8!5m2!4m1!1i2!8m2!3d45.5774759!4d5.5306983!16s%2Fg%2F11vr8y3zg_!19sChIJi-n-EPkZi0cR-HKyxU1ORF8?authuser=0&hl=fr&rclk=1
b’o resort thermal & spa,4.0,,b’o resort thermal & spa,,Bridoré+France,Centre thermal,https://www.google.com/maps/place/b%E2%80%99o+resort+thermal+%26+spa/data=!4m7!3m6!1s0x4809920fb7cde013:0xb9f68bb714bc27fa!8m2!3d48.5541499!4d-0.4163055!16s%2Fg%2F1223wsxy!19sChIJE-DNtw-SCUgR-ie8FLeL9rk?authuser=0&hl=fr&rclk=1
"Monchâteau étoilé : Bulle, Cabane dans les arbres et Cabane étoilée avec Spa",4.8,,"Monchâteau étoilé : Bulle, Cabane dans les arbres et Cabane étoilée avec Spa",,La Bridoire+France,Hôtel avec spa,"https://www.google.com/maps/place/Monch%C3%A2teau+%C3%A9toil%C3%A9+:+Bulle,+Cabane+dans+les+arbres+et+Cabane+%C3%A9toil%C3%A9e+avec+Spa/data=!4m10!3m9!1s0x478ae32060c6cf91:0xa1574fa39ccf9677!5m2!4m1!1i2!8m2!3d45.4266001!4d5.6484784!16s%2Fg%2F11gd39byw2!19sChIJkc_GYCDjikcRd5bPnKNPV6E?authuser=0&hl=fr&rclk=1"
b’o resort thermal & spa,4.0,,b’o resort thermal & spa,,Brie+France,Centre thermal,https://www.google.com/maps/place/b%E2%80%99o+resort+thermal+%26+spa/data=!4m7!3m6!1s0x4809920fb7cde013:0xb9f68bb714bc27fa!8m2!3d48.5541499!4d-0.4163055!16s%2Fg%2F1223wsxy!19sChIJE-DNtw-SCUgR-ie8FLeL9rk?authuser=0&hl=fr&rclk=1
L'Oréade,3.6,,L'Oréade,,Brie-Comte-Robert+France,Parc aquatique,https://www.google.com/maps/place/L%27Or%C3%A9ade/data=!4m7!3m6!1s0x47e60805b2dcd6a3:0x47abe6b24f927b75!8m2!3d48.697707!4d2.617141!16s%2Fg%2F11b6g8prk2!19sChIJo9bcsgUI5kcRdXuST7Lmq0c?authuser=0&hl=fr&rclk=1
b'o spa thermal,4.0,,b'o spa thermal,,Bridoré+France,Centre thermal,https://www.google.com/maps/place/b%27o+spa+thermal/data=!4m7!3m6!1s0x48099354b4290a4d:0x49a431f318ee31c1!8m2!3d48.5561274!4d-0.4180231!16s%2Fg%2F11qg9cthwl!19sChIJTQoptFSTCUgRwTHuGPMxpEk?authuser=0&hl=fr&rclk=1
L'Ile aux Cottages,5.0,,L'Ile aux Cottages,,La Bridoire+France,Hôtel avec spa,https://www.google.com/maps/place/L%27Ile+aux+Cottages/data=!4m10!3m9!1s0x478b11b6e924a721:0x86a9649a41c26674!5m2!4m1!1i2!8m2!3d45.6374881!4d5.6421309!16s%2Fg%2F11y_t6ll1c!19sChIJIack6bYRi0cRdGbCQZpkqYY?authuser=0&hl=fr&rclk=1
Chaine Thermale du Soleil,3.5,,Chaine Thermale du Soleil,,Brie+France,Centre thermal,https://www.google.com/maps/place/Chaine+Thermale+du+Soleil/data=!4m7!3m6!1s0x47e66e3066ae5ce3:0x405b21b1095dce3!8m2!3d48.8674247!4d2.3333415!16s%2Fg%2F1v6l6t5m!19sChIJ41yuZjBu5kcR49yVEBuyBQQ?authuser=0&hl=fr&rclk=1
Centre Aquatique Nymphéa,3.8,,Centre Aquatique Nymphéa,,Brie-Comte-Robert+France,Parc aquatique,https://www.google.com/maps/place/Centre+Aquatique+Nymph%C3%A9a/data=!4m7!3m6!1s0x47e5e33f94310bc3:0xffa8618df3176864!8m2!3d48.631977!4d2.595295!16s%2Fg%2F1tcv0qx6!19sChIJwwsxlD_j5UcRZGgX841hqP8?authuser=0&hl=fr&rclk=1
Fontaine-Raoul,,,Fontaine-Raoul,,Fontaine-Raoul+France,Centre thermal,https://www.google.com/maps/place/Fontaine-Raoul/data=!4m7!3m6!1s0x47e370e01d2ebff5:0x40dc8d705382570!8m2!3d47.989722!4d1.139275!16s%2Fm%2F03nw01p!19sChIJ9b8uHeBw40cRcCU4BdfIDQQ?authuser=0&hl=fr&rclk=1
Sa Thermes de Bourbon l'Archambault,4.6,,Sa Thermes de Bourbon l'Archambault,,Bridoré+France,Centre thermal,https://www.google.com/maps/place/Sa+Thermes+de+Bourbon+l%27Archambault/data=!4m7!3m6!1s0x47f0eefa0d726a35:0xd1c2916cbfc79dc9!8m2!3d46.585105!4d3.0559799!16s%2Fg%2F11c5h3vxyq!19sChIJNWpyDfru8EcRyZ3Hv2yRwtE?authuser=0&hl=fr&rclk=1
Grands Thermes,4.4,,Grands Thermes,,Monès+France,Centre thermal,https://www.google.com/maps/place/Grands+Thermes/data=!4m7!3m6!1s0x12a82e2bd1cb8e1d:0xbeeeb9559e57d6a0!8m2!3d43.0622219!4d0.1465763!16s%2Fg%2F121xk2y7!19sChIJHY7L0SsuqBIRoNZXnlW57r4?authuser=0&hl=fr&rclk=1
Hôtel 3 étoiles Villa Marlioz - Aix les Bains - Vacances Bleues,3.7,,Hôtel 3 étoiles Villa Marlioz - Aix les Bains - Vacances Bleues,,La Bridoire+France,Hôtel avec spa,https://www.google.com/maps/place/H%C3%B4tel+3+%C3%A9toiles+Villa+Marlioz+-+Aix+les+Bains+-+Vacances+Bleues/data=!4m10!3m9!1s0x478ba74c6e4bba29:0xae48a2431f0870d0!5m2!4m1!1i2!8m2!3d45.6724431!4d5.9118594!16s%2Fg%2F1tfzwcxv!19sChIJKbpLbkyni0cR0HAIH0OiSK4?authuser=0&hl=fr&rclk=1
Station thermale La Chaldette,4.3,,Station thermale La Chaldette,,Brie+France,Centre thermal,https://www.google.com/maps/place/Station+thermale+La+Chaldette/data=!4m7!3m6!1s0x12b2d9a8ac0ab745:0x3f01413553cc168a!8m2!3d44.7720195!4d3.0433149!16s%2Fg%2F1tkp1vx_!19sChIJRbcKrKjZshIRihbMUzVBAT8?authuser=0&hl=fr&rclk=1
Centre Thermal Thérapeutique d'Uriage (cure),3.8,,Centre Thermal Thérapeutique d'Uriage (cure),,Bridoré+France,Centre thermal,https://www.google.com/maps/place/Centre+Thermal+Th%C3%A9rapeutique+d%27Uriage+%28cure%29/data=!4m7!3m6!1s0x478a6062c105aa4f:0x40eafa90b4168c1d!8m2!3d45.1425842!4d5.8307248!16s%2Fg%2F1xgz9pf8!19sChIJT6oFwWJgikcRHYwWtJD66kA?authuser=0&hl=fr&rclk=1
Logis Hôtel la Ruche,4.0,,SponsoriséPar Booking.com,,Mondreville+France,Hôtel avec spa,https://www.google.com/maps/place/Logis+H%C3%B4tel+la+Ruche/data=!4m10!3m9!1s0x47e6b86416aa97f1:0xeebf6d6c0ae81680!5m2!4m1!1i2!8m2!3d49.0159!4d1.6109!16s%2Fg%2F11b61rbfpc!19sChIJ8ZeqFmS45kcRgBboCmxtv-4?authuser=0&hl=fr&rclk=1
Thermes de Cambo-les-Bains,4.5,,Thermes de Cambo-les-Bains,,Monès+France,Centre thermal,https://www.google.com/maps/place/Thermes+de+Cambo-les-Bains/data=!4m7!3m6!1s0xd513a54ea1828dd:0xa3f3e8da5cddbf6!8m2!3d43.3546709!4d-1.3876673!16s%2Fg%2F1td1l9mm!19sChIJ3SgY6lQ6UQ0R9tvNpY0-Pwo?authuser=0&hl=fr&rclk=1
Centre Aquatique Camille Muffat,4.1,,Centre Aquatique Camille Muffat,,Brie-Comte-Robert+France,Parc aquatique,https://www.google.com/maps/place/Centre+Aquatique+Camille+Muffat/data=!4m7!3m6!1s0x47e5e25057c5f07b:0xd75e45e9751a38a8!8m2!3d48.6590824!4d2.5660086!16s%2Fg%2F11c1p4qg21!19sChIJe_DFV1Di5UcRqDgadelFXtc?authuser=0&hl=fr&rclk=1
Chambres et table d'hôtes Ysalice Merlas,5.0,,Chambres et table d'hôtes Ysalice Merlas,,La Bridoire+France,Hôtel avec spa,https://www.google.com/maps/place/Chambres+et+table+d%27h%C3%B4tes+Ysalice+Merlas/data=!4m10!3m9!1s0x478ae3c3a2bcad8b:0x3e8bda7b3190c824!5m2!4m1!1i2!8m2!3d45.4285978!4d5.6298491!16s%2Fg%2F11v0c92z2y!19sChIJi628osPjikcRJMiQMXvaiz4?authuser=0&hl=fr&rclk=1
Les Thermes de Saint-Gervais Mont Blanc,3.9,,Les Thermes de Saint-Gervais Mont Blanc,,Brie+France,Centre thermal,https://www.google.com/maps/place/Les+Thermes+de+Saint-Gervais+Mont+Blanc/data=!4m7!3m6!1s0x478957023f819169:0xfe034006c766f1fe!8m2!3d45.896595!4d6.7063356!16s%2Fg%2F11fjsbvs86!19sChIJaZGBPwJXiUcR_vFmxwZAA_4?authuser=0&hl=fr&rclk=1
Centre Thermal Avène,4.7,,Centre Thermal Avène,,Monès+France,Centre thermal,https://www.google.com/maps/place/Centre+Thermal+Av%C3%A8ne/data=!4m7!3m6!1s0x12b3d55a43fd4025:0x3916a850471becf0!8m2!3d43.754685!4d3.109156!16s%2Fg%2F1th2n6q9!19sChIJJUD9Q1rVsxIR8OwbR1CoFjk?authuser=0&hl=fr&rclk=1
Château de Bridoré,4.5,,Château de Bridoré,,Bridoré+France,Centre thermal,https://www.google.com/maps/place/Ch%C3%A2teau+de+Bridor%C3%A9/data=!4m7!3m6!1s0x47fc9111c16fccdb:0x8642037a0ad29d72!8m2!3d47.024779!4d1.0815401!16s%2Fg%2F11dybf6qh7!19sChIJ28xvwRGR_EcRcp3SCnoDQoY?authuser=0&hl=fr&rclk=1
Thermes Les Dômes Vichy,3.6,,Thermes Les Dômes Vichy,,Brie+France,Centre thermal,https://www.google.com/maps/place/Thermes+Les+D%C3%B4mes+Vichy/data=!4m7!3m6!1s0x47f6cd0b7ab02dbb:0x2cba0a70509e12c8!8m2!3d46.1268723!4d3.4186155!16s%2Fg%2F1vyn36mk!19sChIJuy2wegvN9kcRyBKeUHAKuiw?authuser=0&hl=fr&rclk=1
Domaine de Primard,4.6,,Domaine de Primard,,Mondreville+France,Hôtel avec spa,https://www.google.com/maps/place/Domaine+de+Primard/data=!4m10!3m9!1s0x47e6b3f5337453bd:0x396f2497eee70534!5m2!4m1!1i2!8m2!3d48.9123465!4d1.4615169!16s%2Fg%2F11lrnkgmkb!19sChIJvVN0M_Wz5kcRNAXn7pckbzk?authuser=0&hl=fr&rclk=1
Thermes d'Eugénie-les-Bains,4.6,,Thermes d'Eugénie-les-Bains,,Monès+France,Centre thermal,https://www.google.com/maps/place/Thermes+d%27Eug%C3%A9nie-les-Bains/data=!4m7!3m6!1s0xd56715dd6916685:0x9e3b18ef79373d3d!8m2!3d43.6964942!4d-0.3797404!16s%2Fg%2F11c0tnf2nt!19sChIJhWaR1l1xVg0RPT03ee8YO54?authuser=0&hl=fr&rclk=1
"Domaine des Thômeaux, The Originals Relais",4.3,,SponsoriséPar Booking.com,,Saint-Dyé-sur-Loire+France,Hôtel avec spa,"https://www.google.com/maps/place/Domaine+des+Th%C3%B4meaux,+The+Originals+Relais/data=!4m10!3m9!1s0x47e34cc5a2ceed8d:0x1bcca7ac2cffe642!5m2!4m1!1i2!8m2!3d47.454931!4d1.098255!16s%2Fg%2F1vpfhxnd!19sChIJje3OosVM40cRQub_LKynzBs?authuser=0&hl=fr&rclk=1"
Thermes d'Allevard,4.2,,Thermes d'Allevard,,Brie+France,Centre thermal,https://www.google.com/maps/place/Thermes+d%27Allevard/data=!4m7!3m6!1s0x478a4c433909a9fb:0x6849b45d9f265762!8m2!3d45.3908238!4d6.0734329!16s%2Fg%2F1whdh72y!19sChIJ-6kJOUNMikcRYlcmn120SWg?authuser=0&hl=fr&rclk=1
Thermes de Luchon,3.7,,Thermes de Luchon,,Monès+France,Centre thermal,https://www.google.com/maps/place/Thermes+de+Luchon/data=!4m7!3m6!1s0x12a861f8885d651d:0x4d4d7f5209c82c03!8m2!3d42.7849172!4d0.5939473!16s%2Fg%2F11b6t28t7g!19sChIJHWVdiPhhqBIRAyzICVJ_TU0?authuser=0&hl=fr&rclk=1
VANADIS Suites d'exception & spa,4.9,,VANADIS Suites d'exception & spa,,Mondreville+France,Hôtel avec spa,https://www.google.com/maps/place/VANADIS+Suites+d%27exception+%26+spa/data=!4m10!3m9!1s0x47e14b2a1af9b785:0xffa42d7a8c0b1d0d!5m2!4m1!1i2!8m2!3d49.0144863!4d1.379533!16s%2Fg%2F11n7m2v_z2!19sChIJhbf5GipL4UcRDR0LjHotpP8?authuser=0&hl=fr&rclk=1
Les Thermes de Barèges / Ciéléo,4.1,,Les Thermes de Barèges / Ciéléo,,Monès+France,Centre thermal,https://www.google.com/maps/place/Les+Thermes+de+Bar%C3%A8ges+%2F+Ci%C3%A9l%C3%A9o/data=!4m7!3m6!1s0x12a82183f514e76b:0xa8b7bdff4f16a409!8m2!3d42.897222!4d0.0663924!16s%2Fg%2F11g6tzsk7j!19sChIJa-cU9YMhqBIRCaQWT_-9t6g?authuser=0&hl=fr&rclk=1
Thermes de Luchon,3.7,,Thermes de Luchon,,Brie+France,Centre thermal,https://www.google.com/maps/place/Thermes+de+Luchon/data=!4m7!3m6!1s0x12a861f8885d651d:0x4d4d7f5209c82c03!8m2!3d42.7849172!4d0.5939473!16s%2Fg%2F11b6t28t7g!19sChIJHWVdiPhhqBIRAyzICVJ_TU0?authuser=0&hl=fr&rclk=1
"Relais De Chambord, a Small Luxury Hotel of the World",4.4,,SponsoriséPar Expedia.fr,,Saint-Dyé-sur-Loire+France,Hôtel avec spa,"https://www.google.com/maps/place/Relais+De+Chambord,+a+Small+Luxury+Hotel+of+the+World/data=!4m10!3m9!1s0x47e4bac78ac4addd:0xc9e37f44c9e0fe51!5m2!4m1!1i2!8m2!3d47.616049!4d1.509459!16s%2Fg%2F1q5bns52s!19sChIJ3a3Eise65EcRUf7gyUR_48k?authuser=0&hl=fr&rclk=1"
hôtel la haie des granges,4.3,,hôtel la haie des granges,,Mondreville+France,Hôtel avec spa,https://www.google.com/maps/place/h%C3%B4tel+la+haie+des+granges/data=!4m10!3m9!1s0x47e6cab3a67f3987:0x45f9d968bd3c1819!5m2!4m1!1i2!8m2!3d49.0462147!4d1.4001103!16s%2Fg%2F11f__6zjmy!19sChIJhzl_prPK5kcRGRg8vWjZ-UU?authuser=0&hl=fr&rclk=1
Thermes de Christus,4.4,,Thermes de Christus,,Brie+France,Centre thermal,https://www.google.com/maps/place/Thermes+de+Christus/data=!4m7!3m6!1s0xd56a8989038df0d:0x9569c10fb4fa6c2f!8m2!3d43.7290652!4d-1.0649973!16s%2Fg%2F1s04dww0w!19sChIJDd84kJioVg0RL2z6tA_BaZU?authuser=0&hl=fr&rclk=1
Thermes de Bourbon-Lancy,4.5,,Thermes de Bourbon-Lancy,,Monès+France,Centre thermal,https://www.google.com/maps/place/Thermes+de+Bourbon-Lancy/data=!4m7!3m6!1s0x47f1703b54b3e551:0x11e87f69086ab4ba!8m2!3d46.6181161!4d3.7696314!16s%2Fg%2F1tfq_rvl!19sChIJUeWzVDtw8UcRurRqCGl_6BE?authuser=0&hl=fr&rclk=1
Thermes de Saint-Amand-les-Eaux,4.5,,Thermes de Saint-Amand-les-Eaux,,Monès+France,Centre thermal,https://www.google.com/maps/place/Thermes+de+Saint-Amand-les-Eaux/data=!4m7!3m6!1s0x47c2ef485f59edc9:0xd66761524581a802!8m2!3d50.4436677!4d3.4750132!16s%2Fg%2F11b6cfw8ph!19sChIJye1ZX0jvwkcRAqiBRVJhZ9Y?authuser=0&hl=fr&rclk=1
Spa thermal de Haute Provence,4.3,,Spa thermal de Haute Provence,,Brie+France,Centre thermal,https://www.google.com/maps/place/Spa+thermal+de+Haute+Provence/data=!4m7!3m6!1s0x12cb8501d5b50fef:0x59147fdd80845e80!8m2!3d44.0795256!4d6.2635934!16s%2Fg%2F11q42jyqmk!19sChIJ7w-11QGFyxIRgF6EgN1_FFk?authuser=0&hl=fr&rclk=1
Youza Ecolodge — Cabanes dans les arbres proche Paris,4.9,,Youza Ecolodge — Cabanes dans les arbres proche Paris,,Mondreville+France,Hôtel avec spa,https://www.google.com/maps/place/Youza+Ecolodge+%E2%80%94+Cabanes+dans+les+arbres+proche+Paris/data=!4m10!3m9!1s0x47e6b3c3aeca4897:0x8000cd322437805a!5m2!4m1!1i2!8m2!3d48.8941655!4d1.3930663!16s%2Fg%2F11s2m16313!19sChIJl0jKrsOz5kcRWoA3JDLNAIA?authuser=0&hl=fr&rclk=1
Le Brame de Sologne,4.9,,Le Brame de Sologne,,Saint-Dyé-sur-Loire+France,Hôtel avec spa,https://www.google.com/maps/place/Le+Brame+de+Sologne/data=!4m10!3m9!1s0x47e4bb7ac2b21719:0xdb419413bc6a125d!5m2!4m1!1i2!8m2!3d47.6688194!4d1.5313307!16s%2Fg%2F11h806xsc2!19sChIJGReywnq75EcRXRJqvBOUQds?authuser=0&hl=fr&rclk=1
"THERMES DES FUMADES - Cures thermales, Détente Aquatique et Spa",4.0,,"THERMES DES FUMADES - Cures thermales, Détente Aquatique et Spa",,Monès+France,Centre thermal,"https://www.google.com/maps/place/THERMES+DES+FUMADES+-+Cures+thermales,+D%C3%A9tente+Aquatique+et+Spa/data=!4m7!3m6!1s0x12b45aa3e325cee7:0xce61bcc1d14da3e!8m2!3d44.187653!4d4.229698!16s%2Fg%2F1th3qq53!19sChIJ584l46NatBIRPtoUHcwb5gw?authuser=0&hl=fr&rclk=1"
Thermes de Préchacq-les-bains,4.6,,Thermes de Préchacq-les-bains,,Monès+France,Centre thermal,https://www.google.com/maps/place/Thermes+de+Pr%C3%A9chacq-les-bains/data=!4m7!3m6!1s0xd56a042e7d8c9db:0xa9c4350babba657!8m2!3d43.765507!4d-0.9331299!16s%2Fg%2F1q4kn7dy8!19sChIJ28nY50KgVg0RV6a7ulBDnAo?authuser=0&hl=fr&rclk=1
"Relais De Chambord, a Small Luxury Hotel of the World",4.4,,"Relais De Chambord, a Small Luxury Hotel of the World",,Saint-Dyé-sur-Loire+France,Hôtel avec spa,"https://www.google.com/maps/place/Relais+De+Chambord,+a+Small+Luxury+Hotel+of+the+World/data=!4m10!3m9!1s0x47e4bac074ed0f71:0xc9e37f44c9e0fe51!5m2!4m1!1i2!8m2!3d47.6160491!4d1.5094594!16s%2Fg%2F1q5bns52s!19sChIJcQ_tdMC65EcRUf7gyUR_48k?authuser=0&hl=fr&rclk=1"
Château de Villiers le Mahieu - Les Maisons de Campagne,4.6,,Château de Villiers le Mahieu - Les Maisons de Campagne,,Mondreville+France,Hôtel avec spa,https://www.google.com/maps/place/Ch%C3%A2teau+de+Villiers+le+Mahieu+-+Les+Maisons+de+Campagne/data=!4m10!3m9!1s0x47e6982477857513:0xc29d1ceb5703ae1a!5m2!4m1!1i2!8m2!3d48.8592298!4d1.7687564!16s%2Fm%2F0qfvfwq!19sChIJE3WFdySY5kcRGq4DV-scncI?authuser=0&hl=fr&rclk=1
Les Bains De Casteljaloux,4.4,,Les Bains De Casteljaloux,,Monès+France,Centre thermal,https://www.google.com/maps/place/Les+Bains+De+Casteljaloux/data=!4m10!3m9!1s0x12aa7bef3a9b86f3:0x5daae6b4920bf689!5m2!4m1!1i2!8m2!3d44.3101417!4d0.0862297!16s%2Fg%2F11fx8l7_gt!19sChIJ84abOu97qhIRifYLkrTmql0?authuser=0&hl=fr&rclk=1
"Fleur de Loire · Hôtel, Spa & Restaurants",4.6,,Fleur de Loire,"Hôtel, Spa & Restaurants",Saint-Dyé-sur-Loire+France,Hôtel avec spa,"https://www.google.com/maps/place/Fleur+de+Loire+%C2%B7+H%C3%B4tel,+Spa+%26+Restaurants/data=!4m10!3m9!1s0x47e4a9f30e32a693:0x80c92139f598af0f!5m2!4m1!1i2!8m2!3d47.5823358!4d1.3378535!16s%2Fg%2F11r9fjkxwl!19sChIJk6YyDvOp5EcRD6-Y9TkhyYA?authuser=0&hl=fr&rclk=1"
SPA LA HAIE DES GRANGES,4.4,,SPA LA HAIE DES GRANGES,,Mondreville+France,Hôtel avec spa,https://www.google.com/maps/place/SPA+LA+HAIE+DES+GRANGES/data=!4m10!3m9!1s0x47e6cab374e0e01f:0xf51803993d9134d3!5m2!4m1!1i2!8m2!3d49.0466281!4d1.4000023!16s%2Fg%2F1tg_wdr7!19sChIJH-DgdLPK5kcR0zSRPZkDGPU?authuser=0&hl=fr&rclk=1
La Borde en Sologne - Château & Spa,4.5,,La Borde en Sologne - Château & Spa,,Saint-Dyé-sur-Loire+France,Hôtel avec spa,https://www.google.com/maps/place/La+Borde+en+Sologne+-+Ch%C3%A2teau+%26+Spa/data=!4m10!3m9!1s0x47e4cb7122a75e77:0xd0d7fdbb4716f777!5m2!4m1!1i2!8m2!3d47.4991917!4d1.6779826!16s%2Fg%2F11swfb5kpt!19sChIJd16nInHL5EcRd_cWR7v919A?authuser=0&hl=fr&rclk=1
Chez Aurélia : Chambres & Table d'hôtes,4.8,,Chez Aurélia : Chambres & Table d'hôtes,,Mondreville+France,Hôtel avec spa,https://www.google.com/maps/place/Chez+Aur%C3%A9lia+:+Chambres+%26+Table+d%27h%C3%B4tes/data=!4m10!3m9!1s0x47e6b3e33fb6c57d:0x4d41dc002577a6a2!5m2!4m1!1i2!8m2!3d48.8959927!4d1.4062498!16s%2Fg%2F11fg50v0bf!19sChIJfcW2P-Oz5kcRoqZ3JQDcQU0?authuser=0&hl=fr&rclk=1
DIVAS 1970,5.0,,DIVAS 1970,,Saint-Dyé-sur-Loire+France,Hôtel avec spa,https://www.google.com/maps/place/DIVAS+1970/data=!4m10!3m9!1s0x47e359f82b7eeb8b:0x2869d76ddd35a6dd!5m2!4m1!1i2!8m2!3d47.6474616!4d1.3066888!16s%2Fg%2F11y64cxt1z!19sChIJi-t-K_hZ40cR3aY13W3XaSg?authuser=0&hl=fr&rclk=1
Escapade Blesoise,4.9,,Escapade Blesoise,,Saint-Dyé-sur-Loire+France,Hôtel avec spa,https://www.google.com/maps/place/Escapade+Blesoise/data=!4m10!3m9!1s0x47e357372b3cd8b5:0x4db24e6273875cd6!5m2!4m1!1i2!8m2!3d47.5824737!4d1.3171282!16s%2Fg%2F11ldm4ss_g!19sChIJtdg8KzdX40cR1lyHc2JOsk0?authuser=0&hl=fr&rclk=1
Domaine de la Corniche,4.4,,Domaine de la Corniche,,Mondreville+France,Hôtel avec spa,https://www.google.com/maps/place/Domaine+de+la+Corniche/data=!4m10!3m9!1s0x47e6b87bb59ec3b5:0xd2ebed3423aaf168!5m2!4m1!1i2!8m2!3d49.0225997!4d1.6096361!16s%2Fg%2F1hc4tq81t!19sChIJtcOetXu45kcRaPGqIzTt69I?authuser=0&hl=fr&rclk=1
La Closerie de Chambord,4.5,,La Closerie de Chambord,,Saint-Dyé-sur-Loire+France,Hôtel avec spa,https://www.google.com/maps/place/La+Closerie+de+Chambord/data=!4m10!3m9!1s0x47e4a4b80298abe5:0xec0c86b5a74337fa!5m2!4m1!1i2!8m2!3d47.655894!4d1.4893605!16s%2Fg%2F11bxc3sf6g!19sChIJ5auYArik5EcR-jdDp7WGDOw?authuser=0&hl=fr&rclk=1
"Le Domaine Enchanté, Spas et Saunas privatifs",5.0,,"Le Domaine Enchanté, Spas et Saunas privatifs",,Mondreville+France,Hôtel avec spa,"https://www.google.com/maps/place/Le+Domaine+Enchant%C3%A9,+Spas+et+Saunas+privatifs/data=!4m10!3m9!1s0x47e6b1be2ab819ad:0xfa00da796e4aa07b!5m2!4m1!1i2!8m2!3d48.9382063!4d1.5182634!16s%2Fg%2F11m_kv0gpw!19sChIJrRm4Kr6x5kcRe6BKbnnaAPo?authuser=0&hl=fr&rclk=1"
Le Clos Saint Sulpice chambre d'hôtes avec piscine,4.9,,Le Clos Saint Sulpice chambre d'hôtes avec piscine,,Saint-Dyé-sur-Loire+France,Hôtel avec spa,https://www.google.com/maps/place/Le+Clos+Saint+Sulpice+chambre+d%27h%C3%B4tes+avec+piscine/data=!4m10!3m9!1s0x47e359ac62e22cc9:0x49738557275ef3d4!5m2!4m1!1i2!8m2!3d47.6329022!4d1.2842143!16s%2Fg%2F11c2l9f6gy!19sChIJySziYqxZ40cR1PNeJ1eFc0k?authuser=0&hl=fr&rclk=1
L'intemporelle,4.8,,L'intemporelle,,Saint-Dyé-sur-Loire+France,Hôtel avec spa,https://www.google.com/maps/place/L%27intemporelle/data=!4m10!3m9!1s0x47e4bc02f56b3e79:0x1714d622615a3e75!5m2!4m1!1i2!8m2!3d47.6875921!4d1.5875493!16s%2Fg%2F1tfx45wv!19sChIJeT5r9QK85EcRdT5aYSLWFBc?authuser=0&hl=fr&rclk=1
La Clé des Granges,5.0,,La Clé des Granges,,Mondreville+France,Hôtel avec spa,https://www.google.com/maps/place/La+Cl%C3%A9+des+Granges/data=!4m10!3m9!1s0x47e6c98ce11b1bdf:0xfd5337bb92940808!5m2!4m1!1i2!8m2!3d49.0433779!4d1.5281102!16s%2Fg%2F11mxxfb4s7!19sChIJ3xsb4YzJ5kcRCAiUkrs3U_0?authuser=0&hl=fr&rclk=1
Domaine de Champouteau - Location de gîtes et chambres d'hôtes avec piscine et SPA,4.9,,Domaine de Champouteau - Location de gîtes et chambres d'hôtes avec piscine et SPA,,Saint-Dyé-sur-Loire+France,Hôtel avec spa,https://www.google.com/maps/place/Domaine+de+Champouteau+-+Location+de+g%C3%AEtes+et+chambres+d%27h%C3%B4tes+avec+piscine+et+SPA/data=!4m10!3m9!1s0x47e35f6f83ed3971:0x937d93c8a1b8f933!5m2!4m1!1i2!8m2!3d47.704584!4d1.3219536!16s%2Fg%2F11b7ytnxdk!19sChIJcTntg29f40cRM_m4ociTfZM?authuser=0&hl=fr&rclk=1
Maison familiale Blois piscine et SPA,5.0,,Maison familiale Blois piscine et SPA,,Saint-Dyé-sur-Loire+France,Hôtel avec spa,https://www.google.com/maps/place/Maison+familiale+Blois+piscine+et+SPA/data=!4m10!3m9!1s0x47e4a992c44fd2ed:0x13d9ac33287e1a08!5m2!4m1!1i2!8m2!3d47.5788242!4d1.3435456!16s%2Fg%2F11y591n0x3!19sChIJ7dJPxJKp5EcRCBp-KDOs2RM?authuser=0&hl=fr&rclk=1
Gîte de la Prée *****,4.9,,Gîte de la Prée *****,,Mondreville+France,Hôtel avec spa,https://www.google.com/maps/place/G%C3%AEte+de+la+Pr%C3%A9e+*****/data=!4m10!3m9!1s0x47e13553414f5bc3:0xc5dc0e5b4cfca12c!5m2!4m1!1i2!8m2!3d49.0383474!4d1.3588152!16s%2Fg%2F11j6166k60!19sChIJw1tPQVM14UcRLKH8TFsO3MU?authuser=0&hl=fr&rclk=1
Ferme des Poulardières,4.8,,Ferme des Poulardières,,Saint-Dyé-sur-Loire+France,Hôtel avec spa,https://www.google.com/maps/place/Ferme+des+Poulardi%C3%A8res/data=!4m10!3m9!1s0x47e4b8e304b5cff5:0x678c809de02f40da!5m2!4m1!1i2!8m2!3d47.6458497!4d1.6292603!16s%2Fg%2F11g9q251v5!19sChIJ9c-1BOO45EcR2kAv4J2AjGc?authuser=0&hl=fr&rclk=1
Moulin de Giboudet,4.9,,Moulin de Giboudet,,Mondreville+France,Hôtel avec spa,https://www.google.com/maps/place/Moulin+de+Giboudet/data=!4m10!3m9!1s0x47e6a5681c25ad79:0x7d9fe0a367188459!5m2!4m1!1i2!8m2!3d48.801662!4d1.6298034!16s%2Fg%2F11f6z4ssgp!19sChIJea0lHGil5kcRWYQYZ6Pgn30?authuser=0&hl=fr&rclk=1
Spation'hôtes de la Gare,4.7,,Spation'hôtes de la Gare,,Saint-Dyé-sur-Loire+France,Hôtel avec spa,https://www.google.com/maps/place/Spation%27h%C3%B4tes+de+la+Gare/data=!4m10!3m9!1s0x47e4c91fb17ee781:0x92dad43e4369e560!5m2!4m1!1i2!8m2!3d47.5522067!4d1.7248604!16s%2Fg%2F11bymzst9q!19sChIJged-sR_J5EcRYOVpQz7U2pI?authuser=0&hl=fr&rclk=1
Les Cabanes d'Isa-78,5.0,,Les Cabanes d'Isa-78,,Mondreville+France,Hôtel avec spa,https://www.google.com/maps/place/Les+Cabanes+d%27Isa-78/data=!4m10!3m9!1s0x47e699814c13c9d3:0x2ad5b2ce43d1d451!5m2!4m1!1i2!8m2!3d48.866732!4d1.742499!16s%2Fg%2F11xct7kg79!19sChIJ08kTTIGZ5kcRUdTRQ86y1So?authuser=0&hl=fr&rclk=1
Gîte des colverts,4.9,,Gîte des colverts,,Saint-Dyé-sur-Loire+France,Hôtel avec spa,https://www.google.com/maps/place/G%C3%AEte+des+colverts/data=!4m10!3m9!1s0x47e495571a144a47:0xad7475e73cd8dc6f!5m2!4m1!1i2!8m2!3d47.7551056!4d1.666598!16s%2Fg%2F11gdkyb79f!19sChIJR0oUGleV5EcRb9zYPOd1dK0?authuser=0&hl=fr&rclk=1
Ibis Budget Mantes-la-Jolie,2.8,,Ibis Budget Mantes-la-Jolie,,Mondreville+France,Hôtel avec spa,https://www.google.com/maps/place/Ibis+Budget+Mantes-la-Jolie/data=!4m10!3m9!1s0x47e6bf248934a28b:0x4b98a4ee743549e7!5m2!4m1!1i2!8m2!3d48.9970963!4d1.6770912!16s%2Fg%2F1tfgj426!19sChIJi6I0iSS_5kcR50k1dO6kmEs?authuser=0&hl=fr&rclk=1
Parc aquatique Aqua Mundo Center Parcs Les Trois Forêts,4.2,,Parc aquatique Aqua Mundo Center Parcs Les Trois Forêts,,Saint-Edmond+France,Parc aquatique,https://www.google.com/maps/place/Parc+aquatique+Aqua+Mundo+Center+Parcs+Les+Trois+For%C3%AAts/data=!4m7!3m6!1s0x47940cf9c809f3d7:0xa06e64f07391c86b!8m2!3d48.6213789!4d6.9838248!16s%2Fg%2F11cm057dqd!19sChIJ1_MJyPkMlEcRa8iRc_BkbqA?authuser=0&hl=fr&rclk=1
Parc aquatique Aqua Mundo - Center Parcs Domaine Les Bois-Francs,4.0,,Parc aquatique Aqua Mundo - Center Parcs Domaine Les Bois-Francs,,Saint-Edmond+France,Parc aquatique,https://www.google.com/maps/place/Parc+aquatique+Aqua+Mundo+-+Center+Parcs+Domaine+Les+Bois-Francs/data=!4m7!3m6!1s0x47e17d43a8ed690d:0xf300cd76ca0653ec!8m2!3d48.728902!4d0.840066!16s%2Fg%2F11cnmwmkff!19sChIJDWntqEN94UcR7FMGynbNAPM?authuser=0&hl=fr&rclk=1
Parc aquatique Aqua Mundo - Center Parcs Domaine Les Bois-Francs,4.0,,Parc aquatique Aqua Mundo - Center Parcs Domaine Les Bois-Francs,,Saint-Ébremond-de-Bonfossé+France,Parc aquatique,https://www.google.com/maps/place/Parc+aquatique+Aqua+Mundo+-+Center+Parcs+Domaine+Les+Bois-Francs/data=!4m7!3m6!1s0x47e17d43a8ed690d:0xf300cd76ca0653ec!8m2!3d48.728902!4d0.840066!16s%2Fg%2F11cnmwmkff!19sChIJDWntqEN94UcR7FMGynbNAPM?authuser=0&hl=fr&rclk=1
"Renacland, aquaparc & locations.",4.3,,"Renacland, aquaparc & locations.",,Saint-Edmond+France,Parc aquatique,"https://www.google.com/maps/place/Renacland,+aquaparc+%26+locations./data=!4m7!3m6!1s0x12ad4b84383268e3:0xc786055ed3e7669d!8m2!3d44.9339485!4d2.2205415!16s%2Fg%2F11cnpj210d!19sChIJ42gyOIRLrRIRnWbn014Fhsc?authuser=0&hl=fr&rclk=1"
Ange Michel - Parc d'attractions,4.2,,Ange Michel - Parc d'attractions,,Saint-Ébremond-de-Bonfossé+France,Parc aquatique,https://www.google.com/maps/place/Ange+Michel+-+Parc+d%27attractions/data=!4m7!3m6!1s0x4809500a49ec21e5:0x6d23af0aac5db2cc!8m2!3d48.5689665!4d-1.2027811!16s%2Fg%2F1tdclbmj!19sChIJ5SHsSQpQCUgRzLJdrAqvI20?authuser=0&hl=fr&rclk=1
Parc aquatique et base nautique Aqu’aloa,4.0,,Parc aquatique et base nautique Aqu’aloa,,Saint-Edmond+France,Parc aquatique,https://www.google.com/maps/place/Parc+aquatique+et+base+nautique+Aqu%E2%80%99aloa/data=!4m7!3m6!1s0x12b29750417bfbbd:0x5aa56d77d1d97fae!8m2!3d44.6673721!4d2.6792726!16s%2Fg%2F11hyt6yfkn!19sChIJvft7QVCXshIRrn_Z0XdtpVo?authuser=0&hl=fr&rclk=1
Festyland,4.4,,Festyland,,Saint-Ébremond-de-Bonfossé+France,Parc aquatique,https://www.google.com/maps/place/Festyland/data=!4m7!3m6!1s0x480a4342a12f88a5:0x726330e142bf4fa1!8m2!3d49.1844246!4d-0.427225!16zL20vMGJ0MF80!19sChIJpYgvoUJDCkgRoU-_QuEwY3I?authuser=0&hl=fr&rclk=1
Aqua Mundo -Villages Nature,4.2,,Aqua Mundo -Villages Nature,,Saint-Edmond+France,Parc aquatique,https://www.google.com/maps/place/Aqua+Mundo+-Villages+Nature/data=!4m7!3m6!1s0x47e8a8b117e14b23:0x5a0e6789e8354b1e!8m2!3d48.82876!4d2.817801!16s%2Fg%2F11ddx46b47!19sChIJI0vhF7Go6EcRHks16IlnDlo?authuser=0&hl=fr&rclk=1
Espace Aquatique Condé,4.1,,Espace Aquatique Condé,,Saint-Ébremond-de-Bonfossé+France,Parc aquatique,https://www.google.com/maps/place/Espace+Aquatique+Cond%C3%A9/data=!4m7!3m6!1s0x480a2fb214be3963:0xadc8efe389a339c9!8m2!3d48.8507374!4d-0.5576866!16s%2Fg%2F1vzn4ytw!19sChIJYzm-FLIvCkgRyTmjiePvyK0?authuser=0&hl=fr&rclk=1
Aquazone,4.5,,Aquazone,,Saint-Edmond+France,Parc aquatique,https://www.google.com/maps/place/Aquazone/data=!4m7!3m6!1s0xd513e0de8265e47:0x432c8e4342c5dc0a!8m2!3d43.3440699!4d-1.5260338!16s%2Fg%2F11c3100g23!19sChIJR14m6A0-UQ0RCtzFQkOOLEM?authuser=0&hl=fr&rclk=1
Aquaparc La Ferté Macé,3.8,,Aquaparc La Ferté Macé,,Saint-Ébremond-de-Bonfossé+France,Parc aquatique,https://www.google.com/maps/place/Aquaparc+La+Fert%C3%A9+Mac%C3%A9/data=!4m7!3m6!1s0x48098d6720004e87:0xe39b89f4e6a4354f!8m2!3d48.5914681!4d-0.3701921!16s%2Fg%2F11sty88h1b!19sChIJh04AIGeNCUgRTzWk5vSJm-M?authuser=0&hl=fr&rclk=1
Aqua'tlantis - Centre aquatique Grenoble,4.3,,Aqua'tlantis - Centre aquatique Grenoble,,Saint-Égrève+France,Parc aquatique,https://www.google.com/maps/place/Aqua%27tlantis+-+Centre+aquatique+Grenoble/data=!4m7!3m6!1s0x478af574b7d598e1:0xd4f8291eb3c9899e!8m2!3d45.1876059!4d5.7758521!16s%2Fg%2F1pt_6vxp2!19sChIJ4ZjVt3T1ikcRnonJsx4p-NQ?authuser=0&hl=fr&rclk=1
Centre Aquatique,4.3,,Centre Aquatique,,Saint-Ébremond-de-Bonfossé+France,Parc aquatique,https://www.google.com/maps/place/Centre+Aquatique/data=!4m7!3m6!1s0x480c9640cae98f93:0xaa1e7902006ec11f!8m2!3d49.6566224!4d-1.6711054!16s%2Fg%2F1wrgjkbs!19sChIJk4_pykCWDEgRH8FuAAJ5Hqo?authuser=0&hl=fr&rclk=1
Aquapark - Bzhwakepark,4.5,,Aquapark - Bzhwakepark,,Saint-Edmond+France,Parc aquatique,https://www.google.com/maps/place/Aquapark+-+Bzhwakepark/data=!4m7!3m6!1s0x480e6b2103f4c8b1:0x922a50a62541d2a0!8m2!3d48.3876925!4d-2.3341484!16s%2Fg%2F11svm96h2d!19sChIJscj0AyFrDkgRoNJBJaZQKpI?authuser=0&hl=fr&rclk=1
"Aqua Diva - Centre Aqualudique, Fitness et Bien-être à Cabourg",3.9,,"Aqua Diva - Centre Aqualudique, Fitness et Bien-être à Cabourg",,Saint-Ébremond-de-Bonfossé+France,Parc aquatique,"https://www.google.com/maps/place/Aqua+Diva+-+Centre+Aqualudique,+Fitness+et+Bien-%C3%AAtre+%C3%A0+Cabourg/data=!4m7!3m6!1s0x480a7d0013f92ed5:0x3f424be1a59f08da!8m2!3d49.2852116!4d-0.1239!16s%2Fg%2F11y5z7hnv9!19sChIJ1S75EwB9CkgR2gifpeFLQj8?authuser=0&hl=fr&rclk=1"
Piscine intercommunale du Néron,3.6,,Piscine intercommunale du Néron,,Saint-Égrève+France,Parc aquatique,https://www.google.com/maps/place/Piscine+intercommunale+du+N%C3%A9ron/data=!4m7!3m6!1s0x478af30a27622ced:0x232cec0c2a5a9901!8m2!3d45.2228266!4d5.6893181!16s%2Fg%2F11r6gs8n8z!19sChIJ7SxiJwrzikcRAZlaKgzsLCM?authuser=0&hl=fr&rclk=1
Parc aquatique Wibit,4.3,,Parc aquatique Wibit,,Saint-Edmond+France,Parc aquatique,https://www.google.com/maps/place/Parc+aquatique+Wibit/data=!4m7!3m6!1s0x478c02deda07823b:0xc9cc93d919902db2!8m2!3d46.1523953!4d6.6713589!16s%2Fg%2F11dxjn53g0!19sChIJO4IH2t4CjEcRsi2QGdmTzMk?authuser=0&hl=fr&rclk=1
O'Gliss Park,4.0,,O'Gliss Park,,Saint-Ébremond-de-Bonfossé+France,Parc aquatique,https://www.google.com/maps/place/O%27Gliss+Park/data=!4m7!3m6!1s0x48041838fbcd0fa3:0xf86c307bbd3f89e!8m2!3d46.4555894!4d-1.4186926!16s%2Fg%2F1td3kzhh!19sChIJow_N-zgYBEgRnvjTuwfDhg8?authuser=0&hl=fr&rclk=1
Atlantic Toboggan,4.0,,Atlantic Toboggan,,Saint-Edmond+France,Parc aquatique,https://www.google.com/maps/place/Atlantic+Toboggan/data=!4m7!3m6!1s0x4804561d5e901d67:0x258896fd4f24c06b!8m2!3d46.7586033!4d-2.024573!16s%2Fg%2F1tdc956c!19sChIJZx2QXh1WBEgRa8AkT_2WiCU?authuser=0&hl=fr&rclk=1
Aqua Mundo -Villages Nature,4.2,,Aqua Mundo -Villages Nature,,Saint-Ébremond-de-Bonfossé+France,Parc aquatique,https://www.google.com/maps/place/Aqua+Mundo+-Villages+Nature/data=!4m7!3m6!1s0x47e8a8b117e14b23:0x5a0e6789e8354b1e!8m2!3d48.82876!4d2.817801!16s%2Fg%2F11ddx46b47!19sChIJI0vhF7Go6EcRHks16IlnDlo?authuser=0&hl=fr&rclk=1
Aquaboulevard de Paris,3.7,,Aquaboulevard de Paris,,Saint-Ébremond-de-Bonfossé+France,Parc aquatique,https://www.google.com/maps/place/Aquaboulevard+de+Paris/data=!4m7!3m6!1s0x47e6718b1fbcd4fd:0xa7968d889eb5402a!8m2!3d48.8318042!4d2.2762627!16s%2Fg%2F120hhrtz!19sChIJ_dS8H4tx5kcRKkC1noiNlqc?authuser=0&hl=fr&rclk=1
Aquaparc Isis,3.7,,Aquaparc Isis,,Saint-Edmond+France,Parc aquatique,https://www.google.com/maps/place/Aquaparc+Isis/data=!4m7!3m6!1s0x478d4b42216b628b:0x763b50c273681fc1!8m2!3d47.072283!4d5.4863406!16s%2Fg%2F1tp1xqjy!19sChIJi2JrIUJLjUcRwR9oc8JQO3Y?authuser=0&hl=fr&rclk=1
Center Parcs Les Bois-Francs,3.5,,Center Parcs Les Bois-Francs,,Saint-Ébremond-de-Bonfossé+France,Parc aquatique,https://www.google.com/maps/place/Center+Parcs+Les+Bois-Francs/data=!4m10!3m9!1s0x47e17d76a225418f:0x5f085864083140b2!5m2!4m1!1i2!8m2!3d48.7240023!4d0.8339364!16s%2Fg%2F1hc1ht8r6!19sChIJj0ElonZ94UcRskAxCGRYCF8?authuser=0&hl=fr&rclk=1
Armoripark,4.0,,Armoripark,,Saint-Ébremond-de-Bonfossé+France,Parc aquatique,https://www.google.com/maps/place/Armoripark/data=!4m7!3m6!1s0x4811891bedfe9601:0x25595ed7b0a28057!8m2!3d48.6169321!4d-3.2840287!16s%2Fg%2F1tdxvf2q!19sChIJAZb-7RuJEUgRV4CisNdeWSU?authuser=0&hl=fr&rclk=1
Aqualand Cap D'Agde - Parc Aquatique,3.3,,Aqualand Cap D'Agde - Parc Aquatique,,Saint-Edmond+France,Parc aquatique,https://www.google.com/maps/place/Aqualand+Cap+D%27Agde+-+Parc+Aquatique/data=!4m7!3m6!1s0x12b13cabc9ac1e7f:0x367dfec26e8312a4!8m2!3d43.279629!4d3.497777!16s%2Fg%2F1tdjlh3l!19sChIJfx6syas8sRIRpBKDbsL-fTY?authuser=0&hl=fr&rclk=1
Atlantic Toboggan,4.0,,Atlantic Toboggan,,Saint-Ébremond-de-Bonfossé+France,Parc aquatique,https://www.google.com/maps/place/Atlantic+Toboggan/data=!4m7!3m6!1s0x4804561d5e901d67:0x258896fd4f24c06b!8m2!3d46.7586033!4d-2.024573!16s%2Fg%2F1tdc956c!19sChIJZx2QXh1WBEgRa8AkT_2WiCU?authuser=0&hl=fr&rclk=1
Le Dôme,4.3,,Le Dôme,,Saint-Ébremond-de-Bonfossé+France,Parc aquatique,https://www.google.com/maps/place/Le+D%C3%B4me/data=!4m7!3m6!1s0x47e17d69db837cbb:0x3f355f2ea5f3736c!8m2!3d48.7284774!4d0.8399143!16s%2Fg%2F11g8dk9ss1!19sChIJu3yD22l94UcRbHPzpS5fNT8?authuser=0&hl=fr&rclk=1
La Bouscarasse,4.0,,La Bouscarasse,,Saint-Edmond+France,Parc aquatique,https://www.google.com/maps/place/La+Bouscarasse/data=!4m7!3m6!1s0x12b44a442540f613:0xd473ab87bdc05214!8m2!3d44.037433!4d4.3262812!16s%2Fg%2F1tctzm7q!19sChIJE_ZAJURKtBIRFFLAvYerc9Q?authuser=0&hl=fr&rclk=1
AquaSud Piscine,3.6,,AquaSud Piscine,,Saint-Ébremond-de-Bonfossé+France,Parc aquatique,https://www.google.com/maps/place/AquaSud+Piscine/data=!4m7!3m6!1s0x480a39a77588c3ef:0x5eebf9a3b0d67329!8m2!3d48.9873808!4d-0.475271!16s%2Fg%2F11r9t6p6q!19sChIJ78OIdac5CkgRKXPWsKP5614?authuser=0&hl=fr&rclk=1
Base de loisirs intercommunale - Lac de La Terrasse,3.7,,Base de loisirs intercommunale - Lac de La Terrasse,,Saint-Égrève+France,Parc aquatique,https://www.google.com/maps/place/Base+de+loisirs+intercommunale+-+Lac+de+La+Terrasse/data=!4m7!3m6!1s0x478a50c2e12183f9:0x50b9426ce4eab23c!8m2!3d45.3166582!4d5.9440711!16s%2Fg%2F1tfsg8xx!19sChIJ-YMh4cJQikcRPLLq5GxCuVA?authuser=0&hl=fr&rclk=1
AquaFun' Park,4.5,,AquaFun' Park,,Saint-Edmond+France,Parc aquatique,https://www.google.com/maps/place/AquaFun%27+Park/data=!4m7!3m6!1s0x12aa7979671cd51f:0xf652172a17b11abf!8m2!3d44.2955424!4d0.0713565!16s%2Fg%2F11clwly6jy!19sChIJH9UcZ3l5qhIRvxqxFyoXUvY?authuser=0&hl=fr&rclk=1
Parc d'Attractions Aquatic Landes / Labenne,3.6,,Parc d'Attractions Aquatic Landes / Labenne,,Saint-Ébremond-de-Bonfossé+France,Parc aquatique,https://www.google.com/maps/place/Parc+d%27Attractions+Aquatic+Landes+%2F+Labenne/data=!4m7!3m6!1s0xd514488fe12707f:0xcb6cf6d5bdb04aed!8m2!3d43.5948793!4d-1.4533072!16s%2Fg%2F1tczx7_d!19sChIJf3AS_ohEUQ0R7UqwvdX2bMs?authuser=0&hl=fr&rclk=1
Aquaboulevard de Paris,3.7,,Aquaboulevard de Paris,,Saint-Edmond+France,Parc aquatique,https://www.google.com/maps/place/Aquaboulevard+de+Paris/data=!4m7!3m6!1s0x47e6718b1fbcd4fd:0xa7968d889eb5402a!8m2!3d48.8318042!4d2.2762627!16s%2Fg%2F120hhrtz!19sChIJ_dS8H4tx5kcRKkC1noiNlqc?authuser=0&hl=fr&rclk=1
Centre Aquatique,3.9,,Centre Aquatique,,Saint-Égrève+France,Parc aquatique,https://www.google.com/maps/place/Centre+Aquatique/data=!4m7!3m6!1s0x478a9172ffaedf25:0x622645bf6999555d!8m2!3d45.0731167!4d5.5516748!16s%2Fg%2F11b_2nwk21!19sChIJJd-u_3KRikcRXVWZab9FJmI?authuser=0&hl=fr&rclk=1
Aqua Bubble Boom Chour,4.4,,Aqua Bubble Boom Chour,,Saint-Ébremond-de-Bonfossé+France,Parc aquatique,https://www.google.com/maps/place/Aqua+Bubble+Boom+Chour/data=!4m7!3m6!1s0x47f2b96d26628ae3:0xf69762e65c4b3f5e!8m2!3d47.0561794!4d5.2352474!16s%2Fg%2F11qfy5qwt9!19sChIJ44piJm258kcRXj9LXOZil_Y?authuser=0&hl=fr&rclk=1
Aquatic Lagoon,2.8,,Aquatic Lagoon,,Saint-Edmond+France,Parc aquatique,https://www.google.com/maps/place/Aquatic+Lagoon/data=!4m7!3m6!1s0x12ab35d91acce127:0xb730c41725643a4e!8m2!3d44.9872264!4d0.8890829!16s%2Fg%2F11nyttyblm!19sChIJJ-HMGtk1qxIRTjpkJRfEMLc?authuser=0&hl=fr&rclk=1
Centre Aquatique intercommunal de Prapoutel,3.8,,Centre Aquatique intercommunal de Prapoutel,,Saint-Égrève+France,Parc aquatique,https://www.google.com/maps/place/Centre+Aquatique+intercommunal+de+Prapoutel/data=!4m7!3m6!1s0x478a44d795096641:0x1f82ed8461888694!8m2!3d45.2546298!4d5.994089!16s%2Fg%2F1q5bn1w_9!19sChIJQWYJlddEikcRlIaIYYTtgh8?authuser=0&hl=fr&rclk=1
Paradis Aquatique,5.0,,Paradis Aquatique,,Saint-Ébremond-de-Bonfossé+France,Parc aquatique,https://www.google.com/maps/place/Paradis+Aquatique/data=!4m7!3m6!1s0x47e0ae41cb010671:0xb602a588adc60adb!8m2!3d49.8703867!4d1.3230942!16s%2Fg%2F11b6d1tyj0!19sChIJcQYBy0Gu4EcR2wrGrYilArY?authuser=0&hl=fr&rclk=1
Espace aqualudique,5.0,,Espace aqualudique,,Saint-Edmond+France,Parc aquatique,https://www.google.com/maps/place/Espace+aqualudique/data=!4m7!3m6!1s0x478bdd0031afdb33:0xc098d972a25b2223!8m2!3d45.7163546!4d6.4570256!16s%2Fg%2F11w7nsc9m9!19sChIJM9uvMQDdi0cRIyJbonLZmMA?authuser=0&hl=fr&rclk=1
Base de loisirs du Bois Français,4.1,,Base de loisirs du Bois Français,,Saint-Égrève+France,Parc aquatique,https://www.google.com/maps/place/Base+de+loisirs+du+Bois+Fran%C3%A7ais/data=!4m7!3m6!1s0x478a58d486aec59d:0x72350ffaaa0a8b70!8m2!3d45.2273767!4d5.8429717!16s%2Fg%2F122v3rqg!19sChIJncWuhtRYikcRcIsKqvoPNXI?authuser=0&hl=fr&rclk=1
Kid's Paradise,4.4,,Kid's Paradise,,Saint-Ébremond-de-Bonfossé+France,Parc aquatique,https://www.google.com/maps/place/Kid%27s+Paradise/data=!4m7!3m6!1s0x12b5d212d3507c01:0x21c882efb12a9247!8m2!3d43.8459667!4d4.4591981!16s%2Fg%2F1tfsq1mv!19sChIJAXxQ0xLStRIRR5Iqse-CyCE?authuser=0&hl=fr&rclk=1
Aqua Mundo,3.9,,Aqua Mundo,,Saint-Edmond+France,Parc aquatique,https://www.google.com/maps/place/Aqua+Mundo/data=!4m7!3m6!1s0x12aa7900184fb45b:0x345cbfe56a125c4f!8m2!3d44.2926303!4d0.0430183!16s%2Fg%2F11w7_vd1v8!19sChIJW7RPGAB5qhIRT1wSauW_XDQ?authuser=0&hl=fr&rclk=1
Parc de Fiancey,4.5,,Parc de Fiancey,,Saint-Égrève+France,Parc aquatique,https://www.google.com/maps/place/Parc+de+Fiancey/data=!4m7!3m6!1s0x478af3c3665f64bd:0xe8a4412366e8b7f!8m2!3d45.2224642!4d5.6923158!16s%2Fg%2F11dy7b9g_q!19sChIJvWRfZsPzikcRf4tuNhJEig4?authuser=0&hl=fr&rclk=1
Aqualand St-Cyr-Sur-Mer | Parc Aquatique,3.3,,Aqualand St-Cyr-Sur-Mer | Parc Aquatique,,Saint-Ébremond-de-Bonfossé+France,Parc aquatique,https://www.google.com/maps/place/Aqualand+St-Cyr-Sur-Mer+%7C+Parc+Aquatique/data=!4m10!3m9!1s0x12c9a87a4868a82f:0x4a07dc2b90f6a00f!5m2!4m1!1i2!8m2!3d43.184662!4d5.694891!16s%2Fg%2F1td811s1!19sChIJL6hoSHqoyRIRD6D2kCvcB0o?authuser=0&hl=fr&rclk=1
Western Splash,4.1,,Western Splash,,Saint-Edmond+France,Parc aquatique,https://www.google.com/maps/place/Western+Splash/data=!4m7!3m6!1s0x12d73b4d61fa9be3:0x523abb0348a8ffb8!8m2!3d42.6286629!4d9.4455083!16s%2Fg%2F11cp5f__2q!19sChIJ45v6YU071xIRuP-oSAO7OlI?authuser=0&hl=fr&rclk=1
Océabul,4.0,,Océabul,,Saint-Edmond+France,Parc aquatique,https://www.google.com/maps/place/Oc%C3%A9abul/data=!4m7!3m6!1s0x4804fdbac65a703d:0x8eae93d861490085!8m2!3d46.77898!4d-2.06387!16s%2Fg%2F11b6y9k4m8!19sChIJPXBaxrr9BEgRhQBJYdiTro4?authuser=0&hl=fr&rclk=1
Centre Nautique Roger Couderc,3.8,,Centre Nautique Roger Couderc,,Saint-Edmond+France,Parc aquatique,https://www.google.com/maps/place/Centre+Nautique+Roger+Couderc/data=!4m7!3m6!1s0x47f500c030e086e1:0xe04d90d0a7d210de!8m2!3d45.4553012!4d4.5014764!16s%2Fg%2F11bbwl0l4w!19sChIJ4YbgMMAA9UcR3hDSp9CQTeA?authuser=0&hl=fr&rclk=1
AquaFUN,4.7,,AquaFUN,,Saint-Égrève+France,Parc aquatique,https://www.google.com/maps/place/AquaFUN/data=!4m7!3m6!1s0x478a5124a7add5cb:0xc968f21d3fa88478!8m2!3d45.3169874!4d5.9449393!16s%2Fg%2F11v3mzsqxj!19sChIJy9WtpyRRikcReISoPx3yaMk?authuser=0&hl=fr&rclk=1
Thermes de Montrond-les-Bains,4.3,,Thermes de Montrond-les-Bains,,Saint-Dyé-sur-Loire+France,Centre thermal,https://www.google.com/maps/place/Thermes+de+Montrond-les-Bains/data=!4m7!3m6!1s0x47f448ddda90931b:0x5c037676244ae97a!8m2!3d45.6409914!4d4.2363591!16s%2Fg%2F11c5845rq7!19sChIJG5OQ2t1I9EcReulKJHZ2A1w?authuser=0&hl=fr&rclk=1
Centre Aquatique L'Eau Vive,3.6,,Centre Aquatique L'Eau Vive,,Brie+France,Parc aquatique,https://www.google.com/maps/place/Centre+Aquatique+L%27Eau+Vive/data=!4m7!3m6!1s0x47e60161451caf3d:0xcea11471258205b!8m2!3d48.7377442!4d2.7506765!16s%2Fg%2F11z2vzl970!19sChIJPa8cRWEB5kcRWyBYEkcR6gw?authuser=0&hl=fr&rclk=1
Parc aquatique Aqua Mundo Center Parcs Les Trois Forêts,4.2,,Parc aquatique Aqua Mundo Center Parcs Les Trois Forêts,,Monesple+France,Parc aquatique,https://www.google.com/maps/place/Parc+aquatique+Aqua+Mundo+Center+Parcs+Les+Trois+For%C3%AAts/data=!4m7!3m6!1s0x47940cf9c809f3d7:0xa06e64f07391c86b!8m2!3d48.6213789!4d6.9838248!16s%2Fg%2F11cm057dqd!19sChIJ1_MJyPkMlEcRa8iRc_BkbqA?authuser=0&hl=fr&rclk=1
Thermes d'Allevard,4.2,,Thermes d'Allevard,,La Bridoire+France,Centre thermal,https://www.google.com/maps/place/Thermes+d%27Allevard/data=!4m7!3m6!1s0x478a4c433909a9fb:0x6849b45d9f265762!8m2!3d45.3908238!4d6.0734329!16s%2Fg%2F1whdh72y!19sChIJ-6kJOUNMikcRYlcmn120SWg?authuser=0&hl=fr&rclk=1
"Miripili, l'île aux pirates",4.4,,"Miripili, l'île aux pirates",,Saint-Égrève+France,Parc aquatique,"https://www.google.com/maps/place/Miripili,+l%27%C3%AEle+aux+pirates/data=!4m7!3m6!1s0x478ab62d4dcb288d:0xcd0e4667a0ab1452!8m2!3d45.170767!4d5.2373877!16s%2Fg%2F1tfz_zkq!19sChIJjSjLTS22ikcRUhSroGdGDs0?authuser=0&hl=fr&rclk=1"
L'Oréade,3.6,,L'Oréade,,Brie+France,Parc aquatique,https://www.google.com/maps/place/L%27Or%C3%A9ade/data=!4m7!3m6!1s0x47e60805b2dcd6a3:0x47abe6b24f927b75!8m2!3d48.697707!4d2.617141!16s%2Fg%2F11b6g8prk2!19sChIJo9bcsgUI5kcRdXuST7Lmq0c?authuser=0&hl=fr&rclk=1
Waterfun Monclar,4.4,,Waterfun Monclar,,Monesple+France,Parc aquatique,https://www.google.com/maps/place/Waterfun+Monclar/data=!4m7!3m6!1s0x12ac3c875165910b:0xa2c85143eb8a1c3c!8m2!3d43.9706497!4d1.5942331!16s%2Fg%2F11g9gqw6pn!19sChIJC5FlUYc8rBIRPByK60NRyKI?authuser=0&hl=fr&rclk=1
Maison de la Loire du Loir-et-Cher,4.6,,Maison de la Loire du Loir-et-Cher,,Saint-Dyé-sur-Loire+France,Centre thermal,https://www.google.com/maps/place/Maison+de+la+Loire+du+Loir-et-Cher/data=!4m7!3m6!1s0x47e4a4b7ff55e32b:0x76dc783b4ec72c7f!8m2!3d47.6554451!4d1.4874938!16s%2Fg%2F1tdhd9cb!19sChIJK-NV_7ek5EcRfyzHTjt43HY?authuser=0&hl=fr&rclk=1
Walibi Rhône-Alpes,4.1,,Walibi Rhône-Alpes,,Saint-Égrève+France,Parc aquatique,https://www.google.com/maps/place/Walibi+Rh%C3%B4ne-Alpes/data=!4m7!3m6!1s0x478b17864eea5afb:0x212618e15f7b92e5!8m2!3d45.6203252!4d5.5691285!16s%2Fm%2F0zwm83x!19sChIJ-1rqToYXi0cR5ZJ7X-EYJiE?authuser=0&hl=fr&rclk=1
Thermes de Brides-les-Bains,4.1,,Thermes de Brides-les-Bains,,La Bridoire+France,Centre thermal,https://www.google.com/maps/place/Thermes+de+Brides-les-Bains/data=!4m7!3m6!1s0x47897e338054f523:0x55a3e69806c9ec38!8m2!3d45.4529206!4d6.5680994!16s%2Fg%2F1hc18hsmp!19sChIJI_VUgDN-iUcROOzJBpjmo1U?authuser=0&hl=fr&rclk=1
Parc aquatique Aqua Mundo Center Parcs Les Trois Forêts,4.2,,Parc aquatique Aqua Mundo Center Parcs Les Trois Forêts,,Monès+France,Parc aquatique,https://www.google.com/maps/place/Parc+aquatique+Aqua+Mundo+Center+Parcs+Les+Trois+For%C3%AAts/data=!4m7!3m6!1s0x47940cf9c809f3d7:0xa06e64f07391c86b!8m2!3d48.6213789!4d6.9838248!16s%2Fg%2F11cm057dqd!19sChIJ1_MJyPkMlEcRa8iRc_BkbqA?authuser=0&hl=fr&rclk=1
Aqua Mundo -Villages Nature,4.2,,Aqua Mundo -Villages Nature,,Brie+France,Parc aquatique,https://www.google.com/maps/place/Aqua+Mundo+-Villages+Nature/data=!4m7!3m6!1s0x47e8a8b117e14b23:0x5a0e6789e8354b1e!8m2!3d48.82876!4d2.817801!16s%2Fg%2F11ddx46b47!19sChIJI0vhF7Go6EcRHks16IlnDlo?authuser=0&hl=fr&rclk=1
Les Thermes de la Léchère,4.4,,Les Thermes de la Léchère,,La Bridoire+France,Centre thermal,https://www.google.com/maps/place/Les+Thermes+de+la+L%C3%A9ch%C3%A8re/data=!4m7!3m6!1s0x478bd6cc13a06df7:0x469529f8a23d14ad!8m2!3d45.5164328!4d6.4823497!16s%2Fg%2F11c1wshc1t!19sChIJ922gE8zWi0cRrRQ9ovgplUY?authuser=0&hl=fr&rclk=1
Parc aquatique Aqua Mundo - Center Parcs Domaine Les Bois-Francs,4.0,,Parc aquatique Aqua Mundo - Center Parcs Domaine Les Bois-Francs,,Monesple+France,Parc aquatique,https://www.google.com/maps/place/Parc+aquatique+Aqua+Mundo+-+Center+Parcs+Domaine+Les+Bois-Francs/data=!4m7!3m6!1s0x47e17d43a8ed690d:0xf300cd76ca0653ec!8m2!3d48.728902!4d0.840066!16s%2Fg%2F11cnmwmkff!19sChIJDWntqEN94UcR7FMGynbNAPM?authuser=0&hl=fr&rclk=1
"Espace aqualudique ""l'Île aux Castors""",4.4,,"Espace aqualudique ""l'Île aux Castors""",,Saint-Égrève+France,Parc aquatique,https://www.google.com/maps/place/Espace+aqualudique+%22l%27%C3%8Ele+aux+Castors%22/data=!4m7!3m6!1s0x478adbc2a39efa9d:0xb71bea3ef51ff6e9!8m2!3d45.3421859!4d5.3442679!16s%2Fg%2F11p10n10xy!19sChIJnfqeo8LbikcR6fYf9T7qG7c?authuser=0&hl=fr&rclk=1
Résidence des Tourelles,4.3,,Résidence des Tourelles,,Saint-Dyé-sur-Loire+France,Centre thermal,https://www.google.com/maps/place/R%C3%A9sidence+des+Tourelles/data=!4m7!3m6!1s0x47e4a4b803e3f1ef:0x64a527f72cb34d3!8m2!3d47.653991!4d1.491916!16s%2Fg%2F1tc__sc9!19sChIJ7_HjA7ik5EcR0zTLcn9SSgY?authuser=0&hl=fr&rclk=1
Île de Loisirs de Buthiers,4.1,,Île de Loisirs de Buthiers,,Brie+France,Parc aquatique,https://www.google.com/maps/place/%C3%8Ele+de+Loisirs+de+Buthiers/data=!4m7!3m6!1s0x47e5967598eae305:0xba9b3477ab847a9e!8m2!3d48.2932517!4d2.4328276!16s%2Fg%2F120qwbxz!19sChIJBePqmHWW5UcRnnqEq3c0m7o?authuser=0&hl=fr&rclk=1
Parc aquatique Aqua Mundo Center Parcs Le Lac d'Ailette,4.1,,Parc aquatique Aqua Mundo Center Parcs Le Lac d'Ailette,,Monès+France,Parc aquatique,https://www.google.com/maps/place/Parc+aquatique+Aqua+Mundo+Center+Parcs+Le+Lac+d%27Ailette/data=!4m7!3m6!1s0x47e84fa4d3b4450b:0xa8391a3bc77196f0!8m2!3d49.464759!4d3.68093!16s%2Fg%2F11f4vchj6_!19sChIJC0W006RP6EcR8JZxxzsaOag?authuser=0&hl=fr&rclk=1
Station thermale La Chaldette,4.3,,Station thermale La Chaldette,,Saint-Dyé-sur-Loire+France,Centre thermal,https://www.google.com/maps/place/Station+thermale+La+Chaldette/data=!4m7!3m6!1s0x12b2d9a8ac0ab745:0x3f01413553cc168a!8m2!3d44.7720195!4d3.0433149!16s%2Fg%2F1tkp1vx_!19sChIJRbcKrKjZshIRihbMUzVBAT8?authuser=0&hl=fr&rclk=1
Le Grand Spa Thermal,4.4,,Le Grand Spa Thermal,,La Bridoire+France,Centre thermal,https://www.google.com/maps/place/Le+Grand+Spa+Thermal/data=!4m7!3m6!1s0x47897f0644144465:0x1e26e5a734e6bfb5!8m2!3d45.4532222!4d6.5677186!16s%2Fg%2F11rz4zcfry!19sChIJZUQURAZ_iUcRtb_mNKflJh4?authuser=0&hl=fr&rclk=1
Centre nautique Lino Refuggi,3.8,,Centre nautique Lino Refuggi,,Saint-Égrève+France,Parc aquatique,https://www.google.com/maps/place/Centre+nautique+Lino+Refuggi/data=!4m7!3m6!1s0x478af36d64efccd3:0x626e55de9609e006!8m2!3d45.1855457!4d5.6898558!16s%2Fg%2F11b6z3j2jh!19sChIJ08zvZG3zikcRBuAJlt5VbmI?authuser=0&hl=fr&rclk=1
Aquaparc Isis,3.7,,Aquaparc Isis,,Monesple+France,Parc aquatique,https://www.google.com/maps/place/Aquaparc+Isis/data=!4m7!3m6!1s0x478d4b42216b628b:0x763b50c273681fc1!8m2!3d47.072283!4d5.4863406!16s%2Fg%2F1tp1xqjy!19sChIJi2JrIUJLjUcRwR9oc8JQO3Y?authuser=0&hl=fr&rclk=1
Tatya Spa - Centre de bien être et massages,4.9,,Tatya Spa - Centre de bien être et massages,,Monein+France,Centre thermal,https://www.google.com/maps/place/Tatya+Spa+-+Centre+de+bien+%C3%AAtre+et+massages/data=!4m7!3m6!1s0xd5659e1ea533bc7:0x892b9a7c744827d4!8m2!3d43.3303505!4d-0.5889146!16s%2Fg%2F11p_609qk9!19sChIJxztT6uFZVg0R1CdIdHyaK4k?authuser=0&hl=fr&rclk=1
Parc aquatique Aqua Mundo - Center Parcs Domaine Les Bois-Francs,4.0,,Parc aquatique Aqua Mundo - Center Parcs Domaine Les Bois-Francs,,Monès+France,Parc aquatique,https://www.google.com/maps/place/Parc+aquatique+Aqua+Mundo+-+Center+Parcs+Domaine+Les+Bois-Francs/data=!4m7!3m6!1s0x47e17d43a8ed690d:0xf300cd76ca0653ec!8m2!3d48.728902!4d0.840066!16s%2Fg%2F11cnmwmkff!19sChIJDWntqEN94UcR7FMGynbNAPM?authuser=0&hl=fr&rclk=1
SELYA RESORT THERMAL & SPA,4.1,,SELYA RESORT THERMAL & SPA,,Monein+France,Centre thermal,https://www.google.com/maps/place/SELYA+RESORT+THERMAL+%26+SPA/data=!4m7!3m6!1s0xd56c0731b745517:0x4a5195e25051454b!8m2!3d43.4727186!4d-0.9272741!16s%2Fg%2F1yh7_y_9d!19sChIJF1V0G3PAVg0RS0VRUOKVUUo?authuser=0&hl=fr&rclk=1
Thermes du Domaine de Marlioz Aix-les-Bains,4.3,,Thermes du Domaine de Marlioz Aix-les-Bains,,La Bridoire+France,Centre thermal,https://www.google.com/maps/place/Thermes+du+Domaine+de+Marlioz+Aix-les-Bains/data=!4m7!3m6!1s0x478ba0b2b590dc4b:0x38c4b6b41960f68b!8m2!3d45.6741028!4d5.909717!16s%2Fg%2F12ml2vty7!19sChIJS9yQtbKgi0cRi_ZgGbS2xDg?authuser=0&hl=fr&rclk=1
Parc aquatique Aqua Mundo Center Parcs Les Trois Forêts,4.2,,Parc aquatique Aqua Mundo Center Parcs Les Trois Forêts,,Saint-Égrève+France,Parc aquatique,https://www.google.com/maps/place/Parc+aquatique+Aqua+Mundo+Center+Parcs+Les+Trois+For%C3%AAts/data=!4m7!3m6!1s0x47940cf9c809f3d7:0xa06e64f07391c86b!8m2!3d48.6213789!4d6.9838248!16s%2Fg%2F11cm057dqd!19sChIJ1_MJyPkMlEcRa8iRc_BkbqA?authuser=0&hl=fr&rclk=1
Manoir Bel Air,4.4,,Manoir Bel Air,,Saint-Dyé-sur-Loire+France,Centre thermal,https://www.google.com/maps/place/Manoir+Bel+Air/data=!4m10!3m9!1s0x47e4a4b5ac76df29:0xba58a8f0effcc68a!5m2!4m1!1i2!8m2!3d47.6584024!4d1.4946485!16s%2Fg%2F1v41zrqs!19sChIJKd92rLWk5EcRisb87_CoWLo?authuser=0&hl=fr&rclk=1
Aqua Mundo -Villages Nature,4.2,,Aqua Mundo -Villages Nature,,Monès+France,Parc aquatique,https://www.google.com/maps/place/Aqua+Mundo+-Villages+Nature/data=!4m7!3m6!1s0x47e8a8b117e14b23:0x5a0e6789e8354b1e!8m2!3d48.82876!4d2.817801!16s%2Fg%2F11ddx46b47!19sChIJI0vhF7Go6EcRHks16IlnDlo?authuser=0&hl=fr&rclk=1
Etablissement Thermal des Eaux-Chaudes,4.7,,Etablissement Thermal des Eaux-Chaudes,,Monein+France,Centre thermal,https://www.google.com/maps/place/Etablissement+Thermal+des+Eaux-Chaudes/data=!4m7!3m6!1s0xd57bb81c92eb1a3:0xa38871c5fa9df656!8m2!3d42.9540114!4d-0.4396586!16s%2Fg%2F11j1qh06kg!19sChIJo7EuyYG7Vw0RVvad-sVxiKM?authuser=0&hl=fr&rclk=1
Parc d'Attractions Aquatic Landes / Labenne,3.6,,Parc d'Attractions Aquatic Landes / Labenne,,Monesple+France,Parc aquatique,https://www.google.com/maps/place/Parc+d%27Attractions+Aquatic+Landes+%2F+Labenne/data=!4m7!3m6!1s0xd514488fe12707f:0xcb6cf6d5bdb04aed!8m2!3d43.5948793!4d-1.4533072!16s%2Fg%2F1tczx7_d!19sChIJf3AS_ohEUQ0R7UqwvdX2bMs?authuser=0&hl=fr&rclk=1
Groupe Eurothermes,3.0,,Groupe Eurothermes,,Monein+France,Centre thermal,https://www.google.com/maps/place/Groupe+Eurothermes/data=!4m7!3m6!1s0xd5648dce27915a1:0x8284dbc00fb68b73!8m2!3d43.2980009!4d-0.3588386!16s%2Fg%2F1tftsdtz!19sChIJoRV54txIVg0Rc4u2D8DbhII?authuser=0&hl=fr&rclk=1
Château & Thermes de Saint-Denis sur Loire,4.0,,Château & Thermes de Saint-Denis sur Loire,,Saint-Dyé-sur-Loire+France,Centre thermal,https://www.google.com/maps/place/Ch%C3%A2teau+%26+Thermes+de+Saint-Denis+sur+Loire/data=!4m7!3m6!1s0x47e4a643bd509199:0x6c38a77f4c54d387!8m2!3d47.6243097!4d1.3885907!16s%2Fg%2F112yfqz98!19sChIJmZFQvUOm5EcRh9NUTH-nOGw?authuser=0&hl=fr&rclk=1
Wake Up Park - Nouveaux Propriétaires 2021 - Grenoble Moirans,4.5,,Wake Up Park - Nouveaux Propriétaires 2021 - Grenoble Moirans,,Saint-Égrève+France,Parc aquatique,https://www.google.com/maps/place/Wake+Up+Park+-+Nouveaux+Propri%C3%A9taires+2021+-+Grenoble+Moirans/data=!4m7!3m6!1s0x478ae623c8a67b21:0xf768dca07ebec8ec!8m2!3d45.3205477!4d5.5404926!16s%2Fg%2F11bvts5m_s!19sChIJIXumyCPmikcR7Mi-fqDcaPc?authuser=0&hl=fr&rclk=1
Parc aquatique Aqua Mundo Center Parcs Les Hauts de Bruyères,4.2,,Parc aquatique Aqua Mundo Center Parcs Les Hauts de Bruyères,,Monès+France,Parc aquatique,https://www.google.com/maps/place/Parc+aquatique+Aqua+Mundo+Center+Parcs+Les+Hauts+de+Bruy%C3%A8res/data=!4m7!3m6!1s0x47e4d99a9638a48f:0x9187dc0642c71afd!8m2!3d47.6202!4d1.934931!16s%2Fg%2F11cmccytdq!19sChIJj6Q4lprZ5EcR_RrHQgbch5E?authuser=0&hl=fr&rclk=1
Parc aquatique Aqua Mundo Center Parcs Le Bois aux Daims,4.4,,Parc aquatique Aqua Mundo Center Parcs Le Bois aux Daims,,Bridoré+France,Parc aquatique,https://www.google.com/maps/place/Parc+aquatique+Aqua+Mundo+Center+Parcs+Le+Bois+aux+Daims/data=!4m7!3m6!1s0x47fd61ce839103fb:0xd4ebda7284b88591!8m2!3d47.092859!4d0.000963!16s%2Fg%2F11clytlvdt!19sChIJ-wORg85h_UcRkYW4hHLa69Q?authuser=0&hl=fr&rclk=1
Eglise Saint Girons,4.6,209,Eglise Saint Girons,,Monein+France,Centre thermal,https://www.google.com/maps/place/Eglise+Saint+Girons/data=!4m7!3m6!1s0xd56578c6f08c92f:0xf9dde25f8fa35733!8m2!3d43.3223685!4d-0.5795101!16s%2Fm%2F0glpc5b!19sChIJL8kIb4xXVg0RM1ejj1_i3fk?authuser=0&hl=fr&rclk=1
Aqua Mundo -Villages Nature,4.2,,Aqua Mundo -Villages Nature,,Monesple+France,Parc aquatique,https://www.google.com/maps/place/Aqua+Mundo+-Villages+Nature/data=!4m7!3m6!1s0x47e8a8b117e14b23:0x5a0e6789e8354b1e!8m2!3d48.82876!4d2.817801!16s%2Fg%2F11ddx46b47!19sChIJI0vhF7Go6EcRHks16IlnDlo?authuser=0&hl=fr&rclk=1
Aquapark - Bzhwakepark,4.5,,Aquapark - Bzhwakepark,,Saint-Égrève+France,Parc aquatique,https://www.google.com/maps/place/Aquapark+-+Bzhwakepark/data=!4m7!3m6!1s0x480e6b2103f4c8b1:0x922a50a62541d2a0!8m2!3d48.3876925!4d-2.3341484!16s%2Fg%2F11svm96h2d!19sChIJscj0AyFrDkgRoNJBJaZQKpI?authuser=0&hl=fr&rclk=1
Aquaboulevard de Paris,3.7,,Aquaboulevard de Paris,,Monès+France,Parc aquatique,https://www.google.com/maps/place/Aquaboulevard+de+Paris/data=!4m7!3m6!1s0x47e6718b1fbcd4fd:0xa7968d889eb5402a!8m2!3d48.8318042!4d2.2762627!16s%2Fg%2F120hhrtz!19sChIJ_dS8H4tx5kcRKkC1noiNlqc?authuser=0&hl=fr&rclk=1
Parc Naturéo,4.1,,Parc Naturéo,,Bridoré+France,Parc aquatique,https://www.google.com/maps/place/Parc+Natur%C3%A9o/data=!4m7!3m6!1s0x47fc955027d5ee85:0x40d8f55603e54219!8m2!3d47.1194739!4d0.979237!16s%2Fg%2F1th1tdqp!19sChIJhe7VJ1CV_EcRGULlA1b12EA?authuser=0&hl=fr&rclk=1
O'Gliss Park,4.0,,O'Gliss Park,,Monès+France,Parc aquatique,https://www.google.com/maps/place/O%27Gliss+Park/data=!4m7!3m6!1s0x48041838fbcd0fa3:0xf86c307bbd3f89e!8m2!3d46.4555894!4d-1.4186926!16s%2Fg%2F1td3kzhh!19sChIJow_N-zgYBEgRnvjTuwfDhg8?authuser=0&hl=fr&rclk=1
Parc de Rochepleine,4.3,,Parc de Rochepleine,,Saint-Égrève+France,Parc aquatique,https://www.google.com/maps/place/Parc+de+Rochepleine/data=!4m7!3m6!1s0x478af19b0564fe75:0xd36a460d14ca1c85!8m2!3d45.2455076!4d5.6742541!16s%2Fg%2F1ptwf8jjx!19sChIJdf5kBZvxikcRhRzKFA1GatM?authuser=0&hl=fr&rclk=1
Base de Loisirs des 3 Lacs,4.1,,Base de Loisirs des 3 Lacs,,Monesple+France,Parc aquatique,https://www.google.com/maps/place/Base+de+Loisirs+des+3+Lacs/data=!4m7!3m6!1s0x12ac3c87e848bb2b:0x18a7beff94de2105!8m2!3d43.9696052!4d1.5952079!16s%2Fg%2F11cn9j0hzj!19sChIJK7tI6Ic8rBIRBSHelP--pxg?authuser=0&hl=fr&rclk=1
Hôtel Aux Vieux Remparts,4.1,,SponsoriséPar Booking.com,,Fontaine-Mâcon+France,Hôtel avec spa,https://www.google.com/maps/place/H%C3%B4tel+Aux+Vieux+Remparts/data=!4m10!3m9!1s0x47ef31a7f9be0eb1:0x4cfc852e74c2c392!5m2!4m1!1i2!8m2!3d48.562545!4d3.287249!16s%2Fg%2F1wn32_q4!19sChIJsQ6--acx70cRksPCdC6F_Ew?authuser=0&hl=fr&rclk=1
Centre Aquatique du Lac,3.5,,Centre Aquatique du Lac,,Bridoré+France,Parc aquatique,https://www.google.com/maps/place/Centre+Aquatique+du+Lac/data=!4m7!3m6!1s0x47fcd6818bf4dc43:0x43162ad60fb5dd42!8m2!3d47.3679142!4d0.6971397!16s%2Fg%2F11c0xq717q!19sChIJQ9z0i4HW_EcRQt21D9YqFkM?authuser=0&hl=fr&rclk=1
Arizona Kids,4.4,,Arizona Kids,,Saint-Égrève+France,Parc aquatique,https://www.google.com/maps/place/Arizona+Kids/data=!4m7!3m6!1s0x478af3c7fffad067:0x7e71ce9accc337fd!8m2!3d45.2147535!4d5.6842091!16s%2Fg%2F11cnndfwbt!19sChIJZ9D6_8fzikcR_TfDzJrOcX4?authuser=0&hl=fr&rclk=1
Aqua Mundo,3.9,,Aqua Mundo,,Monès+France,Parc aquatique,https://www.google.com/maps/place/Aqua+Mundo/data=!4m7!3m6!1s0x12aa7900184fb45b:0x345cbfe56a125c4f!8m2!3d44.2926303!4d0.0430183!16s%2Fg%2F11w7_vd1v8!19sChIJW7RPGAB5qhIRT1wSauW_XDQ?authuser=0&hl=fr&rclk=1
Aqua Mundo du Bois aux Daims,4.5,,Aqua Mundo du Bois aux Daims,,Bridoré+France,Parc aquatique,https://www.google.com/maps/place/Aqua+Mundo+du+Bois+aux+Daims/data=!4m7!3m6!1s0x47fd6112c0f095eb:0x56993c0d11af6df5!8m2!3d47.0917518!4d0.012776!16s%2Fg%2F11t_zllh83!19sChIJ65XwwBJh_UcR9W2vEQ08mVY?authuser=0&hl=fr&rclk=1
Hôtel Aux Vieux Remparts,4.1,,Hôtel Aux Vieux Remparts,,Fontaine-Mâcon+France,Hôtel avec spa,https://www.google.com/maps/place/H%C3%B4tel+Aux+Vieux+Remparts/data=!4m10!3m9!1s0x47ef31a7f98b1e95:0x4cfc852e74c2c392!5m2!4m1!1i2!8m2!3d48.5625446!4d3.2872492!16s%2Fg%2F1wn32_q4!19sChIJlR6L-acx70cRksPCdC6F_Ew?authuser=0&hl=fr&rclk=1
Parc Aquatique Géant Water Glisse Passion - Lac Aréna,4.2,,Parc Aquatique Géant Water Glisse Passion - Lac Aréna,,Monesple+France,Parc aquatique,https://www.google.com/maps/place/Parc+Aquatique+G%C3%A9ant+Water+Glisse+Passion+-+Lac+Ar%C3%A9na/data=!4m7!3m6!1s0x12cea4ce3c0f7fcf:0xf21e0a74de5889ac!8m2!3d43.4518737!4d6.6322165!16s%2Fg%2F11c1r1899l!19sChIJz38PPM6kzhIRrIlY3nQKHvI?authuser=0&hl=fr&rclk=1
Espace Chantelouise,4.3,,Espace Chantelouise,,Saint-Égrève+France,Parc aquatique,https://www.google.com/maps/place/Espace+Chantelouise/data=!4m7!3m6!1s0x478a4c3277ac8479:0x1c7410f541e4410b!8m2!3d45.3744749!4d6.0556165!16s%2Fg%2F11gbk2zkkp!19sChIJeYSsdzJMikcRC0HkQfUQdBw?authuser=0&hl=fr&rclk=1
Lac d'Hommes - Aquapark & Guinguette,4.1,,Lac d'Hommes - Aquapark & Guinguette,,Bridoré+France,Parc aquatique,https://www.google.com/maps/place/Lac+d%27Hommes+-+Aquapark+%26+Guinguette/data=!4m7!3m6!1s0x47fd4b2de3deacc9:0x8096db299501c84c!8m2!3d47.445269!4d0.275788!16s%2Fg%2F12q4rqgp7!19sChIJyaze4y1L_UcRTMgBlSnbloA?authuser=0&hl=fr&rclk=1
AquaPark 33,4.3,,AquaPark 33,,Monesple+France,Parc aquatique,https://www.google.com/maps/place/AquaPark+33/data=!4m7!3m6!1s0xd54e979041c1313:0xecd682a52eb22b5d!8m2!3d44.6567985!4d-0.8217127!16s%2Fg%2F11b77sttcf!19sChIJExMcBHnpVA0RXSuyLqWC1uw?authuser=0&hl=fr&rclk=1
Walygator Sud-Ouest - Parc d'Attractions,3.8,,Walygator Sud-Ouest - Parc d'Attractions,,Monès+France,Parc aquatique,https://www.google.com/maps/place/Walygator+Sud-Ouest+-+Parc+d%27Attractions/data=!4m7!3m6!1s0x12aa4bbfffffffff:0xa8044d515dca566d!8m2!3d44.1866939!4d0.5761217!16s%2Fg%2F121zpgqv!19sChIJ_____79LqhIRbVbKXVFNBKg?authuser=0&hl=fr&rclk=1
"NICEY - Hôtel Spa, Coworking",4.4,,"NICEY - Hôtel Spa, Coworking",,Fontaine-Mâcon+France,Hôtel avec spa,"https://www.google.com/maps/place/NICEY+-+H%C3%B4tel+Spa,+Coworking/data=!4m10!3m9!1s0x47eecf98dfed7a09:0x37806100bd31c514!5m2!4m1!1i2!8m2!3d48.5160904!4d3.7301126!16s%2Fg%2F1trcfrvm!19sChIJCXrt35jP7kcRFMUxvQBhgDc?authuser=0&hl=fr&rclk=1"
Centre Aquatique Bulle d'O,4.1,,Centre Aquatique Bulle d'O,,Bridoré+France,Parc aquatique,https://www.google.com/maps/place/Centre+Aquatique+Bulle+d%27O/data=!4m7!3m6!1s0x47fcd626eca797ef:0xa4e0ce589fb9b974!8m2!3d47.3428487!4d0.6569409!16s%2Fg%2F11cmpc_hm3!19sChIJ75en7CbW_EcRdLm5n1jO4KQ?authuser=0&hl=fr&rclk=1
Aquasplash,3.2,,Aquasplash,,Monesple+France,Parc aquatique,https://www.google.com/maps/place/Aquasplash/data=!4m7!3m6!1s0x12cdd4e53094e195:0x3231a5821eee6141!8m2!3d43.615356!4d7.124161!16s%2Fg%2F12hmcfpvc!19sChIJleGUMOXUzRIRQWHuHoKlMTI?authuser=0&hl=fr&rclk=1
Aquafly Indre,3.7,,Aquafly Indre,,Bridoré+France,Parc aquatique,https://www.google.com/maps/place/Aquafly+Indre/data=!4m7!3m6!1s0x47fbf5a543544b37:0x8a966ba6e6802e73!8m2!3d46.4337662!4d1.28757!16s%2Fg%2F11n8mmfh0r!19sChIJN0tUQ6X1-0cRcy6A5qZrloo?authuser=0&hl=fr&rclk=1
AquaPark 33,4.3,,AquaPark 33,,Monès+France,Parc aquatique,https://www.google.com/maps/place/AquaPark+33/data=!4m7!3m6!1s0xd54e979041c1313:0xecd682a52eb22b5d!8m2!3d44.6567985!4d-0.8217127!16s%2Fg%2F11b77sttcf!19sChIJExMcBHnpVA0RXSuyLqWC1uw?authuser=0&hl=fr&rclk=1
La Bouscarasse,4.0,,La Bouscarasse,,Monesple+France,Parc aquatique,https://www.google.com/maps/place/La+Bouscarasse/data=!4m7!3m6!1s0x12b44a442540f613:0xd473ab87bdc05214!8m2!3d44.037433!4d4.3262812!16s%2Fg%2F1tctzm7q!19sChIJE_ZAJURKtBIRFFLAvYerc9Q?authuser=0&hl=fr&rclk=1
Atlantic Park - Parc Aquatique - Seignosse,3.7,,Atlantic Park - Parc Aquatique - Seignosse,,Monesple+France,Parc aquatique,https://www.google.com/maps/place/Atlantic+Park+-+Parc+Aquatique+-+Seignosse/data=!4m7!3m6!1s0xd515958115061bb:0x49353d2aee309d6e!8m2!3d43.7059219!4d-1.4340258!16s%2Fg%2F123655qy!19sChIJu2FQEVhZUQ0Rbp0w7io9NUk?authuser=0&hl=fr&rclk=1
Atlantic Toboggan,4.0,,Atlantic Toboggan,,Monès+France,Parc aquatique,https://www.google.com/maps/place/Atlantic+Toboggan/data=!4m7!3m6!1s0x4804561d5e901d67:0x258896fd4f24c06b!8m2!3d46.7586033!4d-2.024573!16s%2Fg%2F1tdc956c!19sChIJZx2QXh1WBEgRa8AkT_2WiCU?authuser=0&hl=fr&rclk=1
Aquazone,4.5,,Aquazone,,Monesple+France,Parc aquatique,https://www.google.com/maps/place/Aquazone/data=!4m7!3m6!1s0xd513e0de8265e47:0x432c8e4342c5dc0a!8m2!3d43.3440699!4d-1.5260338!16s%2Fg%2F11c3100g23!19sChIJR14m6A0-UQ0RCtzFQkOOLEM?authuser=0&hl=fr&rclk=1
Le Sarcinoé - Maison d'hôtes,5.0,,Le Sarcinoé - Maison d'hôtes,,Fontaine-Mâcon+France,Hôtel avec spa,https://www.google.com/maps/place/Le+Sarcino%C3%A9+-+Maison+d%27h%C3%B4tes/data=!4m10!3m9!1s0x47ef17576b816e45:0xdc63870ff3ece18a!5m2!4m1!1i2!8m2!3d48.3440919!4d3.26379!16s%2Fg%2F11vldq9mxl!19sChIJRW6Ba1cX70cRiuHs8w-HY9w?authuser=0&hl=fr&rclk=1
Aquaparc Isis,3.7,,Aquaparc Isis,,Monès+France,Parc aquatique,https://www.google.com/maps/place/Aquaparc+Isis/data=!4m7!3m6!1s0x478d4b42216b628b:0x763b50c273681fc1!8m2!3d47.072283!4d5.4863406!16s%2Fg%2F1tp1xqjy!19sChIJi2JrIUJLjUcRwR9oc8JQO3Y?authuser=0&hl=fr&rclk=1
Aquaboulevard de Paris,3.7,,Aquaboulevard de Paris,,Monesple+France,Parc aquatique,https://www.google.com/maps/place/Aquaboulevard+de+Paris/data=!4m7!3m6!1s0x47e6718b1fbcd4fd:0xa7968d889eb5402a!8m2!3d48.8318042!4d2.2762627!16s%2Fg%2F120hhrtz!19sChIJ_dS8H4tx5kcRKkC1noiNlqc?authuser=0&hl=fr&rclk=1
La Réserve de l’Aube (Hébergements Insolites),5.0,,La Réserve de l’Aube (Hébergements Insolites),,Fontaine-Mâcon+France,Hôtel avec spa,https://www.google.com/maps/place/La+R%C3%A9serve+de+l%E2%80%99Aube+%28H%C3%A9bergements+Insolites%29/data=!4m10!3m9!1s0x47eed5c069a81319:0xc93abc385fc7bd8!5m2!4m1!1i2!8m2!3d48.5965626!4d3.5543463!16s%2Fg%2F11nrvvq2t8!19sChIJGROoacDV7kcR2Hv8hcOrkww?authuser=0&hl=fr&rclk=1
Aquatic Lagoon,2.8,,Aquatic Lagoon,,Monès+France,Parc aquatique,https://www.google.com/maps/place/Aquatic+Lagoon/data=!4m7!3m6!1s0x12ab35d91acce127:0xb730c41725643a4e!8m2!3d44.9872264!4d0.8890829!16s%2Fg%2F11nyttyblm!19sChIJJ-HMGtk1qxIRTjpkJRfEMLc?authuser=0&hl=fr&rclk=1
Parc aquatique et base nautique Aqu’aloa,4.0,,Parc aquatique et base nautique Aqu’aloa,,Monesple+France,Parc aquatique,https://www.google.com/maps/place/Parc+aquatique+et+base+nautique+Aqu%E2%80%99aloa/data=!4m7!3m6!1s0x12b29750417bfbbd:0x5aa56d77d1d97fae!8m2!3d44.6673721!4d2.6792726!16s%2Fg%2F11hyt6yfkn!19sChIJvft7QVCXshIRrn_Z0XdtpVo?authuser=0&hl=fr&rclk=1
Aquasplash,3.2,,Aquasplash,,Monès+France,Parc aquatique,https://www.google.com/maps/place/Aquasplash/data=!4m7!3m6!1s0x12cdd4e53094e195:0x3231a5821eee6141!8m2!3d43.615356!4d7.124161!16s%2Fg%2F12hmcfpvc!19sChIJleGUMOXUzRIRQWHuHoKlMTI?authuser=0&hl=fr&rclk=1
Le Monde de Merlin Aquapark,4.1,,Le Monde de Merlin Aquapark,,Monesple+France,Parc aquatique,https://www.google.com/maps/place/Le+Monde+de+Merlin+Aquapark/data=!4m7!3m6!1s0x47f55989cad12705:0xd1677efcb37201b0!8m2!3d44.969692!4d4.877517!16s%2Fg%2F11b7q316l0!19sChIJBSfRyolZ9UcRsAFys_x-Z9E?authuser=0&hl=fr&rclk=1
Parc aquatique Wibit,4.3,,Parc aquatique Wibit,,Monès+France,Parc aquatique,https://www.google.com/maps/place/Parc+aquatique+Wibit/data=!4m7!3m6!1s0x478c02deda07823b:0xc9cc93d919902db2!8m2!3d46.1523953!4d6.6713589!16s%2Fg%2F11dxjn53g0!19sChIJO4IH2t4CjEcRsi2QGdmTzMk?authuser=0&hl=fr&rclk=1
Aqua Bubble Boom Chour,4.4,,Aqua Bubble Boom Chour,,Monesple+France,Parc aquatique,https://www.google.com/maps/place/Aqua+Bubble+Boom+Chour/data=!4m7!3m6!1s0x47f2b96d26628ae3:0xf69762e65c4b3f5e!8m2!3d47.0561794!4d5.2352474!16s%2Fg%2F11qfy5qwt9!19sChIJ44piJm258kcRXj9LXOZil_Y?authuser=0&hl=fr&rclk=1
Thermes de Cambo-les-Bains,4.5,,Thermes de Cambo-les-Bains,,Mondreville+France,Centre thermal,https://www.google.com/maps/place/Thermes+de+Cambo-les-Bains/data=!4m7!3m6!1s0xd513a54ea1828dd:0xa3f3e8da5cddbf6!8m2!3d43.3546709!4d-1.3876673!16s%2Fg%2F1td1l9mm!19sChIJ3SgY6lQ6UQ0R9tvNpY0-Pwo?authuser=0&hl=fr&rclk=1
Atlantic Park - Parc Aquatique - Seignosse,3.7,,Atlantic Park - Parc Aquatique - Seignosse,,Monès+France,Parc aquatique,https://www.google.com/maps/place/Atlantic+Park+-+Parc+Aquatique+-+Seignosse/data=!4m7!3m6!1s0xd515958115061bb:0x49353d2aee309d6e!8m2!3d43.7059219!4d-1.4340258!16s%2Fg%2F123655qy!19sChIJu2FQEVhZUQ0Rbp0w7io9NUk?authuser=0&hl=fr&rclk=1
Aquaparc BE FUN Lyon,4.9,,Aquaparc BE FUN Lyon,,Monesple+France,Parc aquatique,https://www.google.com/maps/place/Aquaparc+BE+FUN+Lyon/data=!4m7!3m6!1s0x47f4bf3b9beda7d7:0xfd047b9b7bbec6ca!8m2!3d45.8015969!4d4.9402059!16s%2Fg%2F11g1lvqg8x!19sChIJ16ftmzu_9EcRysa-e5t7BP0?authuser=0&hl=fr&rclk=1
Centre Thermal Saint-Eloy Amnéville,4.3,,Centre Thermal Saint-Eloy Amnéville,,Mondreville+France,Centre thermal,https://www.google.com/maps/place/Centre+Thermal+Saint-Eloy+Amn%C3%A9ville/data=!4m7!3m6!1s0x479527aca6f93495:0x94878c99d8dee5e6!8m2!3d49.2421515!4d6.1354468!16s%2Fg%2F1tkc5mb4!19sChIJlTT5pqwnlUcR5uXe2JmMh5Q?authuser=0&hl=fr&rclk=1
Parc d'Attractions Aquatic Landes / Labenne,3.6,,Parc d'Attractions Aquatic Landes / Labenne,,Monès+France,Parc aquatique,https://www.google.com/maps/place/Parc+d%27Attractions+Aquatic+Landes+%2F+Labenne/data=!4m7!3m6!1s0xd514488fe12707f:0xcb6cf6d5bdb04aed!8m2!3d43.5948793!4d-1.4533072!16s%2Fg%2F1tczx7_d!19sChIJf3AS_ohEUQ0R7UqwvdX2bMs?authuser=0&hl=fr&rclk=1
ValVital - Thermes & Institut d'Enghien-les-Bains,4.2,,ValVital - Thermes & Institut d'Enghien-les-Bains,,Mondreville+France,Centre thermal,https://www.google.com/maps/place/ValVital+-+Thermes+%26+Institut+d%27Enghien-les-Bains/data=!4m7!3m6!1s0x47e6688d7b2ff5f9:0x94ec6351ea900db7!8m2!3d48.9678187!4d2.3052914!16s%2Fg%2F1tjf9kwr!19sChIJ-fUve41o5kcRtw2Q6lFj7JQ?authuser=0&hl=fr&rclk=1
Aqua Family,4.2,,Aqua Family,,Monès+France,Parc aquatique,https://www.google.com/maps/place/Aqua+Family/data=!4m7!3m6!1s0x12c921c73208131f:0x9dbdc54ad9bd021d!8m2!3d43.0861999!4d6.1461576!16s%2Fg%2F11j11hc7dk!19sChIJHxMIMschyRIRHQK92UrFvZ0?authuser=0&hl=fr&rclk=1
Aquapark - Bzhwakepark,4.5,,Aquapark - Bzhwakepark,,Monesple+France,Parc aquatique,https://www.google.com/maps/place/Aquapark+-+Bzhwakepark/data=!4m7!3m6!1s0x480e6b2103f4c8b1:0x922a50a62541d2a0!8m2!3d48.3876925!4d-2.3341484!16s%2Fg%2F11svm96h2d!19sChIJscj0AyFrDkgRoNJBJaZQKpI?authuser=0&hl=fr&rclk=1
Aquaparc,4.3,,Aquaparc,,Monès+France,Parc aquatique,https://www.google.com/maps/place/Aquaparc/data=!4m7!3m6!1s0x478e9bff9a80c3bb:0xbaf2ec6cdcfbc93e!8m2!3d46.3895221!4d6.8625021!16s%2Fg%2F122rd4t5!19sChIJu8OAmv-bjkcRPsn73Gzs8ro?authuser=0&hl=fr&rclk=1
Parc aquatique Wibit,4.3,,Parc aquatique Wibit,,Monesple+France,Parc aquatique,https://www.google.com/maps/place/Parc+aquatique+Wibit/data=!4m7!3m6!1s0x478c02deda07823b:0xc9cc93d919902db2!8m2!3d46.1523953!4d6.6713589!16s%2Fg%2F11dxjn53g0!19sChIJO4IH2t4CjEcRsi2QGdmTzMk?authuser=0&hl=fr&rclk=1
Centre Aquatique Natur&O,4.0,,Centre Aquatique Natur&O,,Fontaine-Notre-Dame+France,Parc aquatique,https://www.google.com/maps/place/Centre+Aquatique+Natur%26O/data=!4m7!3m6!1s0x47c2ed71e77132f7:0xbe1e0161d81d6e2a!8m2!3d50.3222143!4d3.3935399!16s%2Fg%2F11smb1_c4v!19sChIJ9zJx53HtwkcRKm4d2GEBHr4?authuser=0&hl=fr&rclk=1
Stade Nautique Liberté / Cambrai,4.0,,Stade Nautique Liberté / Cambrai,,Fontaine-Notre-Dame+France,Parc aquatique,https://www.google.com/maps/place/Stade+Nautique+Libert%C3%A9+%2F+Cambrai/data=!4m7!3m6!1s0x47c2bb708889221f:0x4b02dcf80ffa216d!8m2!3d50.1719673!4d3.2265006!16s%2Fg%2F11cn0ms6fg!19sChIJHyKJiHC7wkcRbSH6D_jcAks?authuser=0&hl=fr&rclk=1
Piscine Les Ondines,4.1,,Piscine Les Ondines,,Fontaine-Notre-Dame+France,Parc aquatique,https://www.google.com/maps/place/Piscine+Les+Ondines/data=!4m7!3m6!1s0x47c2bc9387fecdeb:0x847a724c2bf9cbf8!8m2!3d50.1624045!4d3.2575338!16s%2Fg%2F1tj9shgr!19sChIJ683-h5O8wkcR-Mv5K0xyeoQ?authuser=0&hl=fr&rclk=1
Hôtel Les Peupliers,4.4,,SponsoriséPar Booking.com,,Brides-les-Bains+France,Hôtel avec spa,https://www.google.com/maps/place/H%C3%B4tel+Les+Peupliers/data=!4m10!3m9!1s0x47897f398e331997:0xd65b3c1dc43a509c!5m2!4m1!1i2!8m2!3d45.432066!4d6.621906!16s%2Fg%2F1vc_p7fy!19sChIJlxkzjjl_iUcRnFA6xB08W9Y?authuser=0&hl=fr&rclk=1
Avancher Hôtel & Lodge - Restaurant & Bar - Massage & Coiffure,4.8,,SponsoriséPar Booking.com,,Brides-les-Bains+France,Hôtel avec spa,https://www.google.com/maps/place/Avancher+H%C3%B4tel+%26+Lodge+-+Restaurant+%26+Bar+-+Massage+%26+Coiffure/data=!4m10!3m9!1s0x47890be6ddb5e861:0x6abd7877d4831d98!5m2!4m1!1i2!8m2!3d45.446713!4d6.986193!16s%2Fg%2F1tgz97c5!19sChIJYei13eYLiUcRmB2D1Hd4vWo?authuser=0&hl=fr&rclk=1
Hôtel l'Hermitage Brides-les-Bains,4.6,,Hôtel l'Hermitage Brides-les-Bains,,Brides-les-Bains+France,Hôtel avec spa,https://www.google.com/maps/place/H%C3%B4tel+l%27Hermitage+Brides-les-Bains/data=!4m10!3m9!1s0x47897e351feaba77:0x6177e68cb0c85562!5m2!4m1!1i2!8m2!3d45.4518521!4d6.5677571!16s%2Fg%2F1tkc5ky_!19sChIJd7rqHzV-iUcRYlXIsIzmd2E?authuser=0&hl=fr&rclk=1
Hôtel Le Verseau,4.3,,Hôtel Le Verseau,,Brides-les-Bains+France,Hôtel avec spa,https://www.google.com/maps/place/H%C3%B4tel+Le+Verseau/data=!4m10!3m9!1s0x47897e351fbdc5ad:0x336839a0ec06a862!5m2!4m1!1i2!8m2!3d45.4508438!4d6.5691733!16s%2Fg%2F1tlc_1q8!19sChIJrcW9HzV-iUcRYqgG7KA5aDM?authuser=0&hl=fr&rclk=1
Hôtel Les Chalets,4.3,,Hôtel Les Chalets,,Brides-les-Bains+France,Hôtel avec spa,https://www.google.com/maps/place/H%C3%B4tel+Les+Chalets/data=!4m10!3m9!1s0x478bd5deb9c91137:0xcb5bef6a6f7d8c86!5m2!4m1!1i2!8m2!3d45.451345!4d6.5653383!16s%2Fg%2F1tfg1_28!19sChIJNxHJud7Vi0cRhox9b2rvW8s?authuser=0&hl=fr&rclk=1
Hotel Le Montana,4.6,,Hotel Le Montana,,Brides-les-Bains+France,Hôtel avec spa,https://www.google.com/maps/place/Hotel+Le+Montana/data=!4m10!3m9!1s0x47897f0b81dd9be7:0x3b4dbd7acec5db5a!5m2!4m1!1i2!8m2!3d45.431775!4d6.5959139!16s%2Fg%2F11c2n_j5qt!19sChIJ55vdgQt_iUcRWtvFznq9TTs?authuser=0&hl=fr&rclk=1
Hôtel Les Peupliers,4.4,,Hôtel Les Peupliers,,Brides-les-Bains+France,Hôtel avec spa,https://www.google.com/maps/place/H%C3%B4tel+Les+Peupliers/data=!4m10!3m9!1s0x47897f398fd701f9:0xd65b3c1dc43a509c!5m2!4m1!1i2!8m2!3d45.4320655!4d6.6219055!16s%2Fg%2F1vc_p7fy!19sChIJ-QHXjzl_iUcRnFA6xB08W9Y?authuser=0&hl=fr&rclk=1
La Bouitte - Hôtel & Spa - Relais & Châteaux,4.7,,La Bouitte - Hôtel & Spa - Relais & Châteaux,,Brides-les-Bains+France,Hôtel avec spa,https://www.google.com/maps/place/La+Bouitte+-+H%C3%B4tel+%26+Spa+-+Relais+%26+Ch%C3%A2teaux/data=!4m10!3m9!1s0x478a2a6636dc0937:0x14c61154fe07c4d4!5m2!4m1!1i2!8m2!3d45.3691421!4d6.5134864!16s%2Fg%2F1tg_kjgb!19sChIJNwncNmYqikcR1MQH_lQRxhQ?authuser=0&hl=fr&rclk=1
Radiana Hotel Restaurant & Spa,4.0,,Radiana Hotel Restaurant & Spa,,Brides-les-Bains+France,Hôtel avec spa,https://www.google.com/maps/place/Radiana+Hotel+Restaurant+%26+Spa/data=!4m10!3m9!1s0x478bd6c945505c4b:0x6053e11273fd9900!5m2!4m1!1i2!8m2!3d45.5173523!4d6.4821258!16s%2Fg%2F1tcv9stg!19sChIJS1xQRcnWi0cRAJn9cxLhU2A?authuser=0&hl=fr&rclk=1
Hôtel Carlina by Les Etincelles,4.5,,Hôtel Carlina by Les Etincelles,,Brides-les-Bains+France,Hôtel avec spa,https://www.google.com/maps/place/H%C3%B4tel+Carlina+by+Les+Etincelles/data=!4m10!3m9!1s0x47897a4f8e311f89:0x736a940a67af70ea!5m2!4m1!1i2!8m2!3d45.5088839!4d6.7047687!16s%2Fg%2F1tdxzsnh!19sChIJiR8xjk96iUcR6nCvZwqUanM?authuser=0&hl=fr&rclk=1
Hôtel La Chaudanne,4.4,,Hôtel La Chaudanne,,Brides-les-Bains+France,Hôtel avec spa,https://www.google.com/maps/place/H%C3%B4tel+La+Chaudanne/data=!4m10!3m9!1s0x4789803edad0034f:0x4ceb578916f87bc9!5m2!4m1!1i2!8m2!3d45.3940041!4d6.5674366!16s%2Fg%2F12hnh8jss!19sChIJTwPQ2j6AiUcRyXv4FolX60w?authuser=0&hl=fr&rclk=1
LODJI,4.7,,LODJI,,Brides-les-Bains+France,Hôtel avec spa,https://www.google.com/maps/place/LODJI/data=!4m10!3m9!1s0x478a2b9221cc547b:0x2dfd753247a9a195!5m2!4m1!1i2!8m2!3d45.3769306!4d6.5036725!16s%2Fg%2F11kh65brr6!19sChIJe1TMIZIrikcRlaGpRzJ1_S0?authuser=0&hl=fr&rclk=1
Hôtel L'Edelweiss,4.7,,Hôtel L'Edelweiss,,Brides-les-Bains+France,Hôtel avec spa,https://www.google.com/maps/place/H%C3%B4tel+L%27Edelweiss/data=!4m10!3m9!1s0x47899d37b8d56a35:0x7971a17748d3a642!5m2!4m1!1i2!8m2!3d45.3820254!4d6.7223657!16s%2Fg%2F1tf14s1k!19sChIJNWrVuDediUcRQqbTSHehcXk?authuser=0&hl=fr&rclk=1
Logis Hôtel la Tourmaline,4.0,,Logis Hôtel la Tourmaline,,Brides-les-Bains+France,Hôtel avec spa,https://www.google.com/maps/place/Logis+H%C3%B4tel+la+Tourmaline/data=!4m10!3m9!1s0x4789634ce8397ac9:0x8a600c105e759414!5m2!4m1!1i2!8m2!3d45.5553056!4d6.643124!16s%2Fg%2F1jkvg7blc!19sChIJyXo56ExjiUcRFJR1XhAMYIo?authuser=0&hl=fr&rclk=1
Hôtel Le Grand Bec,4.3,,Hôtel Le Grand Bec,,Brides-les-Bains+France,Hôtel avec spa,https://www.google.com/maps/place/H%C3%B4tel+Le+Grand+Bec/data=!4m10!3m9!1s0x47899d37740b1371:0x953ea70bbfa22a09!5m2!4m1!1i2!8m2!3d45.3829994!4d6.7163407!16s%2Fg%2F1t_tj5gc!19sChIJcRMLdDediUcRCSqivwunPpU?authuser=0&hl=fr&rclk=1
Résidence Rive Droite,3.4,,Résidence Rive Droite,,Brides-les-Bains+France,Hôtel avec spa,https://www.google.com/maps/place/R%C3%A9sidence+Rive+Droite/data=!4m10!3m9!1s0x478bd7a6eb4bb6a5:0x632a93c9952ca36e!5m2!4m1!1i2!8m2!3d45.5185256!4d6.4843761!16s%2Fg%2F11fq4kbzgy!19sChIJpbZL66bXi0cRbqMslcmTKmM?authuser=0&hl=fr&rclk=1
Hôtel Altis - Restaurant Le Val Vert,4.5,,Hôtel Altis - Restaurant Le Val Vert,,Brides-les-Bains+France,Hôtel avec spa,https://www.google.com/maps/place/H%C3%B4tel+Altis+-+Restaurant+Le+Val+Vert/data=!4m10!3m9!1s0x47897e337d268d25:0x1cdfd291792a1d4d!5m2!4m1!1i2!8m2!3d45.4516667!4d6.5675!16s%2Fg%2F1trrc20r!19sChIJJY0mfTN-iUcRTR0qeZHS3xw?authuser=0&hl=fr&rclk=1
Six Senses Residences & SPA Courchevel,4.6,,Six Senses Residences & SPA Courchevel,,Brides-les-Bains+France,Hôtel avec spa,https://www.google.com/maps/place/Six+Senses+Residences+%26+SPA+Courchevel/data=!4m10!3m9!1s0x478978ae88f5f609:0xc74a9b30736d04ec!5m2!4m1!1i2!8m2!3d45.4150046!4d6.6372035!16s%2Fg%2F11c6ml7s40!19sChIJCfb1iK54iUcR7ARtczCbSsc?authuser=0&hl=fr&rclk=1
Les 3 Vallées,4.6,,Les 3 Vallées,,Brides-les-Bains+France,Hôtel avec spa,https://www.google.com/maps/place/Les+3+Vall%C3%A9es/data=!4m10!3m9!1s0x47897f4314be466d:0x26328ba9af41bd8e!5m2!4m1!1i2!8m2!3d45.4149001!4d6.6310461!16s%2Fg%2F1thd0px8!19sChIJbUa-FEN_iUcRjr1Br6mLMiY?authuser=0&hl=fr&rclk=1
Hôtel Le Grand Cœur & Spa,4.4,,Hôtel Le Grand Cœur & Spa,,Brides-les-Bains+France,Hôtel avec spa,https://www.google.com/maps/place/H%C3%B4tel+Le+Grand+C%C5%93ur+%26+Spa/data=!4m10!3m9!1s0x478980396f8e3bed:0x688ffcd2ed2ac3d8!5m2!4m1!1i2!8m2!3d45.397667!4d6.5669526!16s%2Fg%2F1tgxsf28!19sChIJ7TuObzmAiUcR2MMq7dL8j2g?authuser=0&hl=fr&rclk=1
Hôtel Le Coucou Méribel,4.5,,Hôtel Le Coucou Méribel,,Brides-les-Bains+France,Hôtel avec spa,https://www.google.com/maps/place/H%C3%B4tel+Le+Coucou+M%C3%A9ribel/data=!4m10!3m9!1s0x47898036cf13738d:0xf23849be68a1f81d!5m2!4m1!1i2!8m2!3d45.39529!4d6.5733612!16s%2Fg%2F11hzyyr8r6!19sChIJjXMTzzaAiUcRHfihaL5JOPI?authuser=0&hl=fr&rclk=1
MOUNTAIN LODGE,4.6,,MOUNTAIN LODGE,,Brides-les-Bains+France,Hôtel avec spa,https://www.google.com/maps/place/MOUNTAIN+LODGE/data=!4m10!3m9!1s0x478a2b43b6ff95d7:0x98229909e2deb188!5m2!4m1!1i2!8m2!3d45.3754913!4d6.5052406!16s%2Fg%2F11t4y2jt3r!19sChIJ15X_tkMrikcRiLHe4gmZIpg?authuser=0&hl=fr&rclk=1
Logis Hôtel du Château de la Motte,4.4,,SponsoriséPar Booking.com,,Mondrepuis+France,Hôtel avec spa,https://www.google.com/maps/place/Logis+H%C3%B4tel+du+Ch%C3%A2teau+de+la+Motte/data=!4m10!3m9!1s0x47c272a1d20bfffd:0xacc2228b7b000d40!5m2!4m1!1i2!8m2!3d50.109036!4d4.075859!16s%2Fg%2F1td325v5!19sChIJ_f8L0qFywkcRQA0Ae4siwqw?authuser=0&hl=fr&rclk=1
Les Lavandieres de Fontaine,4.6,,SponsoriséPar Booking.com,,Mondrepuis+France,Hôtel avec spa,https://www.google.com/maps/place/Les+Lavandieres+de+Fontaine/data=!4m10!3m9!1s0x47e9da3f8048ed3f:0x298eb24c551bc10a!5m2!4m1!1i2!8m2!3d49.85097!4d3.896702!16s%2Fg%2F1pp2t_6w5!19sChIJP-1IgD_a6UcRCsEbVUyyjik?authuser=0&hl=fr&rclk=1
"Disini Hôtel Restaurant & Spa, Montpellier Est, The Originals Relais",4.4,,SponsoriséPar Booking.com,,Saint-Drézéry+France,Hôtel avec spa,"https://www.google.com/maps/place/Disini+H%C3%B4tel+Restaurant+%26+Spa,+Montpellier+Est,+The+Originals+Relais/data=!4m10!3m9!1s0x12b6a0d5be263927:0xc2cc137edacb374c!5m2!4m1!1i2!8m2!3d43.684269!4d3.991466!16s%2Fg%2F1pp2vcyzy!19sChIJJzkmvtWgthIRTDfL2n4TzMI?authuser=0&hl=fr&rclk=1"
Parc aquatique Aqua Mundo Center Parcs Les Hauts de Bruyères,4.2,,Parc aquatique Aqua Mundo Center Parcs Les Hauts de Bruyères,,Saint-Dyé-sur-Loire+France,Parc aquatique,https://www.google.com/maps/place/Parc+aquatique+Aqua+Mundo+Center+Parcs+Les+Hauts+de+Bruy%C3%A8res/data=!4m7!3m6!1s0x47e4d99a9638a48f:0x9187dc0642c71afd!8m2!3d47.6202!4d1.934931!16s%2Fg%2F11cmccytdq!19sChIJj6Q4lprZ5EcR_RrHQgbch5E?authuser=0&hl=fr&rclk=1
Les Jasses de Camargue,3.6,,SponsoriséPar Booking.com,,Saint-Drézéry+France,Hôtel avec spa,https://www.google.com/maps/place/Les+Jasses+de+Camargue/data=!4m10!3m9!1s0x12b4276286d5166b:0xce64207e9d2225f0!5m2!4m1!1i2!8m2!3d43.714927!4d4.179702!16s%2Fg%2F119tj3pxw!19sChIJaxbVhmIntBIR8CUinX4gZM4?authuser=0&hl=fr&rclk=1
Centre aquatique Grand Chambord,4.0,,Centre aquatique Grand Chambord,,Saint-Dyé-sur-Loire+France,Parc aquatique,https://www.google.com/maps/place/Centre+aquatique+Grand+Chambord/data=!4m7!3m6!1s0x47e4bfd96cee833f:0xfbcb95b684790f6f!8m2!3d47.7167699!4d1.6068085!16s%2Fg%2F11f6dkfl89!19sChIJP4PubNm_5EcRbw95hLaVy_s?authuser=0&hl=fr&rclk=1
"Disini Hôtel Restaurant & Spa, Montpellier Est, The Originals Relais",4.4,,"Disini Hôtel Restaurant & Spa, Montpellier Est, The Originals Relais",,Saint-Drézéry+France,Hôtel avec spa,"https://www.google.com/maps/place/Disini+H%C3%B4tel+Restaurant+%26+Spa,+Montpellier+Est,+The+Originals+Relais/data=!4m10!3m9!1s0x12b6a05c21c35deb:0xc2cc137edacb374c!5m2!4m1!1i2!8m2!3d43.684269!4d3.991466!16s%2Fg%2F1pp2vcyzy!19sChIJ613DIVygthIRTDfL2n4TzMI?authuser=0&hl=fr&rclk=1"
Les Lavandieres de Fontaine,4.6,,Les Lavandieres de Fontaine,,Mondrepuis+France,Hôtel avec spa,https://www.google.com/maps/place/Les+Lavandieres+de+Fontaine/data=!4m10!3m9!1s0x47e9da40725e579b:0x298eb24c551bc10a!5m2!4m1!1i2!8m2!3d49.8509704!4d3.8967021!16s%2Fg%2F1pp2t_6w5!19sChIJm1deckDa6UcRCsEbVUyyjik?authuser=0&hl=fr&rclk=1
Aquaparc de l'étang du puits,4.3,,Aquaparc de l'étang du puits,,Saint-Dyé-sur-Loire+France,Parc aquatique,https://www.google.com/maps/place/Aquaparc+de+l%27%C3%A9tang+du+puits/data=!4m7!3m6!1s0x47e547deea014ecb:0x8a03be80daa38935!8m2!3d47.585039!4d2.375206!16s%2Fg%2F11g9m59bs0!19sChIJy04B6t5H5UcRNYmj2oC-A4o?authuser=0&hl=fr&rclk=1
Château de Pondres,4.3,,Château de Pondres,,Saint-Drézéry+France,Hôtel avec spa,https://www.google.com/maps/place/Ch%C3%A2teau+de+Pondres/data=!4m10!3m9!1s0x12b4223d8a837cb9:0xbd0f240bcf63ec7f!5m2!4m1!1i2!8m2!3d43.8074459!4d4.0900913!16s%2Fg%2F1tdjlh86!19sChIJuXyDij0itBIRf-xjzwskD70?authuser=0&hl=fr&rclk=1
Camping Capfun - Grenouillère,3.6,,Camping Capfun - Grenouillère,,Saint-Dyé-sur-Loire+France,Parc aquatique,https://www.google.com/maps/place/Camping+Capfun+-+Grenouill%C3%A8re/data=!4m10!3m9!1s0x47e4a344cfccdaf9:0x256ef5df3f62110!5m2!4m1!1i2!8m2!3d47.686834!4d1.485246!16s%2Fg%2F1v6wnm90!19sChIJ-drMz0Sj5EcRECH2813vVgI?authuser=0&hl=fr&rclk=1
Centre Bol Vert,4.1,204,Centre Bol Vert,,Mondrepuis+France,Hôtel avec spa,https://www.google.com/maps/place/Centre+Bol+Vert/data=!4m10!3m9!1s0x47c20cd0285f4f09:0x640dc9c76f1fa176!5m2!4m1!1i2!8m2!3d50.0597937!4d4.1033162!16s%2Fg%2F1tg_8mql!19sChIJCU9fKNAMwkcRdqEfb8fJDWQ?authuser=0&hl=fr&rclk=1
Les Lavandieres de Fontaine,4.6,,SponsoriséPar Booking.com,,Fontaine-lès-Vervins+France,Hôtel avec spa,https://www.google.com/maps/place/Les+Lavandieres+de+Fontaine/data=!4m10!3m9!1s0x47e9da3f8048ed3f:0x298eb24c551bc10a!5m2!4m1!1i2!8m2!3d49.85097!4d3.896702!16s%2Fg%2F1pp2t_6w5!19sChIJP-1IgD_a6UcRCsEbVUyyjik?authuser=0&hl=fr&rclk=1
Pause Nature,4.8,,Pause Nature,,Mondrepuis+France,Hôtel avec spa,https://www.google.com/maps/place/Pause+Nature/data=!4m10!3m9!1s0x47e9d9cd097a23cd:0xad877be2d36b6c58!5m2!4m1!1i2!8m2!3d49.9101711!4d3.891897!16s%2Fg%2F11mvgkx33b!19sChIJzSN6Cc3Z6UcRWGxr0-J7h60?authuser=0&hl=fr&rclk=1
Center Parcs Les Hauts de Bruyères,3.7,,Center Parcs Les Hauts de Bruyères,,Saint-Dyé-sur-Loire+France,Parc aquatique,https://www.google.com/maps/place/Center+Parcs+Les+Hauts+de+Bruy%C3%A8res/data=!4m10!3m9!1s0x47e4d98b63630d2f:0x3dce3639fb85f4a4!5m2!4m1!1i2!8m2!3d47.6201395!4d1.9354247!16s%2Fg%2F11c4y6sqzs!19sChIJLw1jY4vZ5EcRpPSF-zk2zj0?authuser=0&hl=fr&rclk=1
Villa Occitana,4.5,,Villa Occitana,,Saint-Drézéry+France,Hôtel avec spa,https://www.google.com/maps/place/Villa+Occitana/data=!4m10!3m9!1s0x12b4272fff84d68b:0xae1d7c013f885eb1!5m2!4m1!1i2!8m2!3d43.7588228!4d4.1986056!16s%2Fg%2F11h_g1bp0z!19sChIJi9aE_y8ntBIRsV6IPwF8Ha4?authuser=0&hl=fr&rclk=1
Domaine de Barive & Spa Teritoria,4.7,,SponsoriséPar Booking.com,,Fontaine-lès-Vervins+France,Hôtel avec spa,https://www.google.com/maps/place/Domaine+de+Barive+%26+Spa+Teritoria/data=!4m10!3m9!1s0x47e9b862d7f9d411:0x960adce20503ab8d!5m2!4m1!1i2!8m2!3d49.61535!4d3.882296!16s%2Fg%2F1tg6jwks!19sChIJEdT512K46UcRjasDBeLcCpY?authuser=0&hl=fr&rclk=1
Baignade naturelle du Grand Chambord,4.1,,Baignade naturelle du Grand Chambord,,Saint-Dyé-sur-Loire+France,Parc aquatique,https://www.google.com/maps/place/Baignade+naturelle+du+Grand+Chambord/data=!4m7!3m6!1s0x47e4afab271b051d:0xa4420602eda07cf8!8m2!3d47.5588532!4d1.4572254!16s%2Fg%2F1tdc92s3!19sChIJHQUbJ6uv5EcR-Hyg7QIGQqQ?authuser=0&hl=fr&rclk=1
Les Lavandieres de Fontaine,4.6,,Les Lavandieres de Fontaine,,Fontaine-lès-Vervins+France,Hôtel avec spa,https://www.google.com/maps/place/Les+Lavandieres+de+Fontaine/data=!4m10!3m9!1s0x47e9da40725e579b:0x298eb24c551bc10a!5m2!4m1!1i2!8m2!3d49.8509704!4d3.8967021!16s%2Fg%2F1pp2t_6w5!19sChIJm1deckDa6UcRCsEbVUyyjik?authuser=0&hl=fr&rclk=1
Domaine de Verchant,4.4,,Domaine de Verchant,,Saint-Drézéry+France,Hôtel avec spa,https://www.google.com/maps/place/Domaine+de+Verchant/data=!4m10!3m9!1s0x12b6af7ec2a0753f:0xb76c15cb88c0e290!5m2!4m1!1i2!8m2!3d43.6250115!4d3.9216186!16s%2Fg%2F120xp61v!19sChIJP3Wgwn6vthIRkOLAiMsVbLc?authuser=0&hl=fr&rclk=1
Camping Château des Marais Sandaya,3.9,,Camping Château des Marais Sandaya,,Saint-Dyé-sur-Loire+France,Parc aquatique,https://www.google.com/maps/place/Camping+Ch%C3%A2teau+des+Marais+Sandaya/data=!4m10!3m9!1s0x47e4bb65a7c48567:0x434df5b0041da0ab!5m2!4m1!1i2!8m2!3d47.6658444!4d1.528599!16s%2Fg%2F11h0fh8n4!19sChIJZ4XEp2W75EcRq6AdBLD1TUM?authuser=0&hl=fr&rclk=1
Pause Nature,4.8,,Pause Nature,,Fontaine-lès-Vervins+France,Hôtel avec spa,https://www.google.com/maps/place/Pause+Nature/data=!4m10!3m9!1s0x47e9d9cd097a23cd:0xad877be2d36b6c58!5m2!4m1!1i2!8m2!3d49.9101711!4d3.891897!16s%2Fg%2F11mvgkx33b!19sChIJzSN6Cc3Z6UcRWGxr0-J7h60?authuser=0&hl=fr&rclk=1
Le Mas de Sòmi Maison d'Hôtes,5.0,,Le Mas de Sòmi Maison d'Hôtes,,Saint-Drézéry+France,Hôtel avec spa,https://www.google.com/maps/place/Le+Mas+de+S%C3%B2mi+Maison+d%27H%C3%B4tes/data=!4m10!3m9!1s0x12b42119e3766c61:0xa6bb54686bbc95ce!5m2!4m1!1i2!8m2!3d43.7537905!4d4.1472579!16s%2Fg%2F11y0mlfbq8!19sChIJYWx24xkhtBIRzpW8a2hUu6Y?authuser=0&hl=fr&rclk=1
Base de loisirs du parc de Loire,4.3,,Base de loisirs du parc de Loire,,Saint-Dyé-sur-Loire+France,Parc aquatique,https://www.google.com/maps/place/Base+de+loisirs+du+parc+de+Loire/data=!4m7!3m6!1s0x47e4e4c7990e66f7:0x2744340df11536f1!8m2!3d47.8950945!4d1.9404133!16s%2Fg%2F1214mdsw!19sChIJ92YOmcfk5EcR8TYV8Q00RCc?authuser=0&hl=fr&rclk=1
Château de Clermont,4.7,,Château de Clermont,,Fontaine-lès-Vervins+France,Hôtel avec spa,https://www.google.com/maps/place/Ch%C3%A2teau+de+Clermont/data=!4m10!3m9!1s0x47e9c6d5bd114f53:0xde48f004e919b923!5m2!4m1!1i2!8m2!3d49.6665152!4d3.9369928!16s%2Fg%2F1tf5768m!19sChIJU08RvdXG6UcRI7kZ6QTwSN4?authuser=0&hl=fr&rclk=1
Le Parc De La Plage A Villerest,4.0,,Le Parc De La Plage A Villerest,,Saint-Dyé-sur-Loire+France,Parc aquatique,https://www.google.com/maps/place/Le+Parc+De+La+Plage+A+Villerest/data=!4m7!3m6!1s0x47f41ab4dd1cb043:0xa34fd70daa38a132!8m2!3d45.9852383!4d4.0375695!16s%2Fg%2F12hldz0wy!19sChIJQ7Ac3bQa9EcRMqE4qg3XT6M?authuser=0&hl=fr&rclk=1
Boutique Hotel des Remparts & SPA,4.6,,Boutique Hotel des Remparts & SPA,,Saint-Drézéry+France,Hôtel avec spa,https://www.google.com/maps/place/Boutique+Hotel+des+Remparts+%26+SPA/data=!4m10!3m9!1s0x12b69a7d98a6c8e7:0x701b939742520969!5m2!4m1!1i2!8m2!3d43.5679799!4d4.1902197!16s%2Fg%2F1w0dw4lp!19sChIJ58immH2athIRaQlSQpeTG3A?authuser=0&hl=fr&rclk=1
Jardin aqualudique Aurec-sur-Loire,3.7,,Jardin aqualudique Aurec-sur-Loire,,Saint-Dyé-sur-Loire+France,Parc aquatique,https://www.google.com/maps/place/Jardin+aqualudique+Aurec-sur-Loire/data=!4m7!3m6!1s0x47f5b9dda448b9f9:0xcbe9b218a4c99fcb!8m2!3d45.3656185!4d4.1941981!16s%2Fg%2F11cnb6r96v!19sChIJ-blIpN259UcRy5_JpBiy6cs?authuser=0&hl=fr&rclk=1
Moulin Brune - Maison d’Hôtes & Spa,5.0,,Moulin Brune - Maison d’Hôtes & Spa,,Fontaine-lès-Vervins+France,Hôtel avec spa,https://www.google.com/maps/place/Moulin+Brune+-+Maison+d%E2%80%99H%C3%B4tes+%26+Spa/data=!4m10!3m9!1s0x47e9c375e4ec932f:0x76cdc6bbbe19b557!5m2!4m1!1i2!8m2!3d49.782559!4d3.959183!16s%2Fg%2F11rnk1dpry!19sChIJL5Ps5HXD6UcRV7UZvrvGzXY?authuser=0&hl=fr&rclk=1
O'Gliss Park,4.0,,O'Gliss Park,,Saint-Dyé-sur-Loire+France,Parc aquatique,https://www.google.com/maps/place/O%27Gliss+Park/data=!4m7!3m6!1s0x48041838fbcd0fa3:0xf86c307bbd3f89e!8m2!3d46.4555894!4d-1.4186926!16s%2Fg%2F1td3kzhh!19sChIJow_N-zgYBEgRnvjTuwfDhg8?authuser=0&hl=fr&rclk=1
La Perla Bianca,4.5,,La Perla Bianca,,Saint-Drézéry+France,Hôtel avec spa,https://www.google.com/maps/place/La+Perla+Bianca/data=!4m10!3m9!1s0x12b6ac0bf7601d59:0xe9334d0fa1786772!5m2!4m1!1i2!8m2!3d43.6464632!4d3.8089849!16s%2Fg%2F11gy8fq4tx!19sChIJWR1g9wusthIRcmd4oQ9NM-k?authuser=0&hl=fr&rclk=1
Atlantic Toboggan,4.0,,Atlantic Toboggan,,Saint-Dyé-sur-Loire+France,Parc aquatique,https://www.google.com/maps/place/Atlantic+Toboggan/data=!4m7!3m6!1s0x4804561d5e901d67:0x258896fd4f24c06b!8m2!3d46.7586033!4d-2.024573!16s%2Fg%2F1tdc956c!19sChIJZx2QXh1WBEgRa8AkT_2WiCU?authuser=0&hl=fr&rclk=1
Domaine de Biar,4.5,,Domaine de Biar,,Saint-Drézéry+France,Hôtel avec spa,https://www.google.com/maps/place/Domaine+de+Biar/data=!4m10!3m9!1s0x12b6adc2c86e0ba9:0xbe796eb79a6a541!5m2!4m1!1i2!8m2!3d43.5956041!4d3.8149119!16s%2Fg%2F11byqw6xp6!19sChIJqQtuyMKtthIRQaWmeeuW5ws?authuser=0&hl=fr&rclk=1
Base de loisirs du Domino,4.2,,Base de loisirs du Domino,,Saint-Dyé-sur-Loire+France,Parc aquatique,https://www.google.com/maps/place/Base+de+loisirs+du+Domino/data=!4m7!3m6!1s0x47e4a50972ccf6b9:0x45cffe398ec0b1dd!8m2!3d47.6682629!4d1.487278!16s%2Fg%2F11lr3b81bh!19sChIJufbMcgml5EcR3bHAjjn-z0U?authuser=0&hl=fr&rclk=1
"La Villa Vicha, The Originals Relais",4.3,,"La Villa Vicha, The Originals Relais",,Saint-Drézéry+France,Hôtel avec spa,"https://www.google.com/maps/place/La+Villa+Vicha,+The+Originals+Relais/data=!4m10!3m9!1s0x12b426debee21ec1:0xbd4c6825657a7780!5m2!4m1!1i2!8m2!3d43.758499!4d4.16855!16s%2Fg%2F1td82l1z!19sChIJwR7ivt4mtBIRgHd6ZSVoTL0?authuser=0&hl=fr&rclk=1"
Château de Chambord,4.6,,Château de Chambord,,Saint-Dyé-sur-Loire+France,Parc aquatique,https://www.google.com/maps/place/Ch%C3%A2teau+de+Chambord/data=!4m7!3m6!1s0x47e4add37eb82821:0x6d1fb075610e2871!8m2!3d47.6158089!4d1.5169189!16zL20vMG02XzA!19sChIJISi4ftOt5EcRcSgOYXWwH20?authuser=0&hl=fr&rclk=1
Hôtel Oceania Le Métropole Montpellier,4.4,,Hôtel Oceania Le Métropole Montpellier,,Saint-Drézéry+France,Hôtel avec spa,https://www.google.com/maps/place/H%C3%B4tel+Oceania+Le+M%C3%A9tropole+Montpellier/data=!4m10!3m9!1s0x12b6afa6c9404ec9:0x41b1ed3793aca860!5m2!4m1!1i2!8m2!3d43.6065949!4d3.880464!16s%2Fg%2F1tg_158s!19sChIJyU5AyaavthIRYKiskzftsUE?authuser=0&hl=fr&rclk=1
Funny Sun Splash - Aquapark XXL,4.0,,Funny Sun Splash - Aquapark XXL,,Saint-Dyé-sur-Loire+France,Parc aquatique,https://www.google.com/maps/place/Funny+Sun+Splash+-+Aquapark+XXL/data=!4m7!3m6!1s0x480f5d26ae471103:0xe2d6667f7fbd1841!8m2!3d47.5761011!4d-1.6239334!16s%2Fg%2F11mx3skf10!19sChIJAxFHriZdD0gRQRi9f39m1uI?authuser=0&hl=fr&rclk=1
Val des Chateaux Canoe Kayak,4.4,,Val des Chateaux Canoe Kayak,,Saint-Dyé-sur-Loire+France,Parc aquatique,https://www.google.com/maps/place/Val+des+Chateaux+Canoe+Kayak/data=!4m7!3m6!1s0x47e4a4c021c06733:0x3a8b60fe8a242ecd!8m2!3d47.654194!4d1.4783049!16s%2Fg%2F1tjthkvs!19sChIJM2fAIcCk5EcRzS4kiv5gizo?authuser=0&hl=fr&rclk=1
Cit'Hotel Forme-hotel & Spa Montpellier Sud-Est - Parc Expositions - Arena,4.2,,Cit'Hotel Forme-hotel & Spa Montpellier Sud-Est - Parc Expositions - Arena,,Saint-Drézéry+France,Hôtel avec spa,https://www.google.com/maps/place/Cit%27Hotel+Forme-hotel+%26+Spa+Montpellier+Sud-Est+-+Parc+Expositions+-+Arena/data=!4m10!3m9!1s0x12b6a53d7be8b561:0x1edc74030a441387!5m2!4m1!1i2!8m2!3d43.5883643!4d3.9341498!16s%2Fg%2F1w44h8jz!19sChIJYbXoez2lthIRhxNECgN03B4?authuser=0&hl=fr&rclk=1
Papéa Parc,4.6,,Papéa Parc,,Saint-Dyé-sur-Loire+France,Parc aquatique,https://www.google.com/maps/place/Pap%C3%A9a+Parc/data=!4m7!3m6!1s0x47e28bffeb6ff67b:0x9956e1c49a6f7a61!8m2!3d48.002013!4d0.2509292!16s%2Fg%2F1218czhp!19sChIJe_Zv6_-L4kcRYXpvmsThVpk?authuser=0&hl=fr&rclk=1
Aqua Béarn,4.0,,Aqua Béarn,,Monein+France,Parc aquatique,https://www.google.com/maps/place/Aqua+B%C3%A9arn/data=!4m7!3m6!1s0xd5655b13e21ab0f:0xf57e639b47660755!8m2!3d43.2259503!4d-0.5693305!16s%2Fg%2F1tfg8_l8!19sChIJD6shPrFVVg0RVQdmR5tjfvU?authuser=0&hl=fr&rclk=1
Les Jasses de Camargue,3.6,,Les Jasses de Camargue,,Saint-Drézéry+France,Hôtel avec spa,https://www.google.com/maps/place/Les+Jasses+de+Camargue/data=!4m10!3m9!1s0x12b42762b43b3df5:0xce64207e9d2225f0!5m2!4m1!1i2!8m2!3d43.7149268!4d4.1797025!16s%2Fg%2F119tj3pxw!19sChIJ9T07tGIntBIR8CUinX4gZM4?authuser=0&hl=fr&rclk=1
Parc Plage de Montrichard,4.3,,Parc Plage de Montrichard,,Saint-Dyé-sur-Loire+France,Parc aquatique,https://www.google.com/maps/place/Parc+Plage+de+Montrichard/data=!4m7!3m6!1s0x47fcae5c6411b0ff:0x1480d59bdbd4e328!8m2!3d47.3409634!4d1.1832469!16s%2Fg%2F11df816m3p!19sChIJ_7ARZFyu_EcRKOPU25vVgBQ?authuser=0&hl=fr&rclk=1
Parc d'Attractions Aquatic Landes / Labenne,3.6,,Parc d'Attractions Aquatic Landes / Labenne,,Monein+France,Parc aquatique,https://www.google.com/maps/place/Parc+d%27Attractions+Aquatic+Landes+%2F+Labenne/data=!4m7!3m6!1s0xd514488fe12707f:0xcb6cf6d5bdb04aed!8m2!3d43.5948793!4d-1.4533072!16s%2Fg%2F1tczx7_d!19sChIJf3AS_ohEUQ0R7UqwvdX2bMs?authuser=0&hl=fr&rclk=1
Hôtel Pullman Montpellier Centre,4.6,,Hôtel Pullman Montpellier Centre,,Saint-Drézéry+France,Hôtel avec spa,https://www.google.com/maps/place/H%C3%B4tel+Pullman+Montpellier+Centre/data=!4m10!3m9!1s0x12b6afa02bf2ce69:0x47ed78c01a5f2ce7!5m2!4m1!1i2!8m2!3d43.6078394!4d3.8854502!16s%2Fg%2F11c5rmc_l1!19sChIJac7yK6CvthIR5yxfGsB47Uc?authuser=0&hl=fr&rclk=1
Aquazone,4.5,,Aquazone,,Monein+France,Parc aquatique,https://www.google.com/maps/place/Aquazone/data=!4m7!3m6!1s0xd513e0de8265e47:0x432c8e4342c5dc0a!8m2!3d43.3440699!4d-1.5260338!16s%2Fg%2F11c3100g23!19sChIJR14m6A0-UQ0RCtzFQkOOLEM?authuser=0&hl=fr&rclk=1
Parc aquatique Aqua Mundo - Center Parcs Domaine Les Bois-Francs,4.0,,Parc aquatique Aqua Mundo - Center Parcs Domaine Les Bois-Francs,,Mondreville+France,Parc aquatique,https://www.google.com/maps/place/Parc+aquatique+Aqua+Mundo+-+Center+Parcs+Domaine+Les+Bois-Francs/data=!4m7!3m6!1s0x47e17d43a8ed690d:0xf300cd76ca0653ec!8m2!3d48.728902!4d0.840066!16s%2Fg%2F11cnmwmkff!19sChIJDWntqEN94UcR7FMGynbNAPM?authuser=0&hl=fr&rclk=1
Water Park de Sames,4.1,,Water Park de Sames,,Monein+France,Parc aquatique,https://www.google.com/maps/place/Water+Park+de+Sames/data=!4m7!3m6!1s0xd56b458bce21be1:0x424a80b9c63779aa!8m2!3d43.5282821!4d-1.1706267!16s%2Fg%2F11g7ztzwg3!19sChIJ4RvivFi0Vg0Rqnk3xrmASkI?authuser=0&hl=fr&rclk=1
Radisson Blu Montpellier,4.1,,Radisson Blu Montpellier,,Saint-Drézéry+France,Hôtel avec spa,https://www.google.com/maps/place/Radisson+Blu+Montpellier/data=!4m10!3m9!1s0x12b6af74cd461749:0xb05b9e2a135e26a9!5m2!4m1!1i2!8m2!3d43.6128182!4d3.8840229!16s%2Fg%2F1vd3xw86!19sChIJSRdGzXSvthIRqSZeEyqeW7A?authuser=0&hl=fr&rclk=1
Centre Aquatique - Aqualude,3.7,,Centre Aquatique - Aqualude,,Mondreville+France,Parc aquatique,https://www.google.com/maps/place/Centre+Aquatique+-+Aqualude/data=!4m7!3m6!1s0x47e6bf3b5eff8d97:0xc849a01ba0e74307!8m2!3d49.0045003!4d1.6797338!16s%2Fg%2F1hc2j4rf6!19sChIJl43_Xju_5kcRB0PnoBugScg?authuser=0&hl=fr&rclk=1
Piscine Municipale de Monein,3.7,,Piscine Municipale de Monein,,Monein+France,Parc aquatique,https://www.google.com/maps/place/Piscine+Municipale+de+Monein/data=!4m7!3m6!1s0xd565783019e9d8f:0xd9847004ea4e0aae!8m2!3d43.3219256!4d-0.5671486!16s%2Fg%2F11cn9k2wk6!19sChIJj52eAYNXVg0RrgpO6gRwhNk?authuser=0&hl=fr&rclk=1
Empreinte Hôtel,4.4,,Empreinte Hôtel,,Bricy+France,Hôtel avec spa,https://www.google.com/maps/place/Empreinte+H%C3%B4tel/data=!4m10!3m9!1s0x47e4e4d0e6767817:0x904a8d8f24949697!5m2!4m1!1i2!8m2!3d47.8980421!4d1.9058883!16s%2Fg%2F11cjp7kk6b!19sChIJF3h25tDk5EcRl5aUJI-NSpA?authuser=0&hl=fr&rclk=1
Aquasplash Boucles de Seine 78 Parc Aquatique,4.3,,Aquasplash Boucles de Seine 78 Parc Aquatique,,Mondreville+France,Parc aquatique,https://www.google.com/maps/place/Aquasplash+Boucles+de+Seine+78+Parc+Aquatique/data=!4m7!3m6!1s0x47e6c12bbb09be1d:0x17d24d844fe561f1!8m2!3d49.0603236!4d1.677475!16s%2Fg%2F11s57f51c3!19sChIJHb4JuyvB5kcR8WHlT4RN0hc?authuser=0&hl=fr&rclk=1
Hôtel Belaroïa,4.2,,Hôtel Belaroïa,,Saint-Drézéry+France,Hôtel avec spa,https://www.google.com/maps/place/H%C3%B4tel+Belaro%C3%AFa/data=!4m10!3m9!1s0x12b6af8e04b279d7:0xc29c02c71faeb9ee!5m2!4m1!1i2!8m2!3d43.6043693!4d3.87937!16s%2Fg%2F11f8l2pbgy!19sChIJ13myBI6vthIR7rmuH8cCnMI?authuser=0&hl=fr&rclk=1
Base de Loisirs du Faget,4.4,,Base de Loisirs du Faget,,Monein+France,Parc aquatique,https://www.google.com/maps/place/Base+de+Loisirs+du+Faget/data=!4m7!3m6!1s0xd56555113388a85:0xa6910be43fd895c5!8m2!3d43.2256063!4d-0.5698884!16s%2Fg%2F11vb_9fs20!19sChIJhYo4E1FVVg0RxZXYP-QLkaY?authuser=0&hl=fr&rclk=1
La Longère Chanoir,5.0,,La Longère Chanoir,,Bricy+France,Hôtel avec spa,https://www.google.com/maps/place/La+Long%C3%A8re+Chanoir/data=!4m10!3m9!1s0x47e48f060fbd22c1:0xf8ceeb1b35590b8c!5m2!4m1!1i2!8m2!3d47.967994!4d1.5418055!16s%2Fg%2F11fklyrnsv!19sChIJwSK9DwaP5EcRjAtZNRvrzvg?authuser=0&hl=fr&rclk=1
Parc aquatique Aqua Mundo Center Parcs Les Trois Forêts,4.2,,Parc aquatique Aqua Mundo Center Parcs Les Trois Forêts,,Monein+France,Parc aquatique,https://www.google.com/maps/place/Parc+aquatique+Aqua+Mundo+Center+Parcs+Les+Trois+For%C3%AAts/data=!4m7!3m6!1s0x47940cf9c809f3d7:0xa06e64f07391c86b!8m2!3d48.6213789!4d6.9838248!16s%2Fg%2F11cm057dqd!19sChIJ1_MJyPkMlEcRa8iRc_BkbqA?authuser=0&hl=fr&rclk=1
SPLASH PARK LACANAU,4.5,,SPLASH PARK LACANAU,,Monein+France,Parc aquatique,https://www.google.com/maps/place/SPLASH+PARK+LACANAU/data=!4m7!3m6!1s0x4801fdfd71caf115:0x8a36d84b77d4451a!8m2!3d45.001213!4d-1.137127!16s%2Fg%2F1tfk8cwk!19sChIJFfHKcf39AUgRGkXUd0vYNoo?authuser=0&hl=fr&rclk=1
Piscine de MOURENX,4.0,,Piscine de MOURENX,,Monein+France,Parc aquatique,https://www.google.com/maps/place/Piscine+de+MOURENX/data=!4m7!3m6!1s0xd56f647b9a41755:0xb9a5f75191656230!8m2!3d43.375229!4d-0.624096!16s%2Fg%2F1hm6lfh0y!19sChIJVRekuUf2Vg0RMGJlkVH3pbk?authuser=0&hl=fr&rclk=1
EXO 3D,4.7,,EXO 3D,,La Bridoire+France,Parc aquatique,https://www.google.com/maps/place/EXO+3D/data=!4m7!3m6!1s0x478b179a810d5f61:0xa82c3fca0fb7bba9!8m2!3d45.6237487!4d5.6178579!16s%2Fg%2F11ghzym6ww!19sChIJYV8NgZoXi0cRqbu3D8o_LKg?authuser=0&hl=fr&rclk=1
Parc aquatique Wibit,4.3,,Parc aquatique Wibit,,La Bridoire+France,Parc aquatique,https://www.google.com/maps/place/Parc+aquatique+Wibit/data=!4m7!3m6!1s0x478c02deda07823b:0xc9cc93d919902db2!8m2!3d46.1523953!4d6.6713589!16s%2Fg%2F11dxjn53g0!19sChIJO4IH2t4CjEcRsi2QGdmTzMk?authuser=0&hl=fr&rclk=1
Centre Aquatique intercommunal de Prapoutel,3.8,,Centre Aquatique intercommunal de Prapoutel,,La Bridoire+France,Parc aquatique,https://www.google.com/maps/place/Centre+Aquatique+intercommunal+de+Prapoutel/data=!4m7!3m6!1s0x478a44d795096641:0x1f82ed8461888694!8m2!3d45.2546298!4d5.994089!16s%2Fg%2F1q5bn1w_9!19sChIJQWYJlddEikcRlIaIYYTtgh8?authuser=0&hl=fr&rclk=1
Water Circus,4.5,,Water Circus,,La Bridoire+France,Parc aquatique,https://www.google.com/maps/place/Water+Circus/data=!4m7!3m6!1s0x478c710c6cde49f9:0x3e0ec11b7d6bb236!8m2!3d46.1726098!4d6.2121724!16s%2Fg%2F11nnv7ycmd!19sChIJ-UnebAxxjEcRNrJrfRvBDj4?authuser=0&hl=fr&rclk=1
Aquaparc Isis,3.7,,Aquaparc Isis,,La Bridoire+France,Parc aquatique,https://www.google.com/maps/place/Aquaparc+Isis/data=!4m7!3m6!1s0x478d4b42216b628b:0x763b50c273681fc1!8m2!3d47.072283!4d5.4863406!16s%2Fg%2F1tp1xqjy!19sChIJi2JrIUJLjUcRwR9oc8JQO3Y?authuser=0&hl=fr&rclk=1
Espace aqualudique,5.0,,Espace aqualudique,,La Bridoire+France,Parc aquatique,https://www.google.com/maps/place/Espace+aqualudique/data=!4m7!3m6!1s0x478bdd0031afdb33:0xc098d972a25b2223!8m2!3d45.7163546!4d6.4570256!16s%2Fg%2F11w7nsc9m9!19sChIJM9uvMQDdi0cRIyJbonLZmMA?authuser=0&hl=fr&rclk=1
Vitam Parc,3.4,,Vitam Parc,,La Bridoire+France,Parc aquatique,https://www.google.com/maps/place/Vitam+Parc/data=!4m7!3m6!1s0x478c794d272823eb:0x2c43d7cfd70b6683!8m2!3d46.1238731!4d6.0966886!16s%2Fg%2F11fy1dxbj8!19sChIJ6yMoJ015jEcRg2YL18_XQyw?authuser=0&hl=fr&rclk=1
Aquapark du Mont blanc,3.8,,Aquapark du Mont blanc,,La Bridoire+France,Parc aquatique,https://www.google.com/maps/place/Aquapark+du+Mont+blanc/data=!4m7!3m6!1s0x478bfde23294612b:0xc5c143971aa97d4b!8m2!3d45.9212487!4d6.6591427!16s%2Fg%2F11kg2q2f3d!19sChIJK2GUMuL9i0cRS32pGpdDwcU?authuser=0&hl=fr&rclk=1
St Alban Plage - Fermeture en 2025,3.9,,St Alban Plage - Fermeture en 2025,,La Bridoire+France,Parc aquatique,https://www.google.com/maps/place/St+Alban+Plage+-+Fermeture+en+2025/data=!4m7!3m6!1s0x478b0685e598d49d:0x35afa05a57571022!8m2!3d45.562417!4d5.796113!16s%2Fg%2F1tr7bq1j!19sChIJndSY5YUGi0cRIhBXV1qgrzU?authuser=0&hl=fr&rclk=1
le Logis Hôtel Restaurant Le Dauphin-Le Spa du Prieuré,4.1,,SponsoriséPar Booking.com,,Mondrainville+France,Hôtel avec spa,https://www.google.com/maps/place/le+Logis+H%C3%B4tel+Restaurant+Le+Dauphin-Le+Spa+du+Prieur%C3%A9/data=!4m10!3m9!1s0x480a42be5eb5adcd:0x6414a417e46ffcc9!5m2!4m1!1i2!8m2!3d49.184548!4d-0.364896!16s%2Fg%2F11c5518sjf!19sChIJza21Xr5CCkgRyfxv5BekFGQ?authuser=0&hl=fr&rclk=1
Nico Zen Home,4.5,,Nico Zen Home,,Saint-Drézéry+France,Hôtel avec spa,https://www.google.com/maps/place/Nico+Zen+Home/data=!4m10!3m9!1s0x12b6a6bce2236d3f:0x99394ea19dbcc57a!5m2!4m1!1i2!8m2!3d43.656605!4d3.9700814!16s%2Fg%2F11f5t43_3s!19sChIJP20j4rymthIResW8naFOOZk?authuser=0&hl=fr&rclk=1
Hôtel Ivan Vautier,4.2,,SponsoriséPar Booking.com,,Mondrainville+France,Hôtel avec spa,https://www.google.com/maps/place/H%C3%B4tel+Ivan+Vautier/data=!4m10!3m9!1s0x480a42e28293a1ed:0x1843c027ac3d222f!5m2!4m1!1i2!8m2!3d49.174062!4d-0.390214!16s%2Fg%2F1tdlgpcy!19sChIJ7aGTguJCCkgRLyI9rCfAQxg?authuser=0&hl=fr&rclk=1
Suite romantique Vénusa avec jacuzzi privatif,4.9,,Suite romantique Vénusa avec jacuzzi privatif,,Saint-Drézéry+France,Hôtel avec spa,https://www.google.com/maps/place/Suite+romantique+V%C3%A9nusa+avec+jacuzzi+privatif/data=!4m10!3m9!1s0x12b6a7327188acc3:0x65ad678f55021e13!5m2!4m1!1i2!8m2!3d43.6105079!4d3.8770637!16s%2Fg%2F11jwh0jrzq!19sChIJw6yIcTKnthIREx4CVY9nrWU?authuser=0&hl=fr&rclk=1
A LA LUEUR DES PRES,5.0,,A LA LUEUR DES PRES,,Mondrainville+France,Hôtel avec spa,https://www.google.com/maps/place/A+LA+LUEUR+DES+PRES/data=!4m10!3m9!1s0x480a5347ea366779:0x17375a5cb6f6bffc!5m2!4m1!1i2!8m2!3d49.2210218!4d-0.6140161!16s%2Fg%2F11v3g2lkc9!19sChIJeWc26kdTCkgR_L_2tlxaNxc?authuser=0&hl=fr&rclk=1
LA PENICHE Bed & Bicycle - Aigues Mortes,4.9,,LA PENICHE Bed & Bicycle - Aigues Mortes,,Saint-Drézéry+France,Hôtel avec spa,https://www.google.com/maps/place/LA+PENICHE+Bed+%26+Bicycle+-+Aigues+Mortes/data=!4m10!3m9!1s0x12b69a7d7296bb13:0x9e4c75d697a9761e!5m2!4m1!1i2!8m2!3d43.5697558!4d4.1918501!16s%2Fg%2F11vwwxk483!19sChIJE7uWcn2athIRHnapl9Z1TJ4?authuser=0&hl=fr&rclk=1
Bulles et Belle Étoile/Gîte/SPA,4.9,,Bulles et Belle Étoile/Gîte/SPA,,Mondrainville+France,Hôtel avec spa,https://www.google.com/maps/place/Bulles+et+Belle+%C3%89toile%2FG%C3%AEte%2FSPA/data=!4m10!3m9!1s0x480a5119be65fa2f:0xf4c95beabe75e23d!5m2!4m1!1i2!8m2!3d49.2317236!4d-0.5631973!16s%2Fg%2F11v5_xt9jg!19sChIJL_plvhlRCkgRPeJ1vupbyfQ?authuser=0&hl=fr&rclk=1
L' ENTRE PARENTHESE,5.0,,L' ENTRE PARENTHESE,,Saint-Drézéry+France,Hôtel avec spa,https://www.google.com/maps/place/L%27+ENTRE+PARENTHESE/data=!4m10!3m9!1s0x12b41de59ddf8323:0xe963d8ce0ca22dc0!5m2!4m1!1i2!8m2!3d43.7340534!4d3.9783863!16s%2Fg%2F11dybbwvc_!19sChIJI4PfneUdtBIRwC2iDM7YY-k?authuser=0&hl=fr&rclk=1
Chambre d'hôtes de vieux la romaine,5.0,,Chambre d'hôtes de vieux la romaine,,Mondrainville+France,Hôtel avec spa,https://www.google.com/maps/place/Chambre+d%27h%C3%B4tes+de+vieux+la+romaine/data=!4m10!3m9!1s0x480a47133a392ba3:0x9ec159c08eba10da!5m2!4m1!1i2!8m2!3d49.1087798!4d-0.4351386!16s%2Fg%2F11qp2s9ndc!19sChIJoys5OhNHCkgR2hC6jsBZwZ4?authuser=0&hl=fr&rclk=1
Horizon Resort Massane,4.7,,Horizon Resort Massane,,Saint-Drézéry+France,Hôtel avec spa,https://www.google.com/maps/place/Horizon+Resort+Massane/data=!4m10!3m9!1s0x12b6a1695630bfab:0xda75e5ead9feaa22!5m2!4m1!1i2!8m2!3d43.6491896!4d4.0010144!16s%2Fg%2F11y5tl8m7r!19sChIJq78wVmmhthIRIqr-2erlddo?authuser=0&hl=fr&rclk=1
Hotel & Spa Le Grand Monarque Chartres,4.4,,SponsoriséPar Booking.com,,Fontaine-les-Ribouts+France,Hôtel avec spa,https://www.google.com/maps/place/Hotel+%26+Spa+Le+Grand+Monarque+Chartres/data=!4m10!3m9!1s0x47e40c46a1c3eb1d:0x375aeb08ac2c70ca!5m2!4m1!1i2!8m2!3d48.444432!4d1.483115!16s%2Fg%2F1tj72w_9!19sChIJHevDoUYM5EcRynAsrAjrWjc?authuser=0&hl=fr&rclk=1
Mercure Maintenon,4.4,,SponsoriséPar Booking.com,,Fontaine-les-Ribouts+France,Hôtel avec spa,https://www.google.com/maps/place/Mercure+Maintenon/data=!4m10!3m9!1s0x47e41ae17d62df8b:0x92cf0201665a1c7!5m2!4m1!1i2!8m2!3d48.585023!4d1.576701!16s%2Fg%2F11bx9sx1yr!19sChIJi99ifeEa5EcRx6FlFiDwLAk?authuser=0&hl=fr&rclk=1
Le Domaine du Moulin 28 & Spa Chartres,4.6,,Le Domaine du Moulin 28 & Spa Chartres,,Fontaine-les-Ribouts+France,Hôtel avec spa,https://www.google.com/maps/place/Le+Domaine+du+Moulin+28+%26+Spa+Chartres/data=!4m10!3m9!1s0x47e409b9173b8b3b:0x6434826e22e5c246!5m2!4m1!1i2!8m2!3d48.4967906!4d1.3955064!16s%2Fg%2F11ggng8hx2!19sChIJO4s7F7kJ5EcRRsLlIm6CNGQ?authuser=0&hl=fr&rclk=1
Chambre d'hôtes Les Gabriolleries,5.0,,Chambre d'hôtes Les Gabriolleries,,Bricqueville-sur-Mer+France,Hôtel avec spa,https://www.google.com/maps/place/Chambre+d%27h%C3%B4tes+Les+Gabriolleries/data=!4m10!3m9!1s0x480c75e364c0057d:0x210f09302e3e3002!5m2!4m1!1i2!8m2!3d49.0401131!4d-1.4002487!16s%2Fg%2F11hfpyk7_2!19sChIJfQXAZON1DEgRAjA-LjAJDyE?authuser=0&hl=fr&rclk=1
Prévithal Hôtel de la Baie Thalasso et Spa Marin Granville,4.0,,Prévithal Hôtel de la Baie Thalasso et Spa Marin Granville,,Bricqueville-sur-Mer+France,Hôtel avec spa,https://www.google.com/maps/place/Pr%C3%A9vithal+H%C3%B4tel+de+la+Baie+Thalasso+et+Spa+Marin+Granville/data=!4m10!3m9!1s0x480c1abedcd6254f:0xc19c6ce9302a7570!5m2!4m1!1i2!8m2!3d48.8521065!4d-1.5815116!16s%2Fg%2F12hlpc6bv!19sChIJTyXW3L4aDEgRcHUqMOlsnME?authuser=0&hl=fr&rclk=1
Gîte du Domaine La Vigneraie,4.6,,Gîte du Domaine La Vigneraie,,Fontaine-les-Ribouts+France,Hôtel avec spa,https://www.google.com/maps/place/G%C3%AEte+du+Domaine+La+Vigneraie/data=!4m10!3m9!1s0x47e6a5d40d9b9973:0xb5da27a63c4b3344!5m2!4m1!1i2!8m2!3d48.7375833!4d1.416043!16s%2Fg%2F1tyktq2c!19sChIJc5mbDdSl5kcRRDNLPKYn2rU?authuser=0&hl=fr&rclk=1
Mercure Le Grand Large Granville,4.4,,Mercure Le Grand Large Granville,,Bricqueville-sur-Mer+France,Hôtel avec spa,https://www.google.com/maps/place/Mercure+Le+Grand+Large+Granville/data=!4m10!3m9!1s0x480c1aefe1c14f8b:0xbe25239a8d6dc9cd!5m2!4m1!1i2!8m2!3d48.8397662!4d-1.5968283!16s%2Fg%2F1tlkbs43!19sChIJi0_B4e8aDEgRzcltjZojJb4?authuser=0&hl=fr&rclk=1
Villa Ecrin de charme avec jacuzzi 4 étoiles,5.0,,Villa Ecrin de charme avec jacuzzi 4 étoiles,,Bricqueville-sur-Mer+France,Hôtel avec spa,https://www.google.com/maps/place/Villa+Ecrin+de+charme+avec+jacuzzi+4+%C3%A9toiles/data=!4m10!3m9!1s0x480c1b4a6aa74ba7:0xd2f0420a958c4cd0!5m2!4m1!1i2!8m2!3d48.839419!4d-1.5701242!16s%2Fg%2F11xvzwbxld!19sChIJp0unakobDEgR0EyMlQpC8NI?authuser=0&hl=fr&rclk=1
"Gîte Cottage Le Giré 3*, L’Echappée et chambre d hôtes l‘Escale",5.0,,"Gîte Cottage Le Giré 3*, L’Echappée et chambre d hôtes l‘Escale",,Bricqueville-sur-Mer+France,Hôtel avec spa,"https://www.google.com/maps/place/G%C3%AEte+Cottage+Le+Gir%C3%A9+3*,+L%E2%80%99Echapp%C3%A9e+et+chambre+d+h%C3%B4tes+l%E2%80%98Escale/data=!4m10!3m9!1s0x480c09641f381dd5:0x777b33953038f17b!5m2!4m1!1i2!8m2!3d48.8840072!4d-1.4678818!16s%2Fg%2F11rm_7g_vr!19sChIJ1R04H2QJDEgRe_E4MJUze3c?authuser=0&hl=fr&rclk=1"
Graine de Rêves -Chambre d'hôtes proche Granville,4.8,,Graine de Rêves -Chambre d'hôtes proche Granville,,Bricqueville-sur-Mer+France,Hôtel avec spa,https://www.google.com/maps/place/Graine+de+R%C3%AAves+-Chambre+d%27h%C3%B4tes+proche+Granville/data=!4m10!3m9!1s0x480c0644280b8171:0xadb9fbe3ab687299!5m2!4m1!1i2!8m2!3d48.8456665!4d-1.4458034!16s%2Fg%2F11c6q4xspp!19sChIJcYELKEQGDEgRmXJoq-P7ua0?authuser=0&hl=fr&rclk=1
Les nuits de Cassiopée,4.8,,Les nuits de Cassiopée,,Saint-Dos+France,Hôtel avec spa,https://www.google.com/maps/place/Les+nuits+de+Cassiop%C3%A9e/data=!4m10!3m9!1s0xd56b7be93595f05:0x1508521e4b5a171a!5m2!4m1!1i2!8m2!3d43.531148!4d-1.0645178!16s%2Fg%2F11rg8v0p12!19sChIJBV9Zk763Vg0RGhdaSx5SCBU?authuser=0&hl=fr&rclk=1
Au Bonheur du Gave,4.8,,Au Bonheur du Gave,,Saint-Dos+France,Hôtel avec spa,https://www.google.com/maps/place/Au+Bonheur+du+Gave/data=!4m10!3m9!1s0xd56bf6223707705:0x2eaf02a00b387257!5m2!4m1!1i2!8m2!3d43.529657!4d-0.956406!16s%2Fg%2F11t_t_c6l7!19sChIJBXdwI2K_Vg0RV3I4C6ACry4?authuser=0&hl=fr&rclk=1
Maison d'hôtes Elizondoa,4.9,,Maison d'hôtes Elizondoa,,Saint-Dos+France,Hôtel avec spa,https://www.google.com/maps/place/Maison+d%27h%C3%B4tes+Elizondoa/data=!4m10!3m9!1s0xd56cf27ae81a3b5:0x1f5744a463b7d6e7!5m2!4m1!1i2!8m2!3d43.3900203!4d-1.09502!16s%2Fg%2F11h9kq2s7b!19sChIJtaOBrifPVg0R59a3Y6REVx8?authuser=0&hl=fr&rclk=1
Les Cabanes du Temps Suspendu - Le Château de Laàs,4.8,,Les Cabanes du Temps Suspendu - Le Château de Laàs,,Saint-Dos+France,Hôtel avec spa,https://www.google.com/maps/place/Les+Cabanes+du+Temps+Suspendu+-+Le+Ch%C3%A2teau+de+La%C3%A0s/data=!4m10!3m9!1s0xd56e93dea8bfee9:0x40e4bcb7894166e2!5m2!4m1!1i2!8m2!3d43.3783826!4d-0.8475175!16s%2Fg%2F11ddz__80c!19sChIJ6f6L6j3pVg0R4mZBibe85EA?authuser=0&hl=fr&rclk=1
Les Treilles de Salies,4.9,,Les Treilles de Salies,,Saint-Dos+France,Hôtel avec spa,https://www.google.com/maps/place/Les+Treilles+de+Salies/data=!4m10!3m9!1s0xd56c1101e998bad:0x7a127027999a359f!5m2!4m1!1i2!8m2!3d43.4731555!4d-0.9191757!16s%2Fg%2F11v3_0zf25!19sChIJrYuZHhDBVg0RnzWamSdwEno?authuser=0&hl=fr&rclk=1
Domaine Laboudigue,4.8,,Domaine Laboudigue,,Saint-Dos+France,Hôtel avec spa,https://www.google.com/maps/place/Domaine+Laboudigue/data=!4m10!3m9!1s0xd5694a4e8aa4c9f:0x844787f4a27c0132!5m2!4m1!1i2!8m2!3d43.493325!4d-0.8374495!16s%2Fg%2F11f049hj99!19sChIJn0yq6KSUVg0RMgF8ovSHR4Q?authuser=0&hl=fr&rclk=1
Thermes de Brides-les-Bains,4.1,,Thermes de Brides-les-Bains,,Brides-les-Bains+France,Centre thermal,https://www.google.com/maps/place/Thermes+de+Brides-les-Bains/data=!4m7!3m6!1s0x47897e338054f523:0x55a3e69806c9ec38!8m2!3d45.4529206!4d6.5680994!16s%2Fg%2F1hc18hsmp!19sChIJI_VUgDN-iUcROOzJBpjmo1U?authuser=0&hl=fr&rclk=1
Le Grand Spa Thermal,4.4,,Le Grand Spa Thermal,,Brides-les-Bains+France,Centre thermal,https://www.google.com/maps/place/Le+Grand+Spa+Thermal/data=!4m7!3m6!1s0x47897f0644144465:0x1e26e5a734e6bfb5!8m2!3d45.4532222!4d6.5677186!16s%2Fg%2F11rz4zcfry!19sChIJZUQURAZ_iUcRtb_mNKflJh4?authuser=0&hl=fr&rclk=1
Thermes de Saint-Amand-les-Eaux,4.5,,Thermes de Saint-Amand-les-Eaux,,Fontaine-lès-Vervins+France,Centre thermal,https://www.google.com/maps/place/Thermes+de+Saint-Amand-les-Eaux/data=!4m7!3m6!1s0x47c2ef485f59edc9:0xd66761524581a802!8m2!3d50.4436677!4d3.4750132!16s%2Fg%2F11b6cfw8ph!19sChIJye1ZX0jvwkcRAqiBRVJhZ9Y?authuser=0&hl=fr&rclk=1
Les Lavandieres de Fontaine,4.6,,Les Lavandieres de Fontaine,,Fontaine-lès-Vervins+France,Centre thermal,https://www.google.com/maps/place/Les+Lavandieres+de+Fontaine/data=!4m10!3m9!1s0x47e9da40725e579b:0x298eb24c551bc10a!5m2!4m1!1i2!8m2!3d49.8509704!4d3.8967021!16s%2Fg%2F1pp2t_6w5!19sChIJm1deckDa6UcRCsEbVUyyjik?authuser=0&hl=fr&rclk=1
Institut & Spa Aigue Marine,4.3,,Institut & Spa Aigue Marine,,Saint-Doulchard+France,Centre thermal,https://www.google.com/maps/place/Institut+%26+Spa+Aigue+Marine/data=!4m7!3m6!1s0x47fa9556750f14a7:0x6de89a308d317a8c!8m2!3d47.0977592!4d2.3689923!16s%2Fg%2F11t5v60nms!19sChIJpxQPdVaV-kcRjHoxjTCa6G0?authuser=0&hl=fr&rclk=1
Centre sportif de Saint Doulchard,4.7,,Centre sportif de Saint Doulchard,,Saint-Doulchard+France,Centre thermal,https://www.google.com/maps/place/Centre+sportif+de+Saint+Doulchard/data=!4m7!3m6!1s0x47fa950023469d9f:0x779c5e50677e1fa4!8m2!3d47.1014426!4d2.3702131!16s%2Fg%2F11wc3sjym4!19sChIJn51GIwCV-kcRpB9-Z1BenHc?authuser=0&hl=fr&rclk=1
Decathlon Bourges Saint Doulchard,4.1,,Decathlon Bourges Saint Doulchard,,Saint-Doulchard+France,Centre thermal,https://www.google.com/maps/place/Decathlon+Bourges+Saint+Doulchard/data=!4m7!3m6!1s0x47fabe24d382cabb:0x231b76cddede0811!8m2!3d47.119071!4d2.3760888!16s%2Fg%2F1td7bh__!19sChIJu8qC0yS--kcREQje3s12GyM?authuser=0&hl=fr&rclk=1
Piscine Municipale,3.8,,Piscine Municipale,,Saint-Doulchard+France,Centre thermal,https://www.google.com/maps/place/Piscine+Municipale/data=!4m7!3m6!1s0x47fa958cfd7482b7:0xfda5d8d606b039c2!8m2!3d47.1044912!4d2.3719299!16s%2Fg%2F11c5wl2wcl!19sChIJt4J0_YyV-kcRwjmwBtbYpf0?authuser=0&hl=fr&rclk=1
Hôtel particulier de Digoine( Demeure d'hôtes),4.1,,SponsoriséPar Expedia.fr,,Mondragon+France,Hôtel avec spa,https://www.google.com/maps/place/H%C3%B4tel+particulier+de+Digoine%28+Demeure+d%27h%C3%B4tes%29/data=!4m10!3m9!1s0x12b50be2e73f9db7:0x10dcdb2a268bc6c5!5m2!4m1!1i2!8m2!3d44.369796!4d4.647224!16s%2Fg%2F1vzxg_j4!19sChIJt50_5-ILtRIRxcaLJirb3BA?authuser=0&hl=fr&rclk=1
Centre Thermal La Roche-Posay,4.3,,Centre Thermal La Roche-Posay,,Saint-Doulchard+France,Centre thermal,https://www.google.com/maps/place/Centre+Thermal+La+Roche-Posay/data=!4m7!3m6!1s0x47fc583265c9105d:0x5140c34169acc657!8m2!3d46.7783958!4d0.809023!16s%2Fg%2F11dxq7hgpj!19sChIJXRDJZTJY_EcRV8asaUHDQFE?authuser=0&hl=fr&rclk=1
Campanile Saint Doulchard,3.4,,Campanile Saint Doulchard,,Saint-Doulchard+France,Centre thermal,https://www.google.com/maps/place/Campanile+Saint+Doulchard/data=!4m10!3m9!1s0x47fabe24b576c6ef:0x242cf0e1fb7da662!5m2!4m1!1i2!8m2!3d47.1216169!4d2.3672993!16s%2Fg%2F113k8_zbs!19sChIJ78Z2tSS--kcRYqZ9--HwLCQ?authuser=0&hl=fr&rclk=1
Hôtel - Château de Massillan,4.3,,Hôtel - Château de Massillan,,Mondragon+France,Hôtel avec spa,https://www.google.com/maps/place/H%C3%B4tel+-+Ch%C3%A2teau+de+Massillan/data=!4m10!3m9!1s0x12b59ea50a4d28ed:0xcaadcdda26b26ed5!5m2!4m1!1i2!8m2!3d44.2330208!4d4.793007!16s%2Fg%2F1tstmq0q!19sChIJ7ShNCqWetRIR1W6yJtrNrco?authuser=0&hl=fr&rclk=1
Thermes du Connétable,4.4,,Thermes du Connétable,,Saint-Doulchard+France,Centre thermal,https://www.google.com/maps/place/Thermes+du+Conn%C3%A9table/data=!4m7!3m6!1s0x47fc59d19e62a45d:0xf632a1497afe4f4!8m2!3d46.7779668!4d0.8092815!16s%2Fg%2F11c60jp_vz!19sChIJXaRintFZ_EcR9OSvlxQqYw8?authuser=0&hl=fr&rclk=1
gite A l'Evidence,4.9,,gite A l'Evidence,,Mondragon+France,Hôtel avec spa,https://www.google.com/maps/place/gite+A+l%27Evidence/data=!4m10!3m9!1s0x12b5997f9a89e98f:0xa120fc5e66abd64!5m2!4m1!1i2!8m2!3d44.2016701!4d4.7428951!16s%2Fg%2F11g_xwp7dp!19sChIJj-mJmn-ZtRIRZL1q5sUPEgo?authuser=0&hl=fr&rclk=1
Logis Hôtel Beau Site,4.3,,SponsoriséPar Booking.com,,Fontaine-lès-Luxeuil+France,Hôtel avec spa,https://www.google.com/maps/place/Logis+H%C3%B4tel+Beau+Site/data=!4m10!3m9!1s0x479256091bfaaab1:0xb3eee65942841805!5m2!4m1!1i2!8m2!3d47.820974!4d6.373332!16s%2Fg%2F1thcr82z!19sChIJsar6GwlWkkcRBRiEQlnm7rM?authuser=0&hl=fr&rclk=1
Le Savon Sauna,4.1,,Le Savon Sauna,,Saint-Doulchard+France,Centre thermal,https://www.google.com/maps/place/Le+Savon+Sauna/data=!4m7!3m6!1s0x47fa95e03e31379f:0x9354e1a78a3fac50!8m2!3d47.0927586!4d2.3934556!16s%2Fg%2F11b5wjpwgw!19sChIJnzcxPuCV-kcRUKw_iqfhVJM?authuser=0&hl=fr&rclk=1
PERIER PROVENCE - Les Jardins du Castelas,5.0,,PERIER PROVENCE - Les Jardins du Castelas,,Mondragon+France,Hôtel avec spa,https://www.google.com/maps/place/PERIER+PROVENCE+-+Les+Jardins+du+Castelas/data=!4m10!3m9!1s0x12b59982c85e8a07:0xba2dea632e244676!5m2!4m1!1i2!8m2!3d44.2212388!4d4.8019339!16s%2Fg%2F11h71h75kw!19sChIJB4peyIKZtRIRdkYkLmPqLbo?authuser=0&hl=fr&rclk=1
Logis Hôtel Beau Site,4.3,,Logis Hôtel Beau Site,,Fontaine-lès-Luxeuil+France,Hôtel avec spa,https://www.google.com/maps/place/Logis+H%C3%B4tel+Beau+Site/data=!4m10!3m9!1s0x47925609168ccee5:0xb3eee65942841805!5m2!4m1!1i2!8m2!3d47.8209742!4d6.3733322!16s%2Fg%2F1thcr82z!19sChIJ5c6MFglWkkcRBRiEQlnm7rM?authuser=0&hl=fr&rclk=1
Thermes de Cransac,4.6,,Thermes de Cransac,,Saint-Doulchard+France,Centre thermal,https://www.google.com/maps/place/Thermes+de+Cransac/data=!4m7!3m6!1s0x12ad7a600548e54f:0x5b8458629e85474b!8m2!3d44.5293152!4d2.275503!16s%2Fg%2F1thzx400!19sChIJT-VIBWB6rRIRS0eFnmJYhFs?authuser=0&hl=fr&rclk=1
Hotel de plein air & Camping Suze Luxe Nature,4.7,,Hotel de plein air & Camping Suze Luxe Nature,,Mondragon+France,Hôtel avec spa,https://www.google.com/maps/place/Hotel+de+plein+air+%26+Camping+Suze+Luxe+Nature/data=!4m10!3m9!1s0x12b59d540e9f9739:0x17cf0ba28117c1b1!5m2!4m1!1i2!8m2!3d44.2915165!4d4.8396141!16s%2Fg%2F11gxgy9trc!19sChIJOZefDlSdtRIRscEXgaILzxc?authuser=0&hl=fr&rclk=1
Les chambres d'à côté - Roye,4.5,,Les chambres d'à côté - Roye,,Fontaine-lès-Luxeuil+France,Hôtel avec spa,https://www.google.com/maps/place/Les+chambres+d%27%C3%A0+c%C3%B4t%C3%A9+-+Roye/data=!4m10!3m9!1s0x479245fe069b08d9:0x472a95dc6e86da31!5m2!4m1!1i2!8m2!3d47.6773631!4d6.5361992!16s%2Fg%2F11px9_354x!19sChIJ2QibBv5FkkcRMdqGbtyVKkc?authuser=0&hl=fr&rclk=1
VILLA DES CHENES,5.0,,VILLA DES CHENES,,Saint-Doulchard+France,Centre thermal,https://www.google.com/maps/place/VILLA+DES+CHENES/data=!4m10!3m9!1s0x47fa95ce80218d9f:0xd94f29f2e9101e34!5m2!4m1!1i2!8m2!3d47.1054098!4d2.3442567!16s%2Fg%2F11ng1z0wx4!19sChIJn40hgM6V-kcRNB4Q6fIpT9k?authuser=0&hl=fr&rclk=1
Beaver Aquapark,4.4,,Beaver Aquapark,,Fontaine-Mâcon+France,Parc aquatique,https://www.google.com/maps/place/Beaver+Aquapark/data=!4m7!3m6!1s0x47ec23335c3beb43:0xc86e8dff3fbccc31!8m2!3d48.262844!4d4.3442435!16s%2Fg%2F11hdqjdbfr!19sChIJQ-s7XDMj7EcRMcy8P_-Nbsg?authuser=0&hl=fr&rclk=1
Le Carpe Noctem,4.9,,Le Carpe Noctem,,Mondragon+France,Hôtel avec spa,https://www.google.com/maps/place/Le+Carpe+Noctem/data=!4m10!3m9!1s0x12b59bf0b5e57b51:0xbe79a552e022a2a7!5m2!4m1!1i2!8m2!3d44.1989695!4d4.8485665!16s%2Fg%2F11f61q0b8n!19sChIJUXvltfCbtRIRp6Ii4FKleb4?authuser=0&hl=fr&rclk=1
Le Moulin de Bougnon,5.0,,Le Moulin de Bougnon,,Fontaine-lès-Luxeuil+France,Hôtel avec spa,https://www.google.com/maps/place/Le+Moulin+de+Bougnon/data=!4m10!3m9!1s0x4792efdc0d287287:0xc4bdd9424a0275d9!5m2!4m1!1i2!8m2!3d47.6972569!4d6.1063994!16s%2Fg%2F11l6b_6hp2!19sChIJh3IoDdzvkkcR2XUCSkLZvcQ?authuser=0&hl=fr&rclk=1
Aquaparc BE FUN Mâcon/Cormoranche,4.9,,Aquaparc BE FUN Mâcon/Cormoranche,,Fontaine-Mâcon+France,Parc aquatique,https://www.google.com/maps/place/Aquaparc+BE+FUN+M%C3%A2con%2FCormoranche/data=!4m7!3m6!1s0x47f3650219b6f755:0x9fc494a9da09ae70!8m2!3d46.2528512!4d4.8241561!16s%2Fg%2F11jcnwls83!19sChIJVfe2GQJl80cRcK4J2qmUxJ8?authuser=0&hl=fr&rclk=1
Institut L Ile de Beaute,4.7,,Institut L Ile de Beaute,,Saint-Doulchard+France,Centre thermal,https://www.google.com/maps/place/Institut+L+Ile+de+Beaute/data=!4m7!3m6!1s0x47fa95f201bfebfd:0x8c6cf2b13b07f7e7!8m2!3d47.105831!4d2.37869!16s%2Fg%2F11b6d5x1lr!19sChIJ_eu_AfKV-kcR5_cHO7HybIw?authuser=0&hl=fr&rclk=1
Nuxia Suites & Spa - Love Room à Bagnols-sur-Cèze,5.0,,Nuxia Suites & Spa - Love Room à Bagnols-sur-Cèze,,Mondragon+France,Hôtel avec spa,https://www.google.com/maps/place/Nuxia+Suites+%26+Spa+-+Love+Room+%C3%A0+Bagnols-sur-C%C3%A8ze/data=!4m10!3m9!1s0x12b5a5daba6cf93b:0x231e502e67698779!5m2!4m1!1i2!8m2!3d44.1627562!4d4.611147!16s%2Fg%2F11xrxwd3wl!19sChIJO_lsutqltRIReYdpZy5QHiM?authuser=0&hl=fr&rclk=1
Gîte du Hallot avec Spa bain nordique dans les Vosges,4.8,,Gîte du Hallot avec Spa bain nordique dans les Vosges,,Fontaine-lès-Luxeuil+France,Hôtel avec spa,https://www.google.com/maps/place/G%C3%AEte+du+Hallot+avec+Spa+bain+nordique+dans+les+Vosges/data=!4m10!3m9!1s0x4793017cc9adde95:0x8fa9baec153e4915!5m2!4m1!1i2!8m2!3d47.9747337!4d6.3308265!16s%2Fg%2F11ptzjp2mr!19sChIJld6tyXwBk0cRFUk-Fey6qY8?authuser=0&hl=fr&rclk=1
Aquaparc BE FUN Lyon,4.9,,Aquaparc BE FUN Lyon,,Fontaine-Mâcon+France,Parc aquatique,https://www.google.com/maps/place/Aquaparc+BE+FUN+Lyon/data=!4m7!3m6!1s0x47f4bf3b9beda7d7:0xfd047b9b7bbec6ca!8m2!3d45.8015969!4d4.9402059!16s%2Fg%2F11g1lvqg8x!19sChIJ16ftmzu_9EcRysa-e5t7BP0?authuser=0&hl=fr&rclk=1
Villa Cora-Venez,4.6,,Villa Cora-Venez,,Fontaine-lès-Luxeuil+France,Hôtel avec spa,https://www.google.com/maps/place/Villa+Cora-Venez/data=!4m10!3m9!1s0x479253a381bf82d1:0xae4b7633df22a157!5m2!4m1!1i2!8m2!3d47.8611374!4d6.4809104!16s%2Fg%2F11f724dwqg!19sChIJ0YK_gaNTkkcRV6Ei3zN2S64?authuser=0&hl=fr&rclk=1
Gîte et Spa Le Titibu,5.0,,Gîte et Spa Le Titibu,,Mondragon+France,Hôtel avec spa,https://www.google.com/maps/place/G%C3%AEte+et+Spa+Le+Titibu/data=!4m10!3m9!1s0x12b5a7f26ee56993:0xabe9343b55af63b9!5m2!4m1!1i2!8m2!3d44.2585436!4d4.5923825!16s%2Fg%2F11rhnzd15y!19sChIJk2nlbvKntRIRuWOvVTs06as?authuser=0&hl=fr&rclk=1
La Cabane des Vargottes,5.0,,La Cabane des Vargottes,,Fontaine-lès-Luxeuil+France,Hôtel avec spa,https://www.google.com/maps/place/La+Cabane+des+Vargottes/data=!4m10!3m9!1s0x4793aff499643bb3:0xb45915d5e00c6f5f!5m2!4m1!1i2!8m2!3d47.9748134!4d6.5435372!16s%2Fg%2F11vpy2j8j_!19sChIJsztkmfSvk0cRX28M4NUVWbQ?authuser=0&hl=fr&rclk=1
Parc La Fontaine Enchantée,4.4,,Parc La Fontaine Enchantée,,Fontaine-Mâcon+France,Parc aquatique,https://www.google.com/maps/place/Parc+La+Fontaine+Enchant%C3%A9e/data=!4m7!3m6!1s0x47e02554a57e549b:0x924848dc55455808!8m2!3d49.5297576!4d0.1426621!16s%2Fg%2F11fv3f0mls!19sChIJm1R-pVQl4EcRCFhFVdxISJI?authuser=0&hl=fr&rclk=1
Gîte et Maison d'Hôtes Le Mas des Iles,4.9,,Gîte et Maison d'Hôtes Le Mas des Iles,,Mondragon+France,Hôtel avec spa,https://www.google.com/maps/place/G%C3%AEte+et+Maison+d%27H%C3%B4tes+Le+Mas+des+Iles/data=!4m10!3m9!1s0x12b5a147fefbd5e9:0xda98bc73eccfe1f5!5m2!4m1!1i2!8m2!3d44.2472765!4d4.6542946!16s%2Fg%2F1260bl5r0!19sChIJ6dX7_kehtRIR9eHP7HO8mNo?authuser=0&hl=fr&rclk=1
Le spa de la Quarterelle / Loveroom Remiremont Vosges 88,4.9,,Le spa de la Quarterelle / Loveroom Remiremont Vosges 88,,Fontaine-lès-Luxeuil+France,Hôtel avec spa,https://www.google.com/maps/place/Le+spa+de+la+Quarterelle+%2F+Loveroom+Remiremont+Vosges+88/data=!4m10!3m9!1s0x4793afc31bd06041:0xd70324fadfaa2322!5m2!4m1!1i2!8m2!3d48.0164322!4d6.5898143!16s%2Fg%2F11ssp_gvgb!19sChIJQWDQG8Ovk0cRIiOq3_okA9c?authuser=0&hl=fr&rclk=1
Parc Aquatique de panthier,5.0,,Parc Aquatique de panthier,,Fontaine-Mâcon+France,Parc aquatique,https://www.google.com/maps/place/Parc+Aquatique+de+panthier/data=!4m7!3m6!1s0x47f27b0067bf600f:0xf5abfff3d5e5bc70!8m2!3d47.2373997!4d4.6270565!16s%2Fg%2F11wbh28y1b!19sChIJD2C_ZwB78kcRcLzl1fP_q_U?authuser=0&hl=fr&rclk=1
Center Parcs Villages Nature Paris,3.5,,Center Parcs Villages Nature Paris,,Fontaine-Mâcon+France,Parc aquatique,https://www.google.com/maps/place/Center+Parcs+Villages+Nature+Paris/data=!4m10!3m9!1s0x47e8a81a1098e0a5:0xf1cba4098c5ae3f0!5m2!4m1!1i2!8m2!3d48.8322069!4d2.8271913!16s%2Fg%2F122_sff4!19sChIJpeCYEBqo6EcR8ONajAmky_E?authuser=0&hl=fr&rclk=1
Chambre d'hôtes Les Gabriolleries,5.0,,Chambre d'hôtes Les Gabriolleries,,Bricqueville-la-Blouette+France,Hôtel avec spa,https://www.google.com/maps/place/Chambre+d%27h%C3%B4tes+Les+Gabriolleries/data=!4m10!3m9!1s0x480c75e364c0057d:0x210f09302e3e3002!5m2!4m1!1i2!8m2!3d49.0401131!4d-1.4002487!16s%2Fg%2F11hfpyk7_2!19sChIJfQXAZON1DEgRAjA-LjAJDyE?authuser=0&hl=fr&rclk=1
Le Clos des Tilleuls - D Day Home,4.7,,Le Clos des Tilleuls - D Day Home,,Bricqueville-la-Blouette+France,Hôtel avec spa,https://www.google.com/maps/place/Le+Clos+des+Tilleuls+-+D+Day+Home/data=!4m10!3m9!1s0x480c747b0e0f27b5:0x6c2657431f1e41f8!5m2!4m1!1i2!8m2!3d49.0786929!4d-1.477674!16s%2Fg%2F1tkv94ln!19sChIJtScPDnt0DEgR-EEeH0NXJmw?authuser=0&hl=fr&rclk=1
Parc d'Attractions Aquatic Landes / Labenne,3.6,,Parc d'Attractions Aquatic Landes / Labenne,,Fontaine-Mâcon+France,Parc aquatique,https://www.google.com/maps/place/Parc+d%27Attractions+Aquatic+Landes+%2F+Labenne/data=!4m7!3m6!1s0xd514488fe12707f:0xcb6cf6d5bdb04aed!8m2!3d43.5948793!4d-1.4533072!16s%2Fg%2F1tczx7_d!19sChIJf3AS_ohEUQ0R7UqwvdX2bMs?authuser=0&hl=fr&rclk=1
Mas de la Croze,5.0,,Mas de la Croze,,Mondragon+France,Hôtel avec spa,https://www.google.com/maps/place/Mas+de+la+Croze/data=!4m10!3m9!1s0x12b5753e39df5b03:0x62dcdb1c31f2c826!5m2!4m1!1i2!8m2!3d44.3354875!4d4.7913727!16s%2Fg%2F11vq2qvgvx!19sChIJA1vfOT51tRIRJsjyMRzb3GI?authuser=0&hl=fr&rclk=1
Chambres d' hôtes le refuge,4.8,,Chambres d' hôtes le refuge,,Mondragon+France,Hôtel avec spa,https://www.google.com/maps/place/Chambres+d%27+h%C3%B4tes+le+refuge/data=!4m10!3m9!1s0x12b598bbbdc99ef7:0xd831ce8f04c0282a!5m2!4m1!1i2!8m2!3d44.211446!4d4.739742!16s%2Fg%2F1pp2t_87k!19sChIJ957JvbuYtRIRKijABI_OMdg?authuser=0&hl=fr&rclk=1
AquaFunPark Laives,4.2,,AquaFunPark Laives,,Fontaine-Mâcon+France,Parc aquatique,https://www.google.com/maps/place/AquaFunPark+Laives/data=!4m7!3m6!1s0x47f3035ab0157417:0xaaf3699de8b3a876!8m2!3d46.6701684!4d4.8305801!16s%2Fg%2F11qbkqlptj!19sChIJF3QVsFoD80cRdqiz6J1p86o?authuser=0&hl=fr&rclk=1
À l'Ombre des Amandiers - Chambres d'hôtes,4.8,,À l'Ombre des Amandiers - Chambres d'hôtes,,Mondragon+France,Hôtel avec spa,https://www.google.com/maps/place/%C3%80+l%27Ombre+des+Amandiers+-+Chambres+d%27h%C3%B4tes/data=!4m10!3m9!1s0x12b5a714bec4c16f:0xa99b2cfa6f27290f!5m2!4m1!1i2!8m2!3d44.302021!4d4.567577!16s%2Fg%2F11fr2nb9xr!19sChIJb8HEvhSntRIRDyknb_osm6k?authuser=0&hl=fr&rclk=1
Aquasplash,3.2,,Aquasplash,,Fontaine-Mâcon+France,Parc aquatique,https://www.google.com/maps/place/Aquasplash/data=!4m7!3m6!1s0x12cdd4e53094e195:0x3231a5821eee6141!8m2!3d43.615356!4d7.124161!16s%2Fg%2F12hmcfpvc!19sChIJleGUMOXUzRIRQWHuHoKlMTI?authuser=0&hl=fr&rclk=1
Coeur a coeur,4.7,,Coeur a coeur,,Mondragon+France,Hôtel avec spa,https://www.google.com/maps/place/Coeur+a+coeur/data=!4m10!3m9!1s0x12b5a7c64cf7df2d:0xe1ba265fd29d0c43!5m2!4m1!1i2!8m2!3d44.2341989!4d4.5945735!16s%2Fg%2F11h2gwk0zj!19sChIJLd_3TMantRIRQwyd0l8muuE?authuser=0&hl=fr&rclk=1
Atlantic Toboggan,4.0,,Atlantic Toboggan,,Fontaine-Mâcon+France,Parc aquatique,https://www.google.com/maps/place/Atlantic+Toboggan/data=!4m7!3m6!1s0x4804561d5e901d67:0x258896fd4f24c06b!8m2!3d46.7586033!4d-2.024573!16s%2Fg%2F1tdc956c!19sChIJZx2QXh1WBEgRa8AkT_2WiCU?authuser=0&hl=fr&rclk=1
Aquaparc,4.3,,Aquaparc,,Fontaine-Mâcon+France,Parc aquatique,https://www.google.com/maps/place/Aquaparc/data=!4m7!3m6!1s0x478e9bff9a80c3bb:0xbaf2ec6cdcfbc93e!8m2!3d46.3895221!4d6.8625021!16s%2Fg%2F122rd4t5!19sChIJu8OAmv-bjkcRPsn73Gzs8ro?authuser=0&hl=fr&rclk=1
Totem Wake Park - Téléski-Nautique du Mâconnais-Beaujolais |,4.2,,Totem Wake Park - Téléski-Nautique du Mâconnais-Beaujolais |,,Fontaine-Mâcon+France,Parc aquatique,https://www.google.com/maps/place/Totem+Wake+Park+-+T%C3%A9l%C3%A9ski-Nautique+du+M%C3%A2connais-Beaujolais+%7C/data=!4m7!3m6!1s0x47f365148d457981:0xb61622bffcc70de6!8m2!3d46.2363855!4d4.8047228!16s%2Fg%2F1tjgzq1l!19sChIJgXlFjRRl80cR5g3H_L8iFrY?authuser=0&hl=fr&rclk=1
La Bouscarasse,4.0,,La Bouscarasse,,Fontaine-Mâcon+France,Parc aquatique,https://www.google.com/maps/place/La+Bouscarasse/data=!4m7!3m6!1s0x12b44a442540f613:0xd473ab87bdc05214!8m2!3d44.037433!4d4.3262812!16s%2Fg%2F1tctzm7q!19sChIJE_ZAJURKtBIRFFLAvYerc9Q?authuser=0&hl=fr&rclk=1
Touroparc Zoo,4.1,,Touroparc Zoo,,Fontaine-Mâcon+France,Parc aquatique,https://www.google.com/maps/place/Touroparc+Zoo/data=!4m7!3m6!1s0x47f37ca271d1423d:0x203b2e21f681f8ca!8m2!3d46.1818265!4d4.7525173!16s%2Fg%2F12z65wzcc!19sChIJPULRcaJ880cRyviB9iEuOyA?authuser=0&hl=fr&rclk=1
Parc naturel régional de la Forêt d'Orient,4.4,,Parc naturel régional de la Forêt d'Orient,,Fontaine-Mâcon+France,Parc aquatique,https://www.google.com/maps/place/Parc+naturel+r%C3%A9gional+de+la+For%C3%AAt+d%27Orient/data=!4m7!3m6!1s0x47ec17e4fe8b2495:0xe2b8eee11eb34154!8m2!3d48.2886532!4d4.3914477!16s%2Fm%2F0hhwb2p!19sChIJlSSL_uQX7EcRVEGzHuHuuOI?authuser=0&hl=fr&rclk=1
Aqualand Sainte-Maxime - Parc Aquatique,3.4,,Aqualand Sainte-Maxime - Parc Aquatique,,Fontaine-Mâcon+France,Parc aquatique,https://www.google.com/maps/place/Aqualand+Sainte-Maxime+-+Parc+Aquatique/data=!4m7!3m6!1s0x12ceb8fa05c5d783:0xc7f1bbca1eee4595!8m2!3d43.328348!4d6.618087!16s%2Fg%2F1td3_1wd!19sChIJg9fFBfq4zhIRlUXuHsq78cc?authuser=0&hl=fr&rclk=1
Piscine Municipale,3.7,,Piscine Municipale,,Fontaine-Mâcon+France,Parc aquatique,https://www.google.com/maps/place/Piscine+Municipale/data=!4m7!3m6!1s0x47ef27f1058fe54f:0x453d160493739c24!8m2!3d48.502787!4d3.50817!16s%2Fg%2F1wg5xbgb!19sChIJT-WPBfEn70cRJJxzkwQWPUU?authuser=0&hl=fr&rclk=1
Thermes de Lamalou-les-Bains,4.5,,Thermes de Lamalou-les-Bains,,Saint-Drézéry+France,Centre thermal,https://www.google.com/maps/place/Thermes+de+Lamalou-les-Bains/data=!4m7!3m6!1s0x12b182b4cd1b151d:0x5fcda8f5c979bcc!8m2!3d43.5936923!4d3.0804272!16s%2Fg%2F1xgc0r9c!19sChIJHRUbzbSCsRIRzJuXXI_a_AU?authuser=0&hl=fr&rclk=1
Thermes de Cambo-les-Bains,4.5,,Thermes de Cambo-les-Bains,,Saint-Drézéry+France,Centre thermal,https://www.google.com/maps/place/Thermes+de+Cambo-les-Bains/data=!4m7!3m6!1s0xd513a54ea1828dd:0xa3f3e8da5cddbf6!8m2!3d43.3546709!4d-1.3876673!16s%2Fg%2F1td1l9mm!19sChIJ3SgY6lQ6UQ0R9tvNpY0-Pwo?authuser=0&hl=fr&rclk=1
Station thermale La Chaldette,4.3,,Station thermale La Chaldette,,Saint-Drézéry+France,Centre thermal,https://www.google.com/maps/place/Station+thermale+La+Chaldette/data=!4m7!3m6!1s0x12b2d9a8ac0ab745:0x3f01413553cc168a!8m2!3d44.7720195!4d3.0433149!16s%2Fg%2F1tkp1vx_!19sChIJRbcKrKjZshIRihbMUzVBAT8?authuser=0&hl=fr&rclk=1
Domaine Saint Clair,4.4,,SponsoriséPar Booking.com,,Saint-Donat-sur-l'Herbasse+France,Hôtel avec spa,https://www.google.com/maps/place/Domaine+Saint+Clair/data=!4m10!3m9!1s0x47f513e4175618e1:0x77a5f1923e81b68b!5m2!4m1!1i2!8m2!3d45.272857!4d4.689936!16s%2Fg%2F1x5qs3p4!19sChIJ4RhWF-QT9UcRi7aBPpLxpXc?authuser=0&hl=fr&rclk=1
Thermes de Bourbon-Lancy,4.5,,Thermes de Bourbon-Lancy,,Saint-Drézéry+France,Centre thermal,https://www.google.com/maps/place/Thermes+de+Bourbon-Lancy/data=!4m7!3m6!1s0x47f1703b54b3e551:0x11e87f69086ab4ba!8m2!3d46.6181161!4d3.7696314!16s%2Fg%2F1tfq_rvl!19sChIJUeWzVDtw8UcRurRqCGl_6BE?authuser=0&hl=fr&rclk=1
Hôtel Restaurant Le Félicien,4.4,,SponsoriséPar Expedia.fr,,Saint-Donat-sur-l'Herbasse+France,Hôtel avec spa,https://www.google.com/maps/place/H%C3%B4tel+Restaurant+Le+F%C3%A9licien/data=!4m10!3m9!1s0x47f56fa5ffe861f1:0xdfe28fac02808618!5m2!4m1!1i2!8m2!3d45.083948!4d4.626968!16s%2Fg%2F11gh207cq8!19sChIJ8WHo_6Vv9UcRGIaAAqyP4t8?authuser=0&hl=fr&rclk=1
Pont du Chalon Hôtel,4.6,,Pont du Chalon Hôtel,,Saint-Donat-sur-l'Herbasse+France,Hôtel avec spa,https://www.google.com/maps/place/Pont+du+Chalon+H%C3%B4tel/data=!4m10!3m9!1s0x47f54bf6f22b064d:0xbc7084ebe484da5e!5m2!4m1!1i2!8m2!3d45.1245!4d5.046817!16s%2Fg%2F1tjgzqbb!19sChIJTQYr8vZL9UcRXtqE5OuEcLw?authuser=0&hl=fr&rclk=1
Thermes de Christus,4.4,,Thermes de Christus,,Saint-Drézéry+France,Centre thermal,https://www.google.com/maps/place/Thermes+de+Christus/data=!4m7!3m6!1s0xd56a8989038df0d:0x9569c10fb4fa6c2f!8m2!3d43.7290652!4d-1.0649973!16s%2Fg%2F1s04dww0w!19sChIJDd84kJioVg0RL2z6tA_BaZU?authuser=0&hl=fr&rclk=1
Fac & Spera Hôtel et Spa,4.1,,Fac & Spera Hôtel et Spa,,Saint-Donat-sur-l'Herbasse+France,Hôtel avec spa,https://www.google.com/maps/place/Fac+%26+Spera+H%C3%B4tel+et+Spa/data=!4m10!3m9!1s0x47f54361f1721c8d:0xac9a470ed8c29d49!5m2!4m1!1i2!8m2!3d45.0701088!4d4.83881!16s%2Fg%2F1vntj7c0!19sChIJjRxy8WFD9UcRSZ3C2A5Hmqw?authuser=0&hl=fr&rclk=1
Les Thermes de la Léchère,4.4,,Les Thermes de la Léchère,,Saint-Drézéry+France,Centre thermal,https://www.google.com/maps/place/Les+Thermes+de+la+L%C3%A9ch%C3%A8re/data=!4m7!3m6!1s0x478bd6cc13a06df7:0x469529f8a23d14ad!8m2!3d45.5164328!4d6.4823497!16s%2Fg%2F11c1wshc1t!19sChIJ922gE8zWi0cRrRQ9ovgplUY?authuser=0&hl=fr&rclk=1
Thermes de Préchacq-les-bains,4.6,,Thermes de Préchacq-les-bains,,Saint-Drézéry+France,Centre thermal,https://www.google.com/maps/place/Thermes+de+Pr%C3%A9chacq-les-bains/data=!4m7!3m6!1s0xd56a042e7d8c9db:0xa9c4350babba657!8m2!3d43.765507!4d-0.9331299!16s%2Fg%2F1q4kn7dy8!19sChIJ28nY50KgVg0RV6a7ulBDnAo?authuser=0&hl=fr&rclk=1
Bel-Air des Collines,5.0,,Bel-Air des Collines,,Saint-Donat-sur-l'Herbasse+France,Hôtel avec spa,https://www.google.com/maps/place/Bel-Air+des+Collines/data=!4m10!3m9!1s0x47f537ef206a44c7:0x4890b52829c95687!5m2!4m1!1i2!8m2!3d45.2281414!4d4.9981132!16s%2Fg%2F11yyn35dpm!19sChIJx0RqIO839UcRh1bJKSi1kEg?authuser=0&hl=fr&rclk=1
Haven Home Romans - Zen Haven Sauna & Spa - Hotel & Airbnb Premium -,5.0,,Haven Home Romans - Zen Haven Sauna & Spa - Hotel & Airbnb Premium -,,Saint-Donat-sur-l'Herbasse+France,Hôtel avec spa,https://www.google.com/maps/place/Haven+Home+Romans+-+Zen+Haven+Sauna+%26+Spa+-+Hotel+%26+Airbnb+Premium+-/data=!4m10!3m9!1s0x47f54dd2ecbb1253:0xb738a7c584f1bb4f!5m2!4m1!1i2!8m2!3d45.0437841!4d5.0490459!16s%2Fg%2F11yc40km3k!19sChIJUxK77NJN9UcRT7vxhMWnOLc?authuser=0&hl=fr&rclk=1
Rendez Vous Beauté By Chloé,5.0,,Rendez Vous Beauté By Chloé,,Saint-Drézéry+France,Centre thermal,https://www.google.com/maps/place/Rendez+Vous+Beaut%C3%A9+By+Chlo%C3%A9/data=!4m7!3m6!1s0x12b41d759451a1e7:0x8f0b7bdbe0b0e6a0!8m2!3d43.7268064!4d3.9755466!16s%2Fg%2F11s3y6tyt4!19sChIJ56FRlHUdtBIRoOaw4Nt7C48?authuser=0&hl=fr&rclk=1
Château de Rochetaillée,4.8,,Château de Rochetaillée,,Saint-Donat-sur-l'Herbasse+France,Hôtel avec spa,https://www.google.com/maps/place/Ch%C3%A2teau+de+Rochetaill%C3%A9e/data=!4m10!3m9!1s0x47f540b8be5c74df:0x7b568868e25cb092!5m2!4m1!1i2!8m2!3d45.179397!4d4.8452179!16s%2Fg%2F11fx81rl7r!19sChIJ33RcvrhA9UcRkrBc4miIVns?authuser=0&hl=fr&rclk=1
La Marjeanerie,5.0,,La Marjeanerie,,Saint-Donat-sur-l'Herbasse+France,Hôtel avec spa,https://www.google.com/maps/place/La+Marjeanerie/data=!4m10!3m9!1s0x47f54910842ad3e1:0xf7bdd369cc7c2a8!5m2!4m1!1i2!8m2!3d45.1715101!4d4.9727885!16s%2Fg%2F11h5vjx8_s!19sChIJ4dMqhBBJ9UcRqMLHnDbdew8?authuser=0&hl=fr&rclk=1
La Parenthèse Romantique - Chambre d'hôtes & Love Room avec jacuzzi privatif Drôme,4.9,,La Parenthèse Romantique - Chambre d'hôtes & Love Room avec jacuzzi privatif Drôme,,Saint-Donat-sur-l'Herbasse+France,Hôtel avec spa,https://www.google.com/maps/place/La+Parenth%C3%A8se+Romantique+-+Chambre+d%27h%C3%B4tes+%26+Love+Room+avec+jacuzzi+privatif+Dr%C3%B4me/data=!4m10!3m9!1s0x478ab3da0db7516b:0x20d724dae9451ed5!5m2!4m1!1i2!8m2!3d45.1059455!4d5.1074568!16s%2Fg%2F11rs9nklsf!19sChIJa1G3DdqzikcR1R5F6dok1yA?authuser=0&hl=fr&rclk=1
"CoeurAccords : Séjours bien-être, tantra & naturisme",5.0,,"CoeurAccords : Séjours bien-être, tantra & naturisme",,Saint-Donat-sur-l'Herbasse+France,Hôtel avec spa,"https://www.google.com/maps/place/CoeurAccords+:+S%C3%A9jours+bien-%C3%AAtre,+tantra+%26+naturisme/data=!4m10!3m9!1s0x47f54f8113fa73b7:0xbaffe0012652513b!5m2!4m1!1i2!8m2!3d45.0785985!4d4.9819456!16s%2Fg%2F11hdjcfvsr!19sChIJt3P6E4FP9UcRO1FSJgHg_7o?authuser=0&hl=fr&rclk=1"
La Maison de Jade & Spa,5.0,,La Maison de Jade & Spa,,Saint-Donat-sur-l'Herbasse+France,Hôtel avec spa,https://www.google.com/maps/place/La+Maison+de+Jade+%26+Spa/data=!4m10!3m9!1s0x47f55b0039c25f2b:0x13f1f3239400c021!5m2!4m1!1i2!8m2!3d45.0062265!4d4.8512766!16s%2Fg%2F11x28pslc1!19sChIJK1_COQBb9UcRIcAAlCPz8RM?authuser=0&hl=fr&rclk=1
Écolodgite Drôme Ardèche - WOOD & SKY - Gîtes meublés -,4.7,,Écolodgite Drôme Ardèche - WOOD & SKY - Gîtes meublés -,,Saint-Donat-sur-l'Herbasse+France,Hôtel avec spa,https://www.google.com/maps/place/%C3%89colodgite+Dr%C3%B4me+Ard%C3%A8che+-+WOOD+%26+SKY+-+G%C3%AEtes+meubl%C3%A9s+-/data=!4m10!3m9!1s0x47f53f05959972ab:0x63311b5f3541864e!5m2!4m1!1i2!8m2!3d45.21145!4d4.8264634!16s%2Fg%2F11j2c2xnh3!19sChIJq3KZlQU_9UcRToZBNV8bMWM?authuser=0&hl=fr&rclk=1
CHAMBRE D'HOTES DES LOYES,4.7,,CHAMBRE D'HOTES DES LOYES,,Saint-Donat-sur-l'Herbasse+France,Hôtel avec spa,https://www.google.com/maps/place/CHAMBRE+D%27HOTES+DES+LOYES/data=!4m10!3m9!1s0x478ab21356e85b69:0x9117fd142247718e!5m2!4m1!1i2!8m2!3d45.047491!4d5.1517872!16s%2Fg%2F11fdwn6ptt!19sChIJaVvoVhOyikcRjnFHIhT9F5E?authuser=0&hl=fr&rclk=1
ESCAPADE CHEZ PATRICE ET CHRISTEL,4.8,,ESCAPADE CHEZ PATRICE ET CHRISTEL,,Saint-Donat-sur-l'Herbasse+France,Hôtel avec spa,https://www.google.com/maps/place/ESCAPADE+CHEZ+PATRICE+ET+CHRISTEL/data=!4m10!3m9!1s0x478aadadaeb9620f:0xa214bbf31f523c00!5m2!4m1!1i2!8m2!3d45.0282375!4d5.1121284!16s%2Fg%2F11nx39p4g5!19sChIJD2K5rq2tikcRADxSH_O7FKI?authuser=0&hl=fr&rclk=1
SELYA RESORT THERMAL & SPA,4.1,,SELYA RESORT THERMAL & SPA,,Saint-Dos+France,Centre thermal,https://www.google.com/maps/place/SELYA+RESORT+THERMAL+%26+SPA/data=!4m7!3m6!1s0xd56c0731b745517:0x4a5195e25051454b!8m2!3d43.4727186!4d-0.9272741!16s%2Fg%2F1yh7_y_9d!19sChIJF1V0G3PAVg0RS0VRUOKVUUo?authuser=0&hl=fr&rclk=1
Thermes de Cambo-les-Bains,4.5,,Thermes de Cambo-les-Bains,,Saint-Dos+France,Centre thermal,https://www.google.com/maps/place/Thermes+de+Cambo-les-Bains/data=!4m7!3m6!1s0xd513a54ea1828dd:0xa3f3e8da5cddbf6!8m2!3d43.3546709!4d-1.3876673!16s%2Fg%2F1td1l9mm!19sChIJ3SgY6lQ6UQ0R9tvNpY0-Pwo?authuser=0&hl=fr&rclk=1
Parc aquatique Aqua Mundo Center Parcs Le Lac d'Ailette,4.1,,Parc aquatique Aqua Mundo Center Parcs Le Lac d'Ailette,,Mondrepuis+France,Parc aquatique,https://www.google.com/maps/place/Parc+aquatique+Aqua+Mundo+Center+Parcs+Le+Lac+d%27Ailette/data=!4m7!3m6!1s0x47e84fa4d3b4450b:0xa8391a3bc77196f0!8m2!3d49.464759!4d3.68093!16s%2Fg%2F11f4vchj6_!19sChIJC0W006RP6EcR8JZxxzsaOag?authuser=0&hl=fr&rclk=1
Thermes de Christus,4.4,,Thermes de Christus,,Saint-Dos+France,Centre thermal,https://www.google.com/maps/place/Thermes+de+Christus/data=!4m7!3m6!1s0xd56a8989038df0d:0x9569c10fb4fa6c2f!8m2!3d43.7290652!4d-1.0649973!16s%2Fg%2F1s04dww0w!19sChIJDd84kJioVg0RL2z6tA_BaZU?authuser=0&hl=fr&rclk=1
Centre aqualudique Ile Verte,4.1,,Centre aqualudique Ile Verte,,Mondrepuis+France,Parc aquatique,https://www.google.com/maps/place/Centre+aqualudique+Ile+Verte/data=!4m7!3m6!1s0x47e9e0405a26b179:0xe78d9aac909e210!8m2!3d49.924028!4d4.0991505!16s%2Fg%2F1tkbxk6p!19sChIJebEmWkDg6UcREOIJyarZeA4?authuser=0&hl=fr&rclk=1
Aqua Mundo Center Parcs - Le Lac d'Ailette,4.0,,Aqua Mundo Center Parcs - Le Lac d'Ailette,,Mondrepuis+France,Parc aquatique,https://www.google.com/maps/place/Aqua+Mundo+Center+Parcs+-+Le+Lac+d%27Ailette/data=!4m7!3m6!1s0x47e9ad841eb061ed:0x2caf42b4ff8aee54!8m2!3d49.4643508!4d3.6821151!16s%2Fg%2F11g03c92nz!19sChIJ7WGwHoSt6UcRVO6K_7RCryw?authuser=0&hl=fr&rclk=1
Centre aquatique Aquoisia (Forme & bien-être),3.9,,Centre aquatique Aquoisia (Forme & bien-être),,Mondrepuis+France,Parc aquatique,https://www.google.com/maps/place/Centre+aquatique+Aquoisia+%28Forme+%26+bien-%C3%AAtre%29/data=!4m7!3m6!1s0x480a5d5c6c94749d:0x9c59956bfc315f10!8m2!3d49.906414!4d3.646793!16s%2Fg%2F1pp2x6sbk!19sChIJnXSUbFxdCkgREF8x_GuVWZw?authuser=0&hl=fr&rclk=1
Centre aquatique Rêvéo,4.4,,Centre aquatique Rêvéo,,Mondrepuis+France,Parc aquatique,https://www.google.com/maps/place/Centre+aquatique+R%C3%AAv%C3%A9o/data=!4m7!3m6!1s0x47e9b914095db405:0x18d7a30b7556edb5!8m2!3d49.5662749!4d3.8982959!16s%2Fg%2F11b_1s0jht!19sChIJBbRdCRS56UcRte1WdQuj1xg?authuser=0&hl=fr&rclk=1
Centre aquatique le dôme de Laon,4.2,,Centre aquatique le dôme de Laon,,Mondrepuis+France,Parc aquatique,https://www.google.com/maps/place/Centre+aquatique+le+d%C3%B4me+de+Laon/data=!4m7!3m6!1s0x47e84b4b2df81e49:0x30d3352fdacc1103!8m2!3d49.567196!4d3.652039!16s%2Fg%2F1hm5pg0_9!19sChIJSR74LUtL6EcRAxHM2i810zA?authuser=0&hl=fr&rclk=1
Espace aquatique l'Oasis,3.9,,Espace aquatique l'Oasis,,Mondrepuis+France,Parc aquatique,https://www.google.com/maps/place/Espace+aquatique+l%27Oasis/data=!4m7!3m6!1s0x47e86b1a08a338cf:0xcebcc37c7d538a7b!8m2!3d49.6191426!4d3.2126791!16s%2Fg%2F11b_1qz8lq!19sChIJzzijCBpr6EcRe4pTfXzDvM4?authuser=0&hl=fr&rclk=1
Parc aquatique Sport & Bien-être La Bulle,3.6,,Parc aquatique Sport & Bien-être La Bulle,,Mondrepuis+France,Parc aquatique,https://www.google.com/maps/place/Parc+aquatique+Sport+%26+Bien-%C3%AAtre+La+Bulle/data=!4m7!3m6!1s0x47e818700a1aa775:0x6b5b2358e6f95ae8!8m2!3d49.8389365!4d3.2854207!16s%2Fg%2F1td52ry4!19sChIJdacaCnAY6EcR6Fr55lgjW2s?authuser=0&hl=fr&rclk=1
Center Parcs Le Lac d'Ailette,3.7,,Center Parcs Le Lac d'Ailette,,Mondrepuis+France,Parc aquatique,https://www.google.com/maps/place/Center+Parcs+Le+Lac+d%27Ailette/data=!4m10!3m9!1s0x47e9ad8084bb634b:0xebbbb112205318cc!5m2!4m1!1i2!8m2!3d49.4691279!4d3.68106!16s%2Fg%2F1tfsm9mh!19sChIJS2O7hICt6UcRzBhTIBKxu-s?authuser=0&hl=fr&rclk=1
Parc aquatique Aqua Mundo - Center Parcs Domaine Les Bois-Francs,4.0,,Parc aquatique Aqua Mundo - Center Parcs Domaine Les Bois-Francs,,Mondrepuis+France,Parc aquatique,https://www.google.com/maps/place/Parc+aquatique+Aqua+Mundo+-+Center+Parcs+Domaine+Les+Bois-Francs/data=!4m7!3m6!1s0x47e17d43a8ed690d:0xf300cd76ca0653ec!8m2!3d48.728902!4d0.840066!16s%2Fg%2F11cnmwmkff!19sChIJDWntqEN94UcR7FMGynbNAPM?authuser=0&hl=fr&rclk=1
Les Bains Du Lac,4.1,,Les Bains Du Lac,,Mondrepuis+France,Parc aquatique,https://www.google.com/maps/place/Les+Bains+Du+Lac/data=!4m7!3m6!1s0x47e85e8d3d56abfd:0xf996a82b4168fcc8!8m2!3d49.3801665!4d3.2987996!16s%2Fg%2F11ggvt4rct!19sChIJ_atWPY1e6EcRyPxoQSuolvk?authuser=0&hl=fr&rclk=1
Parc aquatique Aqua Mundo Center Parcs Les Trois Forêts,4.2,,Parc aquatique Aqua Mundo Center Parcs Les Trois Forêts,,Mondrepuis+France,Parc aquatique,https://www.google.com/maps/place/Parc+aquatique+Aqua+Mundo+Center+Parcs+Les+Trois+For%C3%AAts/data=!4m7!3m6!1s0x47940cf9c809f3d7:0xa06e64f07391c86b!8m2!3d48.6213789!4d6.9838248!16s%2Fg%2F11cm057dqd!19sChIJ1_MJyPkMlEcRa8iRc_BkbqA?authuser=0&hl=fr&rclk=1
Axo'plage,4.0,,Axo'plage,,Mondrepuis+France,Parc aquatique,https://www.google.com/maps/place/Axo%27plage/data=!4m7!3m6!1s0x47e8520980ac0afd:0x9cb87a800f0d4032!8m2!3d49.4729744!4d3.5577824!16s%2Fg%2F1214m31w!19sChIJ_QqsgAlS6EcRMkAND4B6uJw?authuser=0&hl=fr&rclk=1
Aqua Mundo du Center Parcs Les Ardennes,4.0,,Aqua Mundo du Center Parcs Les Ardennes,,Mondrepuis+France,Parc aquatique,https://www.google.com/maps/place/Aqua+Mundo+du+Center+Parcs+Les+Ardennes/data=!4m7!3m6!1s0x47c06f97c02db3b3:0xad1b17ccf3479a0a!8m2!3d50.2933807!4d5.9120349!16s%2Fg%2F11fd4pdyw3!19sChIJs7MtwJdvwEcRCppH88wXG60?authuser=0&hl=fr&rclk=1
Parc aquatique Aqua Mundo Center Parcs Les Hauts de Bruyères,4.2,,Parc aquatique Aqua Mundo Center Parcs Les Hauts de Bruyères,,Mondrepuis+France,Parc aquatique,https://www.google.com/maps/place/Parc+aquatique+Aqua+Mundo+Center+Parcs+Les+Hauts+de+Bruy%C3%A8res/data=!4m7!3m6!1s0x47e4d99a9638a48f:0x9187dc0642c71afd!8m2!3d47.6202!4d1.934931!16s%2Fg%2F11cmccytdq!19sChIJj6Q4lprZ5EcR_RrHQgbch5E?authuser=0&hl=fr&rclk=1
Aqua Mundo -Villages Nature,4.2,,Aqua Mundo -Villages Nature,,Mondrepuis+France,Parc aquatique,https://www.google.com/maps/place/Aqua+Mundo+-Villages+Nature/data=!4m7!3m6!1s0x47e8a8b117e14b23:0x5a0e6789e8354b1e!8m2!3d48.82876!4d2.817801!16s%2Fg%2F11ddx46b47!19sChIJI0vhF7Go6EcRHks16IlnDlo?authuser=0&hl=fr&rclk=1
Parc aquatique Aqua Mundo Center Parcs Le Bois aux Daims,4.4,,Parc aquatique Aqua Mundo Center Parcs Le Bois aux Daims,,Mondrepuis+France,Parc aquatique,https://www.google.com/maps/place/Parc+aquatique+Aqua+Mundo+Center+Parcs+Le+Bois+aux+Daims/data=!4m7!3m6!1s0x47fd61ce839103fb:0xd4ebda7284b88591!8m2!3d47.092859!4d0.000963!16s%2Fg%2F11clytlvdt!19sChIJ-wORg85h_UcRkYW4hHLa69Q?authuser=0&hl=fr&rclk=1
Parc aquatique Aqua Mundo Center Parcs Le Lac d'Ailette,4.1,,Parc aquatique Aqua Mundo Center Parcs Le Lac d'Ailette,,Fontaine-lès-Vervins+France,Parc aquatique,https://www.google.com/maps/place/Parc+aquatique+Aqua+Mundo+Center+Parcs+Le+Lac+d%27Ailette/data=!4m7!3m6!1s0x47e84fa4d3b4450b:0xa8391a3bc77196f0!8m2!3d49.464759!4d3.68093!16s%2Fg%2F11f4vchj6_!19sChIJC0W006RP6EcR8JZxxzsaOag?authuser=0&hl=fr&rclk=1
Axe Parc,4.4,,Axe Parc,,Mondrepuis+France,Parc aquatique,https://www.google.com/maps/place/Axe+Parc/data=!4m7!3m6!1s0x47e9d92015da10e1:0xfa814b7cbe1b7c8c!8m2!3d49.9228947!4d3.9610447!16s%2Fg%2F11jccf58hx!19sChIJ4RDaFSDZ6UcRjHwbvnxLgfo?authuser=0&hl=fr&rclk=1
Centre aquatique le dôme de Laon,4.2,,Centre aquatique le dôme de Laon,,Fontaine-lès-Vervins+France,Parc aquatique,https://www.google.com/maps/place/Centre+aquatique+le+d%C3%B4me+de+Laon/data=!4m7!3m6!1s0x47e84b4b2df81e49:0x30d3352fdacc1103!8m2!3d49.567196!4d3.652039!16s%2Fg%2F1hm5pg0_9!19sChIJSR74LUtL6EcRAxHM2i810zA?authuser=0&hl=fr&rclk=1
Centre aquatique Aquoisia (Forme & bien-être),3.9,,Centre aquatique Aquoisia (Forme & bien-être),,Fontaine-lès-Vervins+France,Parc aquatique,https://www.google.com/maps/place/Centre+aquatique+Aquoisia+%28Forme+%26+bien-%C3%AAtre%29/data=!4m7!3m6!1s0x480a5d5c6c94749d:0x9c59956bfc315f10!8m2!3d49.906414!4d3.646793!16s%2Fg%2F1pp2x6sbk!19sChIJnXSUbFxdCkgREF8x_GuVWZw?authuser=0&hl=fr&rclk=1
Aqua Mundo Center Parcs - Le Lac d'Ailette,4.0,,Aqua Mundo Center Parcs - Le Lac d'Ailette,,Fontaine-lès-Vervins+France,Parc aquatique,https://www.google.com/maps/place/Aqua+Mundo+Center+Parcs+-+Le+Lac+d%27Ailette/data=!4m7!3m6!1s0x47e9ad841eb061ed:0x2caf42b4ff8aee54!8m2!3d49.4643508!4d3.6821151!16s%2Fg%2F11g03c92nz!19sChIJ7WGwHoSt6UcRVO6K_7RCryw?authuser=0&hl=fr&rclk=1
Les Bains Du Lac,4.1,,Les Bains Du Lac,,Fontaine-lès-Vervins+France,Parc aquatique,https://www.google.com/maps/place/Les+Bains+Du+Lac/data=!4m7!3m6!1s0x47e85e8d3d56abfd:0xf996a82b4168fcc8!8m2!3d49.3801665!4d3.2987996!16s%2Fg%2F11ggvt4rct!19sChIJ_atWPY1e6EcRyPxoQSuolvk?authuser=0&hl=fr&rclk=1
Étang de Fontaine-les-Vervins,4.7,,Étang de Fontaine-les-Vervins,,Fontaine-lès-Vervins+France,Parc aquatique,https://www.google.com/maps/place/%C3%89tang+de+Fontaine-les-Vervins/data=!4m7!3m6!1s0x47e9db000d488113:0x800d5e463f3633f8!8m2!3d49.8494252!4d3.8982539!16s%2Fg%2F11xtv3b2xw!19sChIJE4FIDQDb6UcR-DM2P0ZeDYA?authuser=0&hl=fr&rclk=1
Piscine à Le Nouvion en Thierache,3.7,,Piscine à Le Nouvion en Thierache,,Fontaine-lès-Vervins+France,Parc aquatique,https://www.google.com/maps/place/Piscine+%C3%A0+Le+Nouvion+en+Thierache/data=!4m7!3m6!1s0x47c27ec4a1e5b2e9:0xe6a2fb0e335c804a!8m2!3d50.006661!4d3.7843728!16s%2Fg%2F11b_1r2yyp!19sChIJ6bLlocR-wkcRSoBcMw77ouY?authuser=0&hl=fr&rclk=1
Aquamotion Courchevel,4.3,,Aquamotion Courchevel,,Brides-les-Bains+France,Parc aquatique,https://www.google.com/maps/place/Aquamotion+Courchevel/data=!4m7!3m6!1s0x478978cabc2bda8f:0xf33b9c06db363c75!8m2!3d45.4168543!4d6.6466301!16s%2Fg%2F11bxc3smtt!19sChIJj9orvMp4iUcRdTw22wacO_M?authuser=0&hl=fr&rclk=1
Centre Aquatique Natur&O,4.0,,Centre Aquatique Natur&O,,Fontaine-lès-Vervins+France,Parc aquatique,https://www.google.com/maps/place/Centre+Aquatique+Natur%26O/data=!4m7!3m6!1s0x47c2ed71e77132f7:0xbe1e0161d81d6e2a!8m2!3d50.3222143!4d3.3935399!16s%2Fg%2F11smb1_c4v!19sChIJ9zJx53HtwkcRKm4d2GEBHr4?authuser=0&hl=fr&rclk=1
Le Grand Spa Thermal,4.4,,Le Grand Spa Thermal,,Brides-les-Bains+France,Parc aquatique,https://www.google.com/maps/place/Le+Grand+Spa+Thermal/data=!4m7!3m6!1s0x47897f0644144465:0x1e26e5a734e6bfb5!8m2!3d45.4532222!4d6.5677186!16s%2Fg%2F11rz4zcfry!19sChIJZUQURAZ_iUcRtb_mNKflJh4?authuser=0&hl=fr&rclk=1
Moulin à eau - aire de jeux aquatique,4.6,,Moulin à eau - aire de jeux aquatique,,Fontaine-lès-Vervins+France,Parc aquatique,https://www.google.com/maps/place/Moulin+%C3%A0+eau+-+aire+de+jeux+aquatique/data=!4m7!3m6!1s0x47e9ad387b38b981:0x9e9bb903b9b7e01c!8m2!3d49.4641847!4d3.6824138!16s%2Fg%2F11pyy8xp63!19sChIJgbk4ezit6UcRHOC3uQO5m54?authuser=0&hl=fr&rclk=1
Parc aquatique Wibit,4.3,,Parc aquatique Wibit,,Brides-les-Bains+France,Parc aquatique,https://www.google.com/maps/place/Parc+aquatique+Wibit/data=!4m7!3m6!1s0x478c02deda07823b:0xc9cc93d919902db2!8m2!3d46.1523953!4d6.6713589!16s%2Fg%2F11dxjn53g0!19sChIJO4IH2t4CjEcRsi2QGdmTzMk?authuser=0&hl=fr&rclk=1
Parc aquatique Aqua Mundo Center Parcs Les Hauts de Bruyères,4.2,,Parc aquatique Aqua Mundo Center Parcs Les Hauts de Bruyères,,Bricy+France,Parc aquatique,https://www.google.com/maps/place/Parc+aquatique+Aqua+Mundo+Center+Parcs+Les+Hauts+de+Bruy%C3%A8res/data=!4m7!3m6!1s0x47e4d99a9638a48f:0x9187dc0642c71afd!8m2!3d47.6202!4d1.934931!16s%2Fg%2F11cmccytdq!19sChIJj6Q4lprZ5EcR_RrHQgbch5E?authuser=0&hl=fr&rclk=1
Aquapark du Mont blanc,3.8,,Aquapark du Mont blanc,,Brides-les-Bains+France,Parc aquatique,https://www.google.com/maps/place/Aquapark+du+Mont+blanc/data=!4m7!3m6!1s0x478bfde23294612b:0xc5c143971aa97d4b!8m2!3d45.9212487!4d6.6591427!16s%2Fg%2F11kg2q2f3d!19sChIJK2GUMuL9i0cRS32pGpdDwcU?authuser=0&hl=fr&rclk=1
Piscine publique de Brides-les-Bains,3.3,,Piscine publique de Brides-les-Bains,,Brides-les-Bains+France,Parc aquatique,https://www.google.com/maps/place/Piscine+publique+de+Brides-les-Bains/data=!4m7!3m6!1s0x47897f4541848f8d:0x3a9c7c34ea7ad2cb!8m2!3d45.4538669!4d6.5674665!16s%2Fg%2F11qg1pb9g2!19sChIJjY-EQUV_iUcRy9J66jR8nDo?authuser=0&hl=fr&rclk=1
Aquaparc de l'étang du puits,4.3,,Aquaparc de l'étang du puits,,Bricy+France,Parc aquatique,https://www.google.com/maps/place/Aquaparc+de+l%27%C3%A9tang+du+puits/data=!4m7!3m6!1s0x47e547deea014ecb:0x8a03be80daa38935!8m2!3d47.585039!4d2.375206!16s%2Fg%2F11g9m59bs0!19sChIJy04B6t5H5UcRNYmj2oC-A4o?authuser=0&hl=fr&rclk=1
Centre Aquatique L'Aquacienne,3.4,,Centre Aquatique L'Aquacienne,,Bricy+France,Parc aquatique,https://www.google.com/maps/place/Centre+Aquatique+L%27Aquacienne/data=!4m7!3m6!1s0x47e4e2b300748a27:0x70239414f5c14e96!8m2!3d47.9013852!4d2.0152386!16s%2Fg%2F1tpf6fbg!19sChIJJ4p0ALPi5EcRlk7B9RSUI3A?authuser=0&hl=fr&rclk=1
Aquaparc,4.3,,Aquaparc,,Brides-les-Bains+France,Parc aquatique,https://www.google.com/maps/place/Aquaparc/data=!4m7!3m6!1s0x478e9bff9a80c3bb:0xbaf2ec6cdcfbc93e!8m2!3d46.3895221!4d6.8625021!16s%2Fg%2F122rd4t5!19sChIJu8OAmv-bjkcRPsn73Gzs8ro?authuser=0&hl=fr&rclk=1
Parc Aquatique Géant Water Glisse Passion - Lac Aréna,4.2,,Parc Aquatique Géant Water Glisse Passion - Lac Aréna,,Brides-les-Bains+France,Parc aquatique,https://www.google.com/maps/place/Parc+Aquatique+G%C3%A9ant+Water+Glisse+Passion+-+Lac+Ar%C3%A9na/data=!4m7!3m6!1s0x12cea4ce3c0f7fcf:0xf21e0a74de5889ac!8m2!3d43.4518737!4d6.6322165!16s%2Fg%2F11c1r1899l!19sChIJz38PPM6kzhIRrIlY3nQKHvI?authuser=0&hl=fr&rclk=1
Centre Aquatique Val d'Oréane,3.9,,Centre Aquatique Val d'Oréane,,Bricy+France,Parc aquatique,https://www.google.com/maps/place/Centre+Aquatique+Val+d%27Or%C3%A9ane/data=!4m7!3m6!1s0x47e5686e42dc5d21:0xa86321bbae7d5013!8m2!3d47.7619932!4d2.5255088!16s%2Fg%2F11b8_v069j!19sChIJIV3cQm5o5UcRE1B9rrshY6g?authuser=0&hl=fr&rclk=1
Espace aqualudique,5.0,,Espace aqualudique,,Brides-les-Bains+France,Parc aquatique,https://www.google.com/maps/place/Espace+aqualudique/data=!4m7!3m6!1s0x478bdd0031afdb33:0xc098d972a25b2223!8m2!3d45.7163546!4d6.4570256!16s%2Fg%2F11w7nsc9m9!19sChIJM9uvMQDdi0cRIyJbonLZmMA?authuser=0&hl=fr&rclk=1
"Parc de loisirs ""Le Val Fleuri"" Base de loisirs à la journée",4.0,,"Parc de loisirs ""Le Val Fleuri"" Base de loisirs à la journée",,Bricy+France,Parc aquatique,https://www.google.com/maps/place/Parc+de+loisirs+%22Le+Val+Fleuri%22+Base+de+loisirs+%C3%A0+la+journ%C3%A9e/data=!4m7!3m6!1s0x47e3796164ff5db1:0xecf2b7674deca715!8m2!3d48.0025832!4d1.231247!16s%2Fg%2F1tf06zcg!19sChIJsV3_ZGF540cRFafsTWe38uw?authuser=0&hl=fr&rclk=1
Thermes de Brides-les-Bains,4.1,,Thermes de Brides-les-Bains,,Brides-les-Bains+France,Parc aquatique,https://www.google.com/maps/place/Thermes+de+Brides-les-Bains/data=!4m7!3m6!1s0x47897e338054f523:0x55a3e69806c9ec38!8m2!3d45.4529206!4d6.5680994!16s%2Fg%2F1hc18hsmp!19sChIJI_VUgDN-iUcROOzJBpjmo1U?authuser=0&hl=fr&rclk=1
Aquaparc Isis,3.7,,Aquaparc Isis,,Brides-les-Bains+France,Parc aquatique,https://www.google.com/maps/place/Aquaparc+Isis/data=!4m7!3m6!1s0x478d4b42216b628b:0x763b50c273681fc1!8m2!3d47.072283!4d5.4863406!16s%2Fg%2F1tp1xqjy!19sChIJi2JrIUJLjUcRwR9oc8JQO3Y?authuser=0&hl=fr&rclk=1
Centre Aquatique du Lac,3.5,,Centre Aquatique du Lac,,Bricy+France,Parc aquatique,https://www.google.com/maps/place/Centre+Aquatique+du+Lac/data=!4m7!3m6!1s0x47fcd6818bf4dc43:0x43162ad60fb5dd42!8m2!3d47.3679142!4d0.6971397!16s%2Fg%2F11c0xq717q!19sChIJQ9z0i4HW_EcRQt21D9YqFkM?authuser=0&hl=fr&rclk=1
Parc aquatique Aqua Mundo Center Parcs Le Lac d'Ailette,4.1,,Parc aquatique Aqua Mundo Center Parcs Le Lac d'Ailette,,Brides-les-Bains+France,Parc aquatique,https://www.google.com/maps/place/Parc+aquatique+Aqua+Mundo+Center+Parcs+Le+Lac+d%27Ailette/data=!4m7!3m6!1s0x47e84fa4d3b4450b:0xa8391a3bc77196f0!8m2!3d49.464759!4d3.68093!16s%2Fg%2F11f4vchj6_!19sChIJC0W006RP6EcR8JZxxzsaOag?authuser=0&hl=fr&rclk=1
Aquapark - Bzhwakepark,4.5,,Aquapark - Bzhwakepark,,Brides-les-Bains+France,Parc aquatique,https://www.google.com/maps/place/Aquapark+-+Bzhwakepark/data=!4m7!3m6!1s0x480e6b2103f4c8b1:0x922a50a62541d2a0!8m2!3d48.3876925!4d-2.3341484!16s%2Fg%2F11svm96h2d!19sChIJscj0AyFrDkgRoNJBJaZQKpI?authuser=0&hl=fr&rclk=1
Base de loisirs du parc de Loire,4.3,,Base de loisirs du parc de Loire,,Bricy+France,Parc aquatique,https://www.google.com/maps/place/Base+de+loisirs+du+parc+de+Loire/data=!4m7!3m6!1s0x47e4e4c7990e66f7:0x2744340df11536f1!8m2!3d47.8950945!4d1.9404133!16s%2Fg%2F1214mdsw!19sChIJ92YOmcfk5EcR8TYV8Q00RCc?authuser=0&hl=fr&rclk=1
Water Circus,4.5,,Water Circus,,Brides-les-Bains+France,Parc aquatique,https://www.google.com/maps/place/Water+Circus/data=!4m7!3m6!1s0x478c710c6cde49f9:0x3e0ec11b7d6bb236!8m2!3d46.1726098!4d6.2121724!16s%2Fg%2F11nnv7ycmd!19sChIJ-UnebAxxjEcRNrJrfRvBDj4?authuser=0&hl=fr&rclk=1
Aquaboulevard de Paris,3.7,,Aquaboulevard de Paris,,Brides-les-Bains+France,Parc aquatique,https://www.google.com/maps/place/Aquaboulevard+de+Paris/data=!4m7!3m6!1s0x47e6718b1fbcd4fd:0xa7968d889eb5402a!8m2!3d48.8318042!4d2.2762627!16s%2Fg%2F120hhrtz!19sChIJ_dS8H4tx5kcRKkC1noiNlqc?authuser=0&hl=fr&rclk=1
Centre aquatique de L'Ile Verte,3.6,,Centre aquatique de L'Ile Verte,,Bricy+France,Parc aquatique,https://www.google.com/maps/place/Centre+aquatique+de+L%27Ile+Verte/data=!4m7!3m6!1s0x47eff6657697202f:0xcf6a1997c9138f6d!8m2!3d47.6401409!4d2.7342258!16s%2Fg%2F11b700wmfj!19sChIJLyCXdmX270cRbY8TyZcZas8?authuser=0&hl=fr&rclk=1
Parc Aquatique Aquafolies,4.4,,Parc Aquatique Aquafolies,,Brides-les-Bains+France,Parc aquatique,https://www.google.com/maps/place/Parc+Aquatique+Aquafolies/data=!4m7!3m6!1s0x47f346188aa84e1f:0xd26187a9dd722d3e!8m2!3d46.3423598!4d5.1394048!16s%2Fg%2F11gdknj1d2!19sChIJH06oihhG80cRPi1y3amHYdI?authuser=0&hl=fr&rclk=1
Parc d'Attractions Aquatic Landes / Labenne,3.6,,Parc d'Attractions Aquatic Landes / Labenne,,Brides-les-Bains+France,Parc aquatique,https://www.google.com/maps/place/Parc+d%27Attractions+Aquatic+Landes+%2F+Labenne/data=!4m7!3m6!1s0xd514488fe12707f:0xcb6cf6d5bdb04aed!8m2!3d43.5948793!4d-1.4533072!16s%2Fg%2F1tczx7_d!19sChIJf3AS_ohEUQ0R7UqwvdX2bMs?authuser=0&hl=fr&rclk=1
Aquaparc Isis,3.7,,Aquaparc Isis,,Bricy+France,Parc aquatique,https://www.google.com/maps/place/Aquaparc+Isis/data=!4m7!3m6!1s0x478d4b42216b628b:0x763b50c273681fc1!8m2!3d47.072283!4d5.4863406!16s%2Fg%2F1tp1xqjy!19sChIJi2JrIUJLjUcRwR9oc8JQO3Y?authuser=0&hl=fr&rclk=1
Aquasplash,3.2,,Aquasplash,,Brides-les-Bains+France,Parc aquatique,https://www.google.com/maps/place/Aquasplash/data=!4m7!3m6!1s0x12cdd4e53094e195:0x3231a5821eee6141!8m2!3d43.615356!4d7.124161!16s%2Fg%2F12hmcfpvc!19sChIJleGUMOXUzRIRQWHuHoKlMTI?authuser=0&hl=fr&rclk=1
Léo Parc Aventure,4.3,,Léo Parc Aventure,,Bricy+France,Parc aquatique,https://www.google.com/maps/place/L%C3%A9o+Parc+Aventure/data=!4m7!3m6!1s0x47e4e35631ec2419:0x63d57285080b6fac!8m2!3d47.896676!4d1.9454216!16s%2Fg%2F113f3bynm!19sChIJGSTsMVbj5EcRrG8LCIVy1WM?authuser=0&hl=fr&rclk=1
Aqualand Sainte-Maxime - Parc Aquatique,3.4,,Aqualand Sainte-Maxime - Parc Aquatique,,Brides-les-Bains+France,Parc aquatique,https://www.google.com/maps/place/Aqualand+Sainte-Maxime+-+Parc+Aquatique/data=!4m7!3m6!1s0x12ceb8fa05c5d783:0xc7f1bbca1eee4595!8m2!3d43.328348!4d6.618087!16s%2Fg%2F1td3_1wd!19sChIJg9fFBfq4zhIRlUXuHsq78cc?authuser=0&hl=fr&rclk=1
Aquaboulevard de Paris,3.7,,Aquaboulevard de Paris,,Bricy+France,Parc aquatique,https://www.google.com/maps/place/Aquaboulevard+de+Paris/data=!4m7!3m6!1s0x47e6718b1fbcd4fd:0xa7968d889eb5402a!8m2!3d48.8318042!4d2.2762627!16s%2Fg%2F120hhrtz!19sChIJ_dS8H4tx5kcRKkC1noiNlqc?authuser=0&hl=fr&rclk=1
Aqualand Saint Cyprien - Parc Aquatique,3.6,,Aqualand Saint Cyprien - Parc Aquatique,,Bricy+France,Parc aquatique,https://www.google.com/maps/place/Aqualand+Saint+Cyprien+-+Parc+Aquatique/data=!4m7!3m6!1s0x12b07c3fa4f66d3f:0x6774ccac5df81d47!8m2!3d42.601049!4d3.028974!16s%2Fg%2F1tk40hpl!19sChIJP232pD98sBIRRx34XazMdGc?authuser=0&hl=fr&rclk=1
Centre Aquatique Camille Muffat,4.1,,Centre Aquatique Camille Muffat,,Bricy+France,Parc aquatique,https://www.google.com/maps/place/Centre+Aquatique+Camille+Muffat/data=!4m7!3m6!1s0x47e5e25057c5f07b:0xd75e45e9751a38a8!8m2!3d48.6590824!4d2.5660086!16s%2Fg%2F11c1p4qg21!19sChIJe_DFV1Di5UcRqDgadelFXtc?authuser=0&hl=fr&rclk=1
Calade WaterPark,4.8,,Calade WaterPark,,Bricy+France,Parc aquatique,https://www.google.com/maps/place/Calade+WaterPark/data=!4m7!3m6!1s0x47f49be329cad695:0x3d01444c4b8b33d6!8m2!3d45.9703311!4d4.7494139!16s%2Fg%2F11xcffcd6g!19sChIJldbKKeOb9EcR1jOLS0xEAT0?authuser=0&hl=fr&rclk=1
Destination Aquatique : Portail des Etablissements de Bassins Aquatiques en France,4.2,,Destination Aquatique : Portail des Etablissements de Bassins Aquatiques en France,,Bricy+France,Parc aquatique,https://www.google.com/maps/place/Destination+Aquatique+:+Portail+des+Etablissements+de+Bassins+Aquatiques+en+France/data=!4m7!3m6!1s0x47e4fbee020fc2d1:0xc49cf9eae7505b96!8m2!3d30.6959409!4d-49.8171262!16s%2Fg%2F11wppmw26n!19sChIJ0cIPAu775EcRlltQ5-r5nMQ?authuser=0&hl=fr&rclk=1
b’o resort thermal & spa,4.0,,b’o resort thermal & spa,,Bricqueville-la-Blouette+France,Centre thermal,https://www.google.com/maps/place/b%E2%80%99o+resort+thermal+%26+spa/data=!4m7!3m6!1s0x4809920fb7cde013:0xb9f68bb714bc27fa!8m2!3d48.5541499!4d-0.4163055!16s%2Fg%2F1223wsxy!19sChIJE-DNtw-SCUgR-ie8FLeL9rk?authuser=0&hl=fr&rclk=1
Spa Les Thermes,4.4,,Spa Les Thermes,,Bricqueville-la-Blouette+France,Centre thermal,https://www.google.com/maps/place/Spa+Les+Thermes/data=!4m7!3m6!1s0x47e02d088d38623f:0xda86ecfdd887d8c4!8m2!3d49.4028304!4d0.1424152!16s%2Fg%2F1ptxj1wgq!19sChIJP2I4jQgt4EcRxNiH2P3shto?authuser=0&hl=fr&rclk=1
Mairie de Bricqueville-la-Blouette,4.6,,Mairie de Bricqueville-la-Blouette,,Bricqueville-la-Blouette+France,Centre thermal,https://www.google.com/maps/place/Mairie+de+Bricqueville-la-Blouette/data=!4m7!3m6!1s0x480c74ac4604d829:0x70d426ede639fd7b!8m2!3d49.035643!4d-1.476629!16s%2Fg%2F1tfkkkl2!19sChIJKdgERqx0DEgRe_055u0m1HA?authuser=0&hl=fr&rclk=1
ValVital - Thermes & Spa Montbrun-les-Bains,4.2,,ValVital - Thermes & Spa Montbrun-les-Bains,,Mondragon+France,Centre thermal,https://www.google.com/maps/place/ValVital+-+Thermes+%26+Spa+Montbrun-les-Bains/data=!4m7!3m6!1s0x12ca5c362addaa81:0x2cbf1c4721bcba4c!8m2!3d44.1731165!4d5.4459527!16s%2Fg%2F1td35fbb!19sChIJgardKjZcyhIRTLq8IUccvyw?authuser=0&hl=fr&rclk=1
Villa haut de gamme avec piscine & Spa en Provence - Le Domaine de Jolio intérieure & Spa en Provence,5.0,,Villa haut de gamme avec piscine & Spa en Provence - Le Domaine de Jolio intérieure & Spa en Provence,,Mondragon+France,Centre thermal,https://www.google.com/maps/place/Villa+haut+de+gamme+avec+piscine+%26+Spa+en+Provence+-+Le+Domaine+de+Jolio+int%C3%A9rieure+%26+Spa+en+Provence/data=!4m7!3m6!1s0x12b59fa8f08eee41:0xe0d2e784c926a287!8m2!3d44.238507!4d4.7404069!16s%2Fg%2F11z3zcpsl6!19sChIJQe6O8KiftRIRh6ImyYTn0uA?authuser=0&hl=fr&rclk=1
Piscine Municipale,3.8,,Piscine Municipale,,Saint-Doulchard+France,Parc aquatique,https://www.google.com/maps/place/Piscine+Municipale/data=!4m7!3m6!1s0x47fa958cfd7482b7:0xfda5d8d606b039c2!8m2!3d47.1044912!4d2.3719299!16s%2Fg%2F11c5wl2wcl!19sChIJt4J0_YyV-kcRwjmwBtbYpf0?authuser=0&hl=fr&rclk=1
Aquaparc de l'étang du puits,4.3,,Aquaparc de l'étang du puits,,Saint-Doulchard+France,Parc aquatique,https://www.google.com/maps/place/Aquaparc+de+l%27%C3%A9tang+du+puits/data=!4m7!3m6!1s0x47e547deea014ecb:0x8a03be80daa38935!8m2!3d47.585039!4d2.375206!16s%2Fg%2F11g9m59bs0!19sChIJy04B6t5H5UcRNYmj2oC-A4o?authuser=0&hl=fr&rclk=1
Centre Nautique Raymond Boisdé,3.8,,Centre Nautique Raymond Boisdé,,Saint-Doulchard+France,Parc aquatique,https://www.google.com/maps/place/Centre+Nautique+Raymond+Boisd%C3%A9/data=!4m7!3m6!1s0x47fa960b4f62f167:0xf3ff6c6f18417cd9!8m2!3d47.0920306!4d2.3979251!16s%2Fg%2F11b75j1f6h!19sChIJZ_FiTwuW-kcR2XxBGG9s__M?authuser=0&hl=fr&rclk=1
EOLE Aventure,4.4,,EOLE Aventure,,Mondrainville+France,Parc aquatique,https://www.google.com/maps/place/EOLE+Aventure/data=!4m7!3m6!1s0x480a6589a5f9f74d:0x73534d443e65a716!8m2!3d49.205516!4d-0.2256631!16s%2Fg%2F11b6dm_nqm!19sChIJTff5pYllCkgRFqdlPkRNU3M?authuser=0&hl=fr&rclk=1
Defiland Bourges,4.2,,Defiland Bourges,,Saint-Doulchard+France,Parc aquatique,https://www.google.com/maps/place/Defiland+Bourges/data=!4m7!3m6!1s0x47fa96396a24c30f:0x7bff06dda68621ef!8m2!3d47.095483!4d2.4223079!16s%2Fg%2F1pp2wyjv6!19sChIJD8MkajmW-kcR7yGGpt0G_3s?authuser=0&hl=fr&rclk=1
Centre aquatique DUNEO (Aquatique/ Fitness / Spa),4.1,,Centre aquatique DUNEO (Aquatique/ Fitness / Spa),,Mondrainville+France,Parc aquatique,https://www.google.com/maps/place/Centre+aquatique+DUNEO+%28Aquatique%2F+Fitness+%2F+Spa%29/data=!4m7!3m6!1s0x480a720240549bc3:0x1d24ccf788eeaa7e!8m2!3d49.1202668!4d-0.1668145!16s%2Fg%2F11bw7cy1sk!19sChIJw5tUQAJyCkgRfqruiPfMJB0?authuser=0&hl=fr&rclk=1
Centre Aquatique des Presles à Belleville sur Loire,4.3,,Centre Aquatique des Presles à Belleville sur Loire,,Saint-Doulchard+France,Parc aquatique,https://www.google.com/maps/place/Centre+Aquatique+des+Presles+%C3%A0+Belleville+sur+Loire/data=!4m7!3m6!1s0x47effb4568f6e775:0xf96891c59302f0b4!8m2!3d47.5047608!4d2.8475385!16s%2Fg%2F11cnddrqjr!19sChIJdef2aEX770cRtPACk8WRaPk?authuser=0&hl=fr&rclk=1
Paradis park ouvert du 1 juillet au 31 août,4.4,,Paradis park ouvert du 1 juillet au 31 août,,Saint-Drézéry+France,Parc aquatique,https://www.google.com/maps/place/Paradis+park+ouvert+du+1+juillet+au+31+ao%C3%BBt/data=!4m7!3m6!1s0x12b6a5005d2fed57:0x5ffdbf0eadb898ea!8m2!3d43.6392548!4d3.9715305!16s%2Fg%2F11y5vmlnb0!19sChIJV-0vXQClthIR6pi4rQ6__V8?authuser=0&hl=fr&rclk=1
Parc aquatique Aqua Mundo - Center Parcs Domaine Les Bois-Francs,4.0,,Parc aquatique Aqua Mundo - Center Parcs Domaine Les Bois-Francs,,Mondrainville+France,Parc aquatique,https://www.google.com/maps/place/Parc+aquatique+Aqua+Mundo+-+Center+Parcs+Domaine+Les+Bois-Francs/data=!4m7!3m6!1s0x47e17d43a8ed690d:0xf300cd76ca0653ec!8m2!3d48.728902!4d0.840066!16s%2Fg%2F11cnmwmkff!19sChIJDWntqEN94UcR7FMGynbNAPM?authuser=0&hl=fr&rclk=1
Centre sportif de Saint Doulchard,4.7,,Centre sportif de Saint Doulchard,,Saint-Doulchard+France,Parc aquatique,https://www.google.com/maps/place/Centre+sportif+de+Saint+Doulchard/data=!4m7!3m6!1s0x47fa950023469d9f:0x779c5e50677e1fa4!8m2!3d47.1014426!4d2.3702131!16s%2Fg%2F11wc3sjym4!19sChIJn51GIwCV-kcRpB9-Z1BenHc?authuser=0&hl=fr&rclk=1
Aquapark de Lunas - Parc aquatique gonflable à la Base de Loisirs de la Prade,4.4,,Aquapark de Lunas - Parc aquatique gonflable à la Base de Loisirs de la Prade,,Saint-Drézéry+France,Parc aquatique,https://www.google.com/maps/place/Aquapark+de+Lunas+-+Parc+aquatique+gonflable+%C3%A0+la+Base+de+Loisirs+de+la+Prade/data=!4m7!3m6!1s0x12b1f3a512f171e7:0xf16346cc0c05cc74!8m2!3d43.7060437!4d3.1890829!16s%2Fg%2F11ppq4z3dw!19sChIJ53HxEqXzsRIRdMwFDMxGY_E?authuser=0&hl=fr&rclk=1
Centre Aqualudique & Bien Etre Siréna,3.6,,Centre Aqualudique & Bien Etre Siréna,,Mondrainville+France,Parc aquatique,https://www.google.com/maps/place/Centre+Aqualudique+%26+Bien+Etre+Sir%C3%A9na/data=!4m7!3m6!1s0x480a44a35fb332b5:0x1c5b47cbae9c54db!8m2!3d49.186628!4d-0.442111!16s%2Fg%2F1hm2w7_cv!19sChIJtTKzX6NECkgR21ScrstHWxw?authuser=0&hl=fr&rclk=1
"Ressource d'Âme, hébergements insolites, wigwam bulle et cabane, spa, à la campagne dans le Pas-de-Calais",4.9,,"Ressource d'Âme, hébergements insolites, wigwam bulle et cabane, spa, à la campagne dans le Pas-de-Calais",,Fontaine-lès-Hermans+France,Hôtel avec spa,"https://www.google.com/maps/place/Ressource+d%27%C3%82me,+h%C3%A9bergements+insolites,+wigwam+bulle+et+cabane,+spa,+%C3%A0+la+campagne+dans+le+Pas-de-Calais/data=!4m10!3m9!1s0x47dd0577993ba12d:0x5b4cebd6eac0cf43!5m2!4m1!1i2!8m2!3d50.5407794!4d2.4133695!16s%2Fg%2F11vssg2412!19sChIJLaE7mXcF3UcRQ8_A6tbrTFs?authuser=0&hl=fr&rclk=1"
Parc aquatique de la Base de Loisirs de la Prade,4.1,,Parc aquatique de la Base de Loisirs de la Prade,,Saint-Drézéry+France,Parc aquatique,https://www.google.com/maps/place/Parc+aquatique+de+la+Base+de+Loisirs+de+la+Prade/data=!4m7!3m6!1s0x12b17c32ea71a4ed:0x6de3d7498e2317ee!8m2!3d43.7060162!4d3.1869124!16s%2Fg%2F1tfgrg26!19sChIJ7aRx6jJ8sRIR7hcjjknX420?authuser=0&hl=fr&rclk=1
Festyland,4.4,,Festyland,,Mondrainville+France,Parc aquatique,https://www.google.com/maps/place/Festyland/data=!4m7!3m6!1s0x480a4342a12f88a5:0x726330e142bf4fa1!8m2!3d49.1844246!4d-0.427225!16zL20vMGJ0MF80!19sChIJpYgvoUJDCkgRoU-_QuEwY3I?authuser=0&hl=fr&rclk=1
AQUAPARK Cap d'Agde,4.4,,AQUAPARK Cap d'Agde,,Saint-Drézéry+France,Parc aquatique,https://www.google.com/maps/place/AQUAPARK+Cap+d%27Agde/data=!4m7!3m6!1s0x12b13caafed983bd:0x36375769401d15a0!8m2!3d43.2763982!4d3.4998047!16s%2Fg%2F11bv2fgt07!19sChIJvYPZ_qo8sRIRoBUdQGlXNzY?authuser=0&hl=fr&rclk=1
Love room Spa Privatif L'Impertinente,5.0,,Love room Spa Privatif L'Impertinente,,Fontaine-lès-Hermans+France,Hôtel avec spa,https://www.google.com/maps/place/Love+room+Spa+Privatif+L%27Impertinente/data=!4m10!3m9!1s0x47dd1dd94500963f:0x58799b69a8c09c28!5m2!4m1!1i2!8m2!3d50.6104899!4d2.4412948!16s%2Fg%2F11l23sdxgs!19sChIJP5YARdkd3UcRKJzAqGmbeVg?authuser=0&hl=fr&rclk=1
Bayeux Aventure,4.6,,Bayeux Aventure,,Mondrainville+France,Parc aquatique,https://www.google.com/maps/place/Bayeux+Aventure/data=!4m7!3m6!1s0x480ba9404a9ebfb5:0x5fea7394d1e70ff6!8m2!3d49.287025!4d-0.765427!16s%2Fg%2F1hc1g8g53!19sChIJtb-eSkCpC0gR9g_n0ZRz6l8?authuser=0&hl=fr&rclk=1
Aquapark de Lunas,4.6,,Aquapark de Lunas,,Saint-Drézéry+France,Parc aquatique,https://www.google.com/maps/place/Aquapark+de+Lunas/data=!4m7!3m6!1s0x12b17d83dbf20b19:0xe52ded599f6b68b7!8m2!3d43.706019!4d3.1893955!16s%2Fg%2F11xdh9pdrv!19sChIJGQvy24N9sRIRt2hrn1ntLeU?authuser=0&hl=fr&rclk=1
Spa Au plaisir des bulles suite romantique avec jacuzzi privé,4.9,,Spa Au plaisir des bulles suite romantique avec jacuzzi privé,,Fontaine-lès-Hermans+France,Hôtel avec spa,https://www.google.com/maps/place/Spa+Au+plaisir+des+bulles+suite+romantique+avec+jacuzzi+priv%C3%A9/data=!4m10!3m9!1s0x47dd0550d9c6e16b:0x9605dd694df190ee!5m2!4m1!1i2!8m2!3d50.5453843!4d2.3452927!16s%2Fg%2F11mv_zl2h5!19sChIJa-HG2VAF3UcR7pDxTWndBZY?authuser=0&hl=fr&rclk=1
Espace Aquatique Condé,4.1,,Espace Aquatique Condé,,Mondrainville+France,Parc aquatique,https://www.google.com/maps/place/Espace+Aquatique+Cond%C3%A9/data=!4m7!3m6!1s0x480a2fb214be3963:0xadc8efe389a339c9!8m2!3d48.8507374!4d-0.5576866!16s%2Fg%2F1vzn4ytw!19sChIJYzm-FLIvCkgRyTmjiePvyK0?authuser=0&hl=fr&rclk=1
Aqua Forest,4.5,,Aqua Forest,,Saint-Drézéry+France,Parc aquatique,https://www.google.com/maps/place/Aqua+Forest/data=!4m7!3m6!1s0x12b46a57018382dd:0x5b31cc8445e491a8!8m2!3d44.067873!4d4.036477!16s%2Fg%2F1thlqft_!19sChIJ3YKDAVdqtBIRqJHkRYTMMVs?authuser=0&hl=fr&rclk=1
Base de loisirs du Lac Terre d'Auge à Pont-l'Evêque,4.1,,Base de loisirs du Lac Terre d'Auge à Pont-l'Evêque,,Mondrainville+France,Parc aquatique,https://www.google.com/maps/place/Base+de+loisirs+du+Lac+Terre+d%27Auge+%C3%A0+Pont-l%27Ev%C3%AAque/data=!4m7!3m6!1s0x47e1cde6bda495bb:0xff60905e7b25b59d!8m2!3d49.273947!4d0.2037134!16s%2Fg%2F1tfs0bz8!19sChIJu5WkvebN4UcRnbUle16QYP8?authuser=0&hl=fr&rclk=1
Les Chambres de Saint Hilaire,4.8,,Les Chambres de Saint Hilaire,,Fontaine-lès-Hermans+France,Hôtel avec spa,https://www.google.com/maps/place/Les+Chambres+de+Saint+Hilaire/data=!4m10!3m9!1s0x47dd0355f7586cf3:0x6c38f0885cd630b9!5m2!4m1!1i2!8m2!3d50.571875!4d2.414414!16s%2Fg%2F11c45ngrk4!19sChIJ82xY91UD3UcRuTDWXIjwOGw?authuser=0&hl=fr&rclk=1
La Bouscarasse,4.0,,La Bouscarasse,,Saint-Drézéry+France,Parc aquatique,https://www.google.com/maps/place/La+Bouscarasse/data=!4m7!3m6!1s0x12b44a442540f613:0xd473ab87bdc05214!8m2!3d44.037433!4d4.3262812!16s%2Fg%2F1tctzm7q!19sChIJE_ZAJURKtBIRFFLAvYerc9Q?authuser=0&hl=fr&rclk=1
"Aqua Diva - Centre Aqualudique, Fitness et Bien-être à Cabourg",3.9,,"Aqua Diva - Centre Aqualudique, Fitness et Bien-être à Cabourg",,Mondrainville+France,Parc aquatique,"https://www.google.com/maps/place/Aqua+Diva+-+Centre+Aqualudique,+Fitness+et+Bien-%C3%AAtre+%C3%A0+Cabourg/data=!4m7!3m6!1s0x480a7d0013f92ed5:0x3f424be1a59f08da!8m2!3d49.2852116!4d-0.1239!16s%2Fg%2F11y5z7hnv9!19sChIJ1S75EwB9CkgR2gifpeFLQj8?authuser=0&hl=fr&rclk=1"
LA CASA DEL SPA | Spa privatif & Hôtel bien-être | Bruay-Béthune,5.0,,LA CASA DEL SPA | Spa privatif & Hôtel bien-être | Bruay-Béthune,,Fontaine-lès-Hermans+France,Hôtel avec spa,https://www.google.com/maps/place/LA+CASA+DEL+SPA+%7C+Spa+privatif+%26+H%C3%B4tel+bien-%C3%AAtre+%7C+Bruay-B%C3%A9thune/data=!4m10!3m9!1s0x47dd17264a275f1d:0xe3a09e84dc79355a!5m2!4m1!1i2!8m2!3d50.4771063!4d2.5374147!16s%2Fg%2F11vz2cczwt!19sChIJHV8nSiYX3UcRWjV53ISeoOM?authuser=0&hl=fr&rclk=1
"DélirOpark, le village des enfants de 0 à 99 ans",4.3,,"DélirOpark, le village des enfants de 0 à 99 ans",,Saint-Drézéry+France,Parc aquatique,"https://www.google.com/maps/place/D%C3%A9lirOpark,+le+village+des+enfants+de+0+%C3%A0+99+ans/data=!4m7!3m6!1s0x12b43bf7915dbb0d:0xd3e90c7aa77b297f!8m2!3d43.934294!4d4.1529822!16s%2Fg%2F1tplscrm!19sChIJDbtdkfc7tBIRfyl7p3oM6dM?authuser=0&hl=fr&rclk=1"
Aquanacre,3.6,,Aquanacre,,Mondrainville+France,Parc aquatique,https://www.google.com/maps/place/Aquanacre/data=!4m7!3m6!1s0x480a5e672d873091:0xa62227f90ec1eb6d!8m2!3d49.3013833!4d-0.3829695!16s%2Fg%2F1hhhhhj5m!19sChIJkTCHLWdeCkgRbevBDvknIqY?authuser=0&hl=fr&rclk=1
"Ô Coeur de la grange - Chambre d'hôtes , Piscine et Spa en Hauts de France",5.0,,"Ô Coeur de la grange - Chambre d'hôtes , Piscine et Spa en Hauts de France",,Fontaine-lès-Hermans+France,Hôtel avec spa,"https://www.google.com/maps/place/%C3%94+Coeur+de+la+grange+-+Chambre+d%27h%C3%B4tes+,+Piscine+et+Spa+en+Hauts+de+France/data=!4m10!3m9!1s0x47dd1bd8288e145b:0x92d4761d44ab16e0!5m2!4m1!1i2!8m2!3d50.5678127!4d2.5066949!16s%2Fg%2F11t1fffxct!19sChIJWxSOKNgb3UcR4BarRB121JI?authuser=0&hl=fr&rclk=1"
Park Aquatique,,,Park Aquatique,,Saint-Drézéry+France,Parc aquatique,https://www.google.com/maps/place/Park+Aquatique/data=!4m7!3m6!1s0x12b437007dd359bd:0xe569faf64d1a7567!8m2!3d43.9679206!4d4.2706102!16s%2Fg%2F11w27y90wb!19sChIJvVnTfQA3tBIRZ3UaTfb6aeU?authuser=0&hl=fr&rclk=1
Appart'City Confort Toulouse Purpan - Appart Hôtel,3.8,,SponsoriséPar Booking.com,,Mondouzil+France,Hôtel avec spa,https://www.google.com/maps/place/Appart%27City+Confort+Toulouse+Purpan+-+Appart+H%C3%B4tel/data=!4m10!3m9!1s0x12aebaf081dc2e95:0x4e93b57a100dc0e7!5m2!4m1!1i2!8m2!3d43.597633!4d1.395149!16s%2Fg%2F1tjbv6sd!19sChIJlS7cgfC6rhIR58ANEHq1k04?authuser=0&hl=fr&rclk=1
Ange Michel - Parc d'attractions,4.2,,Ange Michel - Parc d'attractions,,Mondrainville+France,Parc aquatique,https://www.google.com/maps/place/Ange+Michel+-+Parc+d%27attractions/data=!4m7!3m6!1s0x4809500a49ec21e5:0x6d23af0aac5db2cc!8m2!3d48.5689665!4d-1.2027811!16s%2Fg%2F1tdclbmj!19sChIJ5SHsSQpQCUgRzLJdrAqvI20?authuser=0&hl=fr&rclk=1
Parc aquatique Aqua Mundo Center Parcs Les Trois Forêts,4.2,,Parc aquatique Aqua Mundo Center Parcs Les Trois Forêts,,Saint-Drézéry+France,Parc aquatique,https://www.google.com/maps/place/Parc+aquatique+Aqua+Mundo+Center+Parcs+Les+Trois+For%C3%AAts/data=!4m7!3m6!1s0x47940cf9c809f3d7:0xa06e64f07391c86b!8m2!3d48.6213789!4d6.9838248!16s%2Fg%2F11cm057dqd!19sChIJ1_MJyPkMlEcRa8iRc_BkbqA?authuser=0&hl=fr&rclk=1
Aqua Garden,3.6,,Aqua Garden,,Mondrainville+France,Parc aquatique,https://www.google.com/maps/place/Aqua+Garden/data=!4m7!3m6!1s0x47e1d79e37e25e19:0xf0558765538084f3!8m2!3d49.260775!4d0.0179115!16s%2Fg%2F11g1dvvqnk!19sChIJGV7iN57X4UcR84SAU2WHVfA?authuser=0&hl=fr&rclk=1
"Radisson Blu Hotel, Toulouse Airport",4.3,,SponsoriséPar Expedia.fr,,Mondouzil+France,Hôtel avec spa,"https://www.google.com/maps/place/Radisson+Blu+Hotel,+Toulouse+Airport/data=!4m10!3m9!1s0x12aea54c9e501259:0x558fe0397bf314ab!5m2!4m1!1i2!8m2!3d43.630608!4d1.380573!16s%2Fg%2F1tfn_n13!19sChIJWRJQnkylrhIRqxTzezngj1U?authuser=0&hl=fr&rclk=1"
La Suite Chambres d’Hôtes Spa & Sauna,4.9,,La Suite Chambres d’Hôtes Spa & Sauna,,Fontaine-lès-Hermans+France,Hôtel avec spa,https://www.google.com/maps/place/La+Suite+Chambres+d%E2%80%99H%C3%B4tes+Spa+%26+Sauna/data=!4m10!3m9!1s0x47dcfd30b8b661d7:0x5d64a5210c4a77c!5m2!4m1!1i2!8m2!3d50.6564516!4d2.3801229!16s%2Fg%2F11p4_9hy4r!19sChIJ12G2uDD93EcRfKfEEFJK1gU?authuser=0&hl=fr&rclk=1
Pirateland: Mini-golf & Parc Aquatique,3.9,,Pirateland: Mini-golf & Parc Aquatique,,Saint-Drézéry+France,Parc aquatique,https://www.google.com/maps/place/Pirateland:+Mini-golf+%26+Parc+Aquatique/data=!4m7!3m6!1s0x12b13a51e1511ab5:0x8c186ced8cce0632!8m2!3d43.3226176!4d3.5468245!16s%2Fg%2F11c481b3ns!19sChIJtRpR4VE6sRIRMgbOjO1sGIw?authuser=0&hl=fr&rclk=1
Parc aquatique du Perche,4.1,,Parc aquatique du Perche,,Fontaine-les-Ribouts+France,Parc aquatique,https://www.google.com/maps/place/Parc+aquatique+du+Perche/data=!4m7!3m6!1s0x47e3c27e95a0d4e5:0xef2895d8afed7b11!8m2!3d48.5126247!4d1.0193802!16s%2Fg%2F1tf6fy9q!19sChIJ5dSglX7C40cREXvtr9iVKO8?authuser=0&hl=fr&rclk=1
Water Park de Sames,4.1,,Water Park de Sames,,Saint-Dos+France,Parc aquatique,https://www.google.com/maps/place/Water+Park+de+Sames/data=!4m7!3m6!1s0xd56b458bce21be1:0x424a80b9c63779aa!8m2!3d43.5282821!4d-1.1706267!16s%2Fg%2F11g7ztzwg3!19sChIJ4RvivFi0Vg0Rqnk3xrmASkI?authuser=0&hl=fr&rclk=1
AquaSud Piscine,3.6,,AquaSud Piscine,,Mondrainville+France,Parc aquatique,https://www.google.com/maps/place/AquaSud+Piscine/data=!4m7!3m6!1s0x480a39a77588c3ef:0x5eebf9a3b0d67329!8m2!3d48.9873808!4d-0.475271!16s%2Fg%2F11r9t6p6q!19sChIJ78OIdac5CkgRKXPWsKP5614?authuser=0&hl=fr&rclk=1
LE PRIEURÉ,4.9,,LE PRIEURÉ,,Mondouzil+France,Hôtel avec spa,https://www.google.com/maps/place/LE+PRIEUR%C3%89/data=!4m10!3m9!1s0x12ae9bd58c7e02f5:0x6128d85a7acbc08a!5m2!4m1!1i2!8m2!3d43.656873!4d1.6601149!16s%2Fg%2F11sghn12_v!19sChIJ9QJ-jNWbrhIRisDLelrYKGE?authuser=0&hl=fr&rclk=1
Aire de service du Moulin : Aire de camping-car au cœur du Ternois,4.9,,Aire de service du Moulin : Aire de camping-car au cœur du Ternois,,Fontaine-lès-Hermans+France,Hôtel avec spa,https://www.google.com/maps/place/Aire+de+service+du+Moulin+:+Aire+de+camping-car+au+c%C5%93ur+du+Ternois/data=!4m10!3m9!1s0x47dd0b88b9dbc7ed:0xc491339b30087589!5m2!4m1!1i2!8m2!3d50.3946997!4d2.258852!16s%2Fg%2F11ftxd9ghp!19sChIJ7cfbuYgL3UcRiXUIMJszkcQ?authuser=0&hl=fr&rclk=1
Frenzy Waterpark - Parc Aquatique,4.3,,Frenzy Waterpark - Parc Aquatique,,Saint-Drézéry+France,Parc aquatique,https://www.google.com/maps/place/Frenzy+Waterpark+-+Parc+Aquatique/data=!4m7!3m6!1s0x12b0614cb5cc9325:0xbb9e68f0d4e0040f!8m2!3d42.7611123!4d3.0165791!16s%2Fg%2F1ydnv258y!19sChIJJZPMtUxhsBIRDwTg1PBonrs?authuser=0&hl=fr&rclk=1
Parc aquatique Aqua Mundo - Center Parcs Domaine Les Bois-Francs,4.0,,Parc aquatique Aqua Mundo - Center Parcs Domaine Les Bois-Francs,,Fontaine-les-Ribouts+France,Parc aquatique,https://www.google.com/maps/place/Parc+aquatique+Aqua+Mundo+-+Center+Parcs+Domaine+Les+Bois-Francs/data=!4m7!3m6!1s0x47e17d43a8ed690d:0xf300cd76ca0653ec!8m2!3d48.728902!4d0.840066!16s%2Fg%2F11cnmwmkff!19sChIJDWntqEN94UcR7FMGynbNAPM?authuser=0&hl=fr&rclk=1
Aquaparc La Ferté Macé,3.8,,Aquaparc La Ferté Macé,,Mondrainville+France,Parc aquatique,https://www.google.com/maps/place/Aquaparc+La+Fert%C3%A9+Mac%C3%A9/data=!4m7!3m6!1s0x48098d6720004e87:0xe39b89f4e6a4354f!8m2!3d48.5914681!4d-0.3701921!16s%2Fg%2F11sty88h1b!19sChIJh04AIGeNCUgRTzWk5vSJm-M?authuser=0&hl=fr&rclk=1
La Cour des Consuls Hotel & Spa Toulouse,4.4,,La Cour des Consuls Hotel & Spa Toulouse,,Mondouzil+France,Hôtel avec spa,https://www.google.com/maps/place/La+Cour+des+Consuls+Hotel+%26+Spa+Toulouse/data=!4m10!3m9!1s0x12aebb7d3217e32d:0xef44443391fc475f!5m2!4m1!1i2!8m2!3d43.5994493!4d1.4416423!16s%2Fg%2F11btxhwxhw!19sChIJLeMXMn27rhIRX0f8kTNERO8?authuser=0&hl=fr&rclk=1
Aqua Béarn,4.0,,Aqua Béarn,,Saint-Dos+France,Parc aquatique,https://www.google.com/maps/place/Aqua+B%C3%A9arn/data=!4m7!3m6!1s0xd5655b13e21ab0f:0xf57e639b47660755!8m2!3d43.2259503!4d-0.5693305!16s%2Fg%2F1tfg8_l8!19sChIJD6shPrFVVg0RVQdmR5tjfvU?authuser=0&hl=fr&rclk=1
Aqualand St-Cyr-Sur-Mer | Parc Aquatique,3.3,,Aqualand St-Cyr-Sur-Mer | Parc Aquatique,,Saint-Drézéry+France,Parc aquatique,https://www.google.com/maps/place/Aqualand+St-Cyr-Sur-Mer+%7C+Parc+Aquatique/data=!4m10!3m9!1s0x12c9a87a4868a82f:0x4a07dc2b90f6a00f!5m2!4m1!1i2!8m2!3d43.184662!4d5.694891!16s%2Fg%2F1td811s1!19sChIJL6hoSHqoyRIRD6D2kCvcB0o?authuser=0&hl=fr&rclk=1
Centre aqualudique en Pays d' Auge,2.6,,Centre aqualudique en Pays d' Auge,,Mondrainville+France,Parc aquatique,https://www.google.com/maps/place/Centre+aqualudique+en+Pays+d%27+Auge/data=!4m7!3m6!1s0x480a7d007c4810ed:0x62e49f7123ca7ed2!8m2!3d49.285176!4d-0.1239177!16s%2Fg%2F11y67pcp6x!19sChIJ7RBIfAB9CkgR0n7KI3Gf5GI?authuser=0&hl=fr&rclk=1
Privilège Appart-Hôtel Saint-Exupéry,4.2,,Privilège Appart-Hôtel Saint-Exupéry,,Mondouzil+France,Hôtel avec spa,https://www.google.com/maps/place/Privil%C3%A8ge+Appart-H%C3%B4tel+Saint-Exup%C3%A9ry/data=!4m10!3m9!1s0x12aebca2928a9c25:0x7ca0a923ff8641dd!5m2!4m1!1i2!8m2!3d43.6101451!4d1.4517029!16s%2Fg%2F1thpyx02!19sChIJJZyKkqK8rhIR3UGG_yOpoHw?authuser=0&hl=fr&rclk=1
Aqualand Saint Cyprien - Parc Aquatique,3.6,,Aqualand Saint Cyprien - Parc Aquatique,,Saint-Drézéry+France,Parc aquatique,https://www.google.com/maps/place/Aqualand+Saint+Cyprien+-+Parc+Aquatique/data=!4m7!3m6!1s0x12b07c3fa4f66d3f:0x6774ccac5df81d47!8m2!3d42.601049!4d3.028974!16s%2Fg%2F1tk40hpl!19sChIJP232pD98sBIRRx34XazMdGc?authuser=0&hl=fr&rclk=1
Base de Pop,4.5,,Base de Pop,,Saint-Dos+France,Parc aquatique,https://www.google.com/maps/place/Base+de+Pop/data=!4m7!3m6!1s0xd56b512389ccbb9:0x426e8bec5904b330!8m2!3d43.500086!4d-1.184728!16s%2Fg%2F1q5bsyq5g!19sChIJucucOBK1Vg0RMLMEWeyLbkI?authuser=0&hl=fr&rclk=1
Les Hauts du Rébeillou - Cabane - Spa,4.9,,Les Hauts du Rébeillou - Cabane - Spa,,Mondouzil+France,Hôtel avec spa,https://www.google.com/maps/place/Les+Hauts+du+R%C3%A9beillou+-+Cabane+-+Spa/data=!4m10!3m9!1s0x12ae97954cd70cdb:0x43bcd10433f7de7d!5m2!4m1!1i2!8m2!3d43.594831!4d1.5283659!16s%2Fg%2F11kt4c4yh_!19sChIJ2wzXTJWXrhIRfd73MwTRvEM?authuser=0&hl=fr&rclk=1
Parc aquatique Aqua Mundo - Center Parcs Domaine Les Bois-Francs,4.0,,Parc aquatique Aqua Mundo - Center Parcs Domaine Les Bois-Francs,,Saint-Drézéry+France,Parc aquatique,https://www.google.com/maps/place/Parc+aquatique+Aqua+Mundo+-+Center+Parcs+Domaine+Les+Bois-Francs/data=!4m7!3m6!1s0x47e17d43a8ed690d:0xf300cd76ca0653ec!8m2!3d48.728902!4d0.840066!16s%2Fg%2F11cnmwmkff!19sChIJDWntqEN94UcR7FMGynbNAPM?authuser=0&hl=fr&rclk=1
Parc d'Attractions Aquatic Landes / Labenne,3.6,,Parc d'Attractions Aquatic Landes / Labenne,,Saint-Dos+France,Parc aquatique,https://www.google.com/maps/place/Parc+d%27Attractions+Aquatic+Landes+%2F+Labenne/data=!4m7!3m6!1s0xd514488fe12707f:0xcb6cf6d5bdb04aed!8m2!3d43.5948793!4d-1.4533072!16s%2Fg%2F1tczx7_d!19sChIJf3AS_ohEUQ0R7UqwvdX2bMs?authuser=0&hl=fr&rclk=1
"Parc du Château-Cambacérès🌳, Saint Drézéry",4.6,,"Parc du Château-Cambacérès🌳, Saint Drézéry",,Saint-Drézéry+France,Parc aquatique,"https://www.google.com/maps/place/Parc+du+Ch%C3%A2teau-Cambac%C3%A9r%C3%A8s%F0%9F%8C%B3,+Saint+Dr%C3%A9z%C3%A9ry/data=!4m7!3m6!1s0x12b41d44606bad35:0x965cb30bf64e208a!8m2!3d43.7339621!4d3.98133!16s%2Fg%2F11g2zhrb6n!19sChIJNa1rYEQdtBIRiiBO9guzXJY?authuser=0&hl=fr&rclk=1"
Aquazone,4.5,,Aquazone,,Saint-Dos+France,Parc aquatique,https://www.google.com/maps/place/Aquazone/data=!4m7!3m6!1s0xd513e0de8265e47:0x432c8e4342c5dc0a!8m2!3d43.3440699!4d-1.5260338!16s%2Fg%2F11c3100g23!19sChIJR14m6A0-UQ0RCtzFQkOOLEM?authuser=0&hl=fr&rclk=1
Atlantic Park - Parc Aquatique - Seignosse,3.7,,Atlantic Park - Parc Aquatique - Seignosse,,Saint-Dos+France,Parc aquatique,https://www.google.com/maps/place/Atlantic+Park+-+Parc+Aquatique+-+Seignosse/data=!4m7!3m6!1s0xd515958115061bb:0x49353d2aee309d6e!8m2!3d43.7059219!4d-1.4340258!16s%2Fg%2F123655qy!19sChIJu2FQEVhZUQ0Rbp0w7io9NUk?authuser=0&hl=fr&rclk=1
Parc Aquasports - Stade d'Eaux Vives,4.5,,Parc Aquasports - Stade d'Eaux Vives,,Saint-Dos+France,Parc aquatique,https://www.google.com/maps/place/Parc+Aquasports+-+Stade+d%27Eaux+Vives/data=!4m7!3m6!1s0xd5649272e72f135:0xf09782292fcd98d8!8m2!3d43.2867724!4d-0.3589971!16s%2Fg%2F1tg_hcr9!19sChIJNfFyLidJVg0R2JjNLymCl_A?authuser=0&hl=fr&rclk=1
La Cave Margot,4.9,,La Cave Margot,,Mondoubleau+France,Hôtel avec spa,https://www.google.com/maps/place/La+Cave+Margot/data=!4m10!3m9!1s0x47e316bf9f54665f:0x6feb62f5df073399!5m2!4m1!1i2!8m2!3d47.8211734!4d0.8956257!16s%2Fg%2F1hjgmwj3h!19sChIJX2ZUn78W40cRmTMH3_Vi628?authuser=0&hl=fr&rclk=1
Centre Aquatique l'Hippocampe,4.0,,Centre Aquatique l'Hippocampe,,Bricqueville-sur-Mer+France,Parc aquatique,https://www.google.com/maps/place/Centre+Aquatique+l%27Hippocampe/data=!4m7!3m6!1s0x480c1ad8e0082739:0x8fd44ed00bfc7be3!8m2!3d48.8319393!4d-1.5780455!16s%2Fg%2F11cp7qw4dv!19sChIJOScI4NgaDEgR43v8C9BO1I8?authuser=0&hl=fr&rclk=1
Base de Loisirs d'Orthez-Biron,4.3,,Base de Loisirs d'Orthez-Biron,,Saint-Dos+France,Parc aquatique,https://www.google.com/maps/place/Base+de+Loisirs+d%27Orthez-Biron/data=!4m7!3m6!1s0xd56ed571769ae07:0xb029dc734910250!8m2!3d43.4733315!4d-0.7566522!16s%2Fg%2F1jkvnw15_!19sChIJB65pF1ftVg0RUAKRNMedAgs?authuser=0&hl=fr&rclk=1
Ferme de Gorgeat,4.8,,Ferme de Gorgeat,,Mondoubleau+France,Hôtel avec spa,https://www.google.com/maps/place/Ferme+de+Gorgeat/data=!4m10!3m9!1s0x47e36ca63e70f223:0xdecdb3070bef0731!5m2!4m1!1i2!8m2!3d47.841878!4d1.01197!16s%2Fg%2F1tdw7bhv!19sChIJI_JwPqZs40cRMQfvCwezzd4?authuser=0&hl=fr&rclk=1
Bid'a Parc,4.3,,Bid'a Parc,,Saint-Dos+France,Parc aquatique,https://www.google.com/maps/place/Bid%27a+Parc/data=!4m7!3m6!1s0xd5114433939ce99:0x67dbe153c3662c36!8m2!3d43.4326275!4d-1.5946633!16s%2Fg%2F1tgh8wpz!19sChIJmc45OUMUUQ0RNixmw1Ph22c?authuser=0&hl=fr&rclk=1
Ange Michel - Parc d'attractions,4.2,,Ange Michel - Parc d'attractions,,Bricqueville-sur-Mer+France,Parc aquatique,https://www.google.com/maps/place/Ange+Michel+-+Parc+d%27attractions/data=!4m7!3m6!1s0x4809500a49ec21e5:0x6d23af0aac5db2cc!8m2!3d48.5689665!4d-1.2027811!16s%2Fg%2F1tdclbmj!19sChIJ5SHsSQpQCUgRzLJdrAqvI20?authuser=0&hl=fr&rclk=1
Base de Loisirs du Faget,4.4,,Base de Loisirs du Faget,,Saint-Dos+France,Parc aquatique,https://www.google.com/maps/place/Base+de+Loisirs+du+Faget/data=!4m7!3m6!1s0xd56555113388a85:0xa6910be43fd895c5!8m2!3d43.2256063!4d-0.5698884!16s%2Fg%2F11vb_9fs20!19sChIJhYo4E1FVVg0RxZXYP-QLkaY?authuser=0&hl=fr&rclk=1
Ange Michel - Parc d'attractions,4.2,,Ange Michel - Parc d'attractions,,Bricqueville-la-Blouette+France,Parc aquatique,https://www.google.com/maps/place/Ange+Michel+-+Parc+d%27attractions/data=!4m7!3m6!1s0x4809500a49ec21e5:0x6d23af0aac5db2cc!8m2!3d48.5689665!4d-1.2027811!16s%2Fg%2F1tdclbmj!19sChIJ5SHsSQpQCUgRzLJdrAqvI20?authuser=0&hl=fr&rclk=1
Camping Château de Lez-Eaux,4.5,,Camping Château de Lez-Eaux,,Bricqueville-sur-Mer+France,Parc aquatique,https://www.google.com/maps/place/Camping+Ch%C3%A2teau+de+Lez-Eaux/data=!4m10!3m9!1s0x410be6215177af39:0x24926731ab3a1942!5m2!4m1!1i2!8m2!3d48.798038!4d-1.524191!16s%2Fg%2F11b5zqmvkq!19sChIJOa93USHmC0ERQhk6qzFnkiQ?authuser=0&hl=fr&rclk=1
Domaine du Lac,3.6,,Domaine du Lac,,Saint-Dos+France,Parc aquatique,https://www.google.com/maps/place/Domaine+du+Lac/data=!4m7!3m6!1s0xd56b459b0080b4d:0x334bb6bc01190391!8m2!3d43.5289977!4d-1.1692367!16s%2Fg%2F11g7zttfzg!19sChIJTQsIsFm0Vg0RkQMZAby2SzM?authuser=0&hl=fr&rclk=1
Camping Château de Lez-Eaux,4.5,,Camping Château de Lez-Eaux,,Bricqueville-la-Blouette+France,Parc aquatique,https://www.google.com/maps/place/Camping+Ch%C3%A2teau+de+Lez-Eaux/data=!4m10!3m9!1s0x410be6215177af39:0x24926731ab3a1942!5m2!4m1!1i2!8m2!3d48.798038!4d-1.524191!16s%2Fg%2F11b5zqmvkq!19sChIJOa93USHmC0ERQhk6qzFnkiQ?authuser=0&hl=fr&rclk=1
Hotel Spa Le Suisse,4.0,,Hotel Spa Le Suisse,,Saint-Donat+France,Hôtel avec spa,https://www.google.com/maps/place/Hotel+Spa+Le+Suisse/data=!4m10!3m9!1s0x4ccf622f18148bbb:0x4f0a97db2f5e532b!5m2!4m1!1i2!8m2!3d46.3197892!4d-74.2197019!16s%2Fg%2F11clw9pl4n!19sChIJu4sUGC9iz0wRK1NeL9uXCk8?authuser=0&hl=fr&rclk=1
Parc aquatique Aqua Mundo - Center Parcs Domaine Les Bois-Francs,4.0,,Parc aquatique Aqua Mundo - Center Parcs Domaine Les Bois-Francs,,Bricqueville-sur-Mer+France,Parc aquatique,https://www.google.com/maps/place/Parc+aquatique+Aqua+Mundo+-+Center+Parcs+Domaine+Les+Bois-Francs/data=!4m7!3m6!1s0x47e17d43a8ed690d:0xf300cd76ca0653ec!8m2!3d48.728902!4d0.840066!16s%2Fg%2F11cnmwmkff!19sChIJDWntqEN94UcR7FMGynbNAPM?authuser=0&hl=fr&rclk=1
ATLANTIC JUMP - Parc d'attractions sensationelles et Water Jump - SEIGNOSSE,3.4,,ATLANTIC JUMP - Parc d'attractions sensationelles et Water Jump - SEIGNOSSE,,Saint-Dos+France,Parc aquatique,https://www.google.com/maps/place/ATLANTIC+JUMP+-+Parc+d%27attractions+sensationelles+et+Water+Jump+-+SEIGNOSSE/data=!4m7!3m6!1s0xd5159bdc5327383:0x73e2d20bd50843b4!8m2!3d43.705936!4d-1.4346426!16s%2Fg%2F11nftc8wmz!19sChIJg3Myxb1ZUQ0RtEMI1QvS4nM?authuser=0&hl=fr&rclk=1
Château de Sully,4.3,,SponsoriséPar Booking.com,,Bricqueville+France,Hôtel avec spa,https://www.google.com/maps/place/Ch%C3%A2teau+de+Sully/data=!4m10!3m9!1s0x480bab72a2b22751:0x2fed53b3cded55aa!5m2!4m1!1i2!8m2!3d49.300885!4d-0.733057!16s%2Fg%2F1tk8m_4l!19sChIJUSeyonKrC0gRqlXtzbNT7S8?authuser=0&hl=fr&rclk=1
Bayeux Aventure,4.6,,Bayeux Aventure,,Bricqueville-sur-Mer+France,Parc aquatique,https://www.google.com/maps/place/Bayeux+Aventure/data=!4m7!3m6!1s0x480ba9404a9ebfb5:0x5fea7394d1e70ff6!8m2!3d49.287025!4d-0.765427!16s%2Fg%2F1hc1g8g53!19sChIJtb-eSkCpC0gR9g_n0ZRz6l8?authuser=0&hl=fr&rclk=1
Bayeux Aventure,4.6,,Bayeux Aventure,,Bricqueville-la-Blouette+France,Parc aquatique,https://www.google.com/maps/place/Bayeux+Aventure/data=!4m7!3m6!1s0x480ba9404a9ebfb5:0x5fea7394d1e70ff6!8m2!3d49.287025!4d-0.765427!16s%2Fg%2F1hc1g8g53!19sChIJtb-eSkCpC0gR9g_n0ZRz6l8?authuser=0&hl=fr&rclk=1
l' Aria,3.3,,l' Aria,,Saint-Donat+France,Hôtel avec spa,https://www.google.com/maps/place/l%27+Aria/data=!4m7!3m6!1s0x47f548d507dc1ecf:0x181a7b191c2328c3!8m2!3d45.1188889!4d4.9741667!16s%2Fg%2F1tdgzn59!19sChIJzx7cB9VI9UcRwygjHBl7Ghg?authuser=0&hl=fr&rclk=1
Centre aquatique l'Aquadick,4.2,,Centre aquatique l'Aquadick,,Bricqueville-sur-Mer+France,Parc aquatique,https://www.google.com/maps/place/Centre+aquatique+l%27Aquadick/data=!4m7!3m6!1s0x480b83310aaa5e9f:0xc0e9e4acd43a5f4f!8m2!3d49.3052242!4d-1.2380661!16s%2Fg%2F1hc4p983t!19sChIJn16qCjGDC0gRT1861Kzk6cA?authuser=0&hl=fr&rclk=1
Château de Sully,4.3,,Château de Sully,,Bricqueville+France,Hôtel avec spa,https://www.google.com/maps/place/Ch%C3%A2teau+de+Sully/data=!4m10!3m9!1s0x480bab6d83875981:0x2fed53b3cded55aa!5m2!4m1!1i2!8m2!3d49.300885!4d-0.733057!16s%2Fg%2F1tk8m_4l!19sChIJgVmHg22rC0gRqlXtzbNT7S8?authuser=0&hl=fr&rclk=1
Centre Aquatique Océalis,4.3,,Centre Aquatique Océalis,,Bricqueville-la-Blouette+France,Parc aquatique,https://www.google.com/maps/place/Centre+Aquatique+Oc%C3%A9alis/data=!4m7!3m6!1s0x480cea6201cc0f47:0x61b72532afdd1fe1!8m2!3d49.661343!4d-1.837484!16s%2Fg%2F113hgrdb8!19sChIJRw_MAWLqDEgR4R_drzIlt2E?authuser=0&hl=fr&rclk=1
EOLE Aventure,4.4,,EOLE Aventure,,Bricqueville-sur-Mer+France,Parc aquatique,https://www.google.com/maps/place/EOLE+Aventure/data=!4m7!3m6!1s0x480a6589a5f9f74d:0x73534d443e65a716!8m2!3d49.205516!4d-0.2256631!16s%2Fg%2F11b6dm_nqm!19sChIJTff5pYllCkgRFqdlPkRNU3M?authuser=0&hl=fr&rclk=1
Hôtel Mercure Omaha Beach,4.3,,Hôtel Mercure Omaha Beach,,Bricqueville+France,Hôtel avec spa,https://www.google.com/maps/place/H%C3%B4tel+Mercure+Omaha+Beach/data=!4m10!3m9!1s0x480baa67e11a8e5b:0xed6791d1a6e9c367!5m2!4m1!1i2!8m2!3d49.3411674!4d-0.768303!16s%2Fg%2F1thsf9mb!19sChIJW44a4WeqC0gRZ8PpptGRZ-0?authuser=0&hl=fr&rclk=1
Parc aquatique Aqua Mundo - Center Parcs Domaine Les Bois-Francs,4.0,,Parc aquatique Aqua Mundo - Center Parcs Domaine Les Bois-Francs,,Bricqueville-la-Blouette+France,Parc aquatique,https://www.google.com/maps/place/Parc+aquatique+Aqua+Mundo+-+Center+Parcs+Domaine+Les+Bois-Francs/data=!4m7!3m6!1s0x47e17d43a8ed690d:0xf300cd76ca0653ec!8m2!3d48.728902!4d0.840066!16s%2Fg%2F11cnmwmkff!19sChIJDWntqEN94UcR7FMGynbNAPM?authuser=0&hl=fr&rclk=1
Centre Aquatique Océalis,4.3,,Centre Aquatique Océalis,,Bricqueville-sur-Mer+France,Parc aquatique,https://www.google.com/maps/place/Centre+Aquatique+Oc%C3%A9alis/data=!4m7!3m6!1s0x480cea6201cc0f47:0x61b72532afdd1fe1!8m2!3d49.661343!4d-1.837484!16s%2Fg%2F113hgrdb8!19sChIJRw_MAWLqDEgR4R_drzIlt2E?authuser=0&hl=fr&rclk=1
Domaine Albizia Normandie,4.7,,Domaine Albizia Normandie,,Bricqueville+France,Hôtel avec spa,https://www.google.com/maps/place/Domaine+Albizia+Normandie/data=!4m10!3m9!1s0x480bb3ff6f35028f:0xdeec6b2648b0fdea!5m2!4m1!1i2!8m2!3d49.1210302!4d-0.7803102!16s%2Fg%2F11b6_nvtlb!19sChIJjwI1b_-zC0gR6v2wSCZr7N4?authuser=0&hl=fr&rclk=1
Camping Capfun - Route Blanche,4.1,,Camping Capfun - Route Blanche,,Bricqueville-sur-Mer+France,Parc aquatique,https://www.google.com/maps/place/Camping+Capfun+-+Route+Blanche/data=!4m10!3m9!1s0x480c0fffbb16074f:0xa8f36d19549fcfd8!5m2!4m1!1i2!8m2!3d48.869805!4d-1.563576!16s%2Fg%2F1vd3v5qd!19sChIJTwcWu_8PDEgR2M-fVBlt86g?authuser=0&hl=fr&rclk=1
Centre aquatique l'Aquadick,4.2,,Centre aquatique l'Aquadick,,Bricqueville-la-Blouette+France,Parc aquatique,https://www.google.com/maps/place/Centre+aquatique+l%27Aquadick/data=!4m7!3m6!1s0x480b83310aaa5e9f:0xc0e9e4acd43a5f4f!8m2!3d49.3052242!4d-1.2380661!16s%2Fg%2F1hc4p983t!19sChIJn16qCjGDC0gRT1861Kzk6cA?authuser=0&hl=fr&rclk=1
Domaine de la Fauvrière,4.9,,Domaine de la Fauvrière,,Bricqueville+France,Hôtel avec spa,https://www.google.com/maps/place/Domaine+de+la+Fauvri%C3%A8re/data=!4m10!3m9!1s0x480bb372df2c433b:0xc5e6361c331a4913!5m2!4m1!1i2!8m2!3d49.1300255!4d-0.7791621!16s%2Fg%2F11f6y3r5yb!19sChIJO0Ms33KzC0gRE0kaMxw25sU?authuser=0&hl=fr&rclk=1
Espace Aquatique Condé,4.1,,Espace Aquatique Condé,,Bricqueville-sur-Mer+France,Parc aquatique,https://www.google.com/maps/place/Espace+Aquatique+Cond%C3%A9/data=!4m7!3m6!1s0x480a2fb214be3963:0xadc8efe389a339c9!8m2!3d48.8507374!4d-0.5576866!16s%2Fg%2F1vzn4ytw!19sChIJYzm-FLIvCkgRyTmjiePvyK0?authuser=0&hl=fr&rclk=1
Base de loisirs du Lac Terre d'Auge à Pont-l'Evêque,4.1,,Base de loisirs du Lac Terre d'Auge à Pont-l'Evêque,,Bricqueville-la-Blouette+France,Parc aquatique,https://www.google.com/maps/place/Base+de+loisirs+du+Lac+Terre+d%27Auge+%C3%A0+Pont-l%27Ev%C3%AAque/data=!4m7!3m6!1s0x47e1cde6bda495bb:0xff60905e7b25b59d!8m2!3d49.273947!4d0.2037134!16s%2Fg%2F1tfs0bz8!19sChIJu5WkvebN4UcRnbUle16QYP8?authuser=0&hl=fr&rclk=1
La Part Des Anges,4.6,,La Part Des Anges,,Bricqueville+France,Hôtel avec spa,https://www.google.com/maps/place/La+Part+Des+Anges/data=!4m10!3m9!1s0x480ba5c2e6b31513:0x9d9cee7b39c38b97!5m2!4m1!1i2!8m2!3d49.2688159!4d-0.9002542!16s%2Fg%2F11bz_ytltp!19sChIJExWz5sKlC0gRl4vDOXvunJ0?authuser=0&hl=fr&rclk=1
La Cité de la Mer,4.5,,La Cité de la Mer,,Bricqueville-sur-Mer+France,Parc aquatique,https://www.google.com/maps/place/La+Cit%C3%A9+de+la+Mer/data=!4m7!3m6!1s0x480c9784fb40c891:0xd2fb44317db3cd59!8m2!3d49.6462527!4d-1.6179554!16zL20vMDhuYmpw!19sChIJkchA-4SXDEgRWc2zfTFE-9I?authuser=0&hl=fr&rclk=1
Aquaparc La Ferté Macé,3.8,,Aquaparc La Ferté Macé,,Bricqueville-sur-Mer+France,Parc aquatique,https://www.google.com/maps/place/Aquaparc+La+Fert%C3%A9+Mac%C3%A9/data=!4m7!3m6!1s0x48098d6720004e87:0xe39b89f4e6a4354f!8m2!3d48.5914681!4d-0.3701921!16s%2Fg%2F11sty88h1b!19sChIJh04AIGeNCUgRTzWk5vSJm-M?authuser=0&hl=fr&rclk=1
La Cité de la Mer,4.5,,La Cité de la Mer,,Bricqueville-la-Blouette+France,Parc aquatique,https://www.google.com/maps/place/La+Cit%C3%A9+de+la+Mer/data=!4m7!3m6!1s0x480c9784fb40c891:0xd2fb44317db3cd59!8m2!3d49.6462527!4d-1.6179554!16zL20vMDhuYmpw!19sChIJkchA-4SXDEgRWc2zfTFE-9I?authuser=0&hl=fr&rclk=1
Base de loisirs du Lac Terre d'Auge à Pont-l'Evêque,4.1,,Base de loisirs du Lac Terre d'Auge à Pont-l'Evêque,,Bricqueville-sur-Mer+France,Parc aquatique,https://www.google.com/maps/place/Base+de+loisirs+du+Lac+Terre+d%27Auge+%C3%A0+Pont-l%27Ev%C3%AAque/data=!4m7!3m6!1s0x47e1cde6bda495bb:0xff60905e7b25b59d!8m2!3d49.273947!4d0.2037134!16s%2Fg%2F1tfs0bz8!19sChIJu5WkvebN4UcRnbUle16QYP8?authuser=0&hl=fr&rclk=1
La Maison du Plaisir - Nuit Coquine et Spa privatif Isigny sur Mer,4.7,,La Maison du Plaisir - Nuit Coquine et Spa privatif Isigny sur Mer,,Bricqueville+France,Hôtel avec spa,https://www.google.com/maps/place/La+Maison+du+Plaisir+-+Nuit+Coquine+et+Spa+privatif+Isigny+sur+Mer/data=!4m10!3m9!1s0x480b9fb84db5956f:0x8d3f8f98160ec093!5m2!4m1!1i2!8m2!3d49.310825!4d-1.092844!16s%2Fg%2F11v_1bqmft!19sChIJb5W1TbifC0gRk8AOFpiPP40?authuser=0&hl=fr&rclk=1
Le Dôme,4.3,,Le Dôme,,Bricqueville-sur-Mer+France,Parc aquatique,https://www.google.com/maps/place/Le+D%C3%B4me/data=!4m7!3m6!1s0x47e17d69db837cbb:0x3f355f2ea5f3736c!8m2!3d48.7284774!4d0.8399143!16s%2Fg%2F11g8dk9ss1!19sChIJu3yD22l94UcRbHPzpS5fNT8?authuser=0&hl=fr&rclk=1
B&B les oiseaux de passage définitivement fermé,4.8,,B&B les oiseaux de passage définitivement fermé,,Bricqueville+France,Hôtel avec spa,https://www.google.com/maps/place/B%26B+les+oiseaux+de+passage+d%C3%A9finitivement+ferm%C3%A9/data=!4m10!3m9!1s0x480b9f1dc3e18ffd:0xcc651b0c2774ecb2!5m2!4m1!1i2!8m2!3d49.3052536!4d-1.0965671!16s%2Fg%2F124yc5b01!19sChIJ_Y_hwx2fC0gRsux0JwwbZcw?authuser=0&hl=fr&rclk=1
Parc Zoologique de Champrépus,4.5,,Parc Zoologique de Champrépus,,Bricqueville-sur-Mer+France,Parc aquatique,https://www.google.com/maps/place/Parc+Zoologique+de+Champr%C3%A9pus/data=!4m7!3m6!1s0x480bf99f93a6444d:0xbec7cbd690c6ad9d!8m2!3d48.8337223!4d-1.3239032!16s%2Fg%2F120ylh_y!19sChIJTUSmk5_5C0gRna3GkNbLx74?authuser=0&hl=fr&rclk=1
Aqua Garden,3.6,,Aqua Garden,,Bricqueville-sur-Mer+France,Parc aquatique,https://www.google.com/maps/place/Aqua+Garden/data=!4m7!3m6!1s0x47e1d79e37e25e19:0xf0558765538084f3!8m2!3d49.260775!4d0.0179115!16s%2Fg%2F11g1dvvqnk!19sChIJGV7iN57X4UcR84SAU2WHVfA?authuser=0&hl=fr&rclk=1
Les étoiles de baynes,5.0,,Les étoiles de baynes,,Bricqueville+France,Hôtel avec spa,https://www.google.com/maps/place/Les+%C3%A9toiles+de+baynes/data=!4m10!3m9!1s0x480ba577c76fe391:0xdb93043fb8e5ba3b!5m2!4m1!1i2!8m2!3d49.2097909!4d-0.9452603!16s%2Fg%2F11zd52zpbc!19sChIJkeNvx3elC0gRO7rluD8Ek9s?authuser=0&hl=fr&rclk=1
Toboggans et piscines camping,4.4,,Toboggans et piscines camping,,Bricqueville-sur-Mer+France,Parc aquatique,https://www.google.com/maps/place/Toboggans+et+piscines+camping/data=!4m7!3m6!1s0x480a7f9f52c2cd6f:0xd25da77f32698603!8m2!3d49.2925817!4d-0.0660926!16s%2Fg%2F11rsh7qblz!19sChIJb83CUp9_CkgRA4ZpMn-nXdI?authuser=0&hl=fr&rclk=1
Le Clos d'Omaha,5.0,,Le Clos d'Omaha,,Bricqueville+France,Hôtel avec spa,https://www.google.com/maps/place/Le+Clos+d%27Omaha/data=!4m10!3m9!1s0x480b09329ec94551:0xbed5a23a11178637!5m2!4m1!1i2!8m2!3d49.3872652!4d-0.9360815!16s%2Fg%2F11vzq0h898!19sChIJUUXJnjIJC0gRN4YXETqi1b4?authuser=0&hl=fr&rclk=1
Pôle aquatique du Pays de Luxeuil,3.0,,Pôle aquatique du Pays de Luxeuil,,Fontaine-lès-Luxeuil+France,Parc aquatique,https://www.google.com/maps/place/P%C3%B4le+aquatique+du+Pays+de+Luxeuil/data=!4m7!3m6!1s0x479257005b9a3873:0xd1d9f02682f2daa3!8m2!3d47.81102!4d6.3563546!16s%2Fg%2F11nqz2wr_q!19sChIJcziaWwBXkkcRo9rygibw2dE?authuser=0&hl=fr&rclk=1
Aquaboulevard de Paris,3.7,,Aquaboulevard de Paris,,Bricqueville-sur-Mer+France,Parc aquatique,https://www.google.com/maps/place/Aquaboulevard+de+Paris/data=!4m7!3m6!1s0x47e6718b1fbcd4fd:0xa7968d889eb5402a!8m2!3d48.8318042!4d2.2762627!16s%2Fg%2F120hhrtz!19sChIJ_dS8H4tx5kcRKkC1noiNlqc?authuser=0&hl=fr&rclk=1
aquajump27,4.3,,aquajump27,,Bricqueville-sur-Mer+France,Parc aquatique,https://www.google.com/maps/place/aquajump27/data=!4m7!3m6!1s0x47e1277fb4efb353:0xa9de3b3f2137dc1e!8m2!3d49.3017272!4d1.2148916!16s%2Fg%2F11np3mrkks!19sChIJU7PvtH8n4UcRHtw3IT873qk?authuser=0&hl=fr&rclk=1
Ludolac,3.8,,Ludolac,,Fontaine-lès-Luxeuil+France,Parc aquatique,https://www.google.com/maps/place/Ludolac/data=!4m7!3m6!1s0x4792ed64c5a9c3ef:0x1231fad180e76307!8m2!3d47.629659!4d6.1246246!16s%2Fg%2F1wzt199_!19sChIJ78OpxWTtkkcRB2PngNH6MRI?authuser=0&hl=fr&rclk=1
"Belambra Clubs ""Omaha Beach""",3.8,,"Belambra Clubs ""Omaha Beach""",,Bricqueville+France,Hôtel avec spa,https://www.google.com/maps/place/Belambra+Clubs+%22Omaha+Beach%22/data=!4m10!3m9!1s0x480ba829191e75d9:0xa0dd5499da5c5800!5m2!4m1!1i2!8m2!3d49.358916!4d-0.840944!16s%2Fg%2F1tf5k0dv!19sChIJ2XUeGSmoC0gRAFhc2plU3aA?authuser=0&hl=fr&rclk=1
Centre aqualudique en Pays d' Auge,2.6,,Centre aqualudique en Pays d' Auge,,Bricqueville-sur-Mer+France,Parc aquatique,https://www.google.com/maps/place/Centre+aqualudique+en+Pays+d%27+Auge/data=!4m7!3m6!1s0x480a7d007c4810ed:0x62e49f7123ca7ed2!8m2!3d49.285176!4d-0.1239177!16s%2Fg%2F11y67pcp6x!19sChIJ7RBIfAB9CkgR0n7KI3Gf5GI?authuser=0&hl=fr&rclk=1
Aqua Bubble Boom Brognard,4.5,,Aqua Bubble Boom Brognard,,Fontaine-lès-Luxeuil+France,Parc aquatique,https://www.google.com/maps/place/Aqua+Bubble+Boom+Brognard/data=!4m7!3m6!1s0x4792171b6c1854ad:0xb1127f95cac6c50b!8m2!3d47.5299008!4d6.8566597!16s%2Fg%2F11fll51rn7!19sChIJrVQYbBsXkkcRC8XGypV_ErE?authuser=0&hl=fr&rclk=1
Aquafly,4.4,,Aquafly,,Fontaine-lès-Luxeuil+France,Parc aquatique,https://www.google.com/maps/place/Aquafly/data=!4m7!3m6!1s0x4793b592c462ee4b:0x1ef97aea022754de!8m2!3d47.9514789!4d6.7536738!16s%2Fg%2F11fhng54g4!19sChIJS-5ixJK1k0cR3lQnAup6-R4?authuser=0&hl=fr&rclk=1
EOLE Aventure,4.4,,EOLE Aventure,,Bricqueville-la-Blouette+France,Parc aquatique,https://www.google.com/maps/place/EOLE+Aventure/data=!4m7!3m6!1s0x480a6589a5f9f74d:0x73534d443e65a716!8m2!3d49.205516!4d-0.2256631!16s%2Fg%2F11b6dm_nqm!19sChIJTff5pYllCkgRFqdlPkRNU3M?authuser=0&hl=fr&rclk=1
Parc de La praille,4.5,,Parc de La praille,,Fontaine-lès-Luxeuil+France,Parc aquatique,https://www.google.com/maps/place/Parc+de+La+praille/data=!4m7!3m6!1s0x47924f348a5f7e15:0x367aa359fbf4d0b!8m2!3d47.7552814!4d6.5988977!16s%2Fg%2F11mpcl2vb5!19sChIJFX5fijRPkkcRC02_nzWqZwM?authuser=0&hl=fr&rclk=1
Aquaparc La Ferté Macé,3.8,,Aquaparc La Ferté Macé,,Bricqueville-la-Blouette+France,Parc aquatique,https://www.google.com/maps/place/Aquaparc+La+Fert%C3%A9+Mac%C3%A9/data=!4m7!3m6!1s0x48098d6720004e87:0xe39b89f4e6a4354f!8m2!3d48.5914681!4d-0.3701921!16s%2Fg%2F11sty88h1b!19sChIJh04AIGeNCUgRTzWk5vSJm-M?authuser=0&hl=fr&rclk=1
Parc thermal,5.0,,Parc thermal,,Fontaine-lès-Luxeuil+France,Parc aquatique,https://www.google.com/maps/place/Parc+thermal/data=!4m7!3m6!1s0x479257007a5a2a8f:0x786bbff4e829b53a!8m2!3d47.8201167!4d6.3772106!16s%2Fg%2F11x0n8gtv6!19sChIJjypaegBXkkcROrUp6PS_a3g?authuser=0&hl=fr&rclk=1
Espace Aquatique Condé,4.1,,Espace Aquatique Condé,,Bricqueville-la-Blouette+France,Parc aquatique,https://www.google.com/maps/place/Espace+Aquatique+Cond%C3%A9/data=!4m7!3m6!1s0x480a2fb214be3963:0xadc8efe389a339c9!8m2!3d48.8507374!4d-0.5576866!16s%2Fg%2F1vzn4ytw!19sChIJYzm-FLIvCkgRyTmjiePvyK0?authuser=0&hl=fr&rclk=1
Aquaboulevard de Paris,3.7,,Aquaboulevard de Paris,,Bricqueville-la-Blouette+France,Parc aquatique,https://www.google.com/maps/place/Aquaboulevard+de+Paris/data=!4m7!3m6!1s0x47e6718b1fbcd4fd:0xa7968d889eb5402a!8m2!3d48.8318042!4d2.2762627!16s%2Fg%2F120hhrtz!19sChIJ_dS8H4tx5kcRKkC1noiNlqc?authuser=0&hl=fr&rclk=1
Thermes de Luxeuil-les-Bains,4.2,,Thermes de Luxeuil-les-Bains,,Fontaine-lès-Luxeuil+France,Parc aquatique,https://www.google.com/maps/place/Thermes+de+Luxeuil-les-Bains/data=!4m10!3m9!1s0x4792560be5a65763:0xf277bfd34a33fff8!5m2!4m1!1i2!8m2!3d47.8206642!4d6.3770605!16s%2Fg%2F1tczcttj!19sChIJY1em5QtWkkcR-P8zStO_d_I?authuser=0&hl=fr&rclk=1
Le Dôme,4.3,,Le Dôme,,Bricqueville-la-Blouette+France,Parc aquatique,https://www.google.com/maps/place/Le+D%C3%B4me/data=!4m7!3m6!1s0x47e17d69db837cbb:0x3f355f2ea5f3736c!8m2!3d48.7284774!4d0.8399143!16s%2Fg%2F11g8dk9ss1!19sChIJu3yD22l94UcRbHPzpS5fNT8?authuser=0&hl=fr&rclk=1
Terrain de jeux des thermes,3.6,,Terrain de jeux des thermes,,Fontaine-lès-Luxeuil+France,Parc aquatique,https://www.google.com/maps/place/Terrain+de+jeux+des+thermes/data=!4m7!3m6!1s0x4792560bd47b4379:0x5368494d40c193cd!8m2!3d47.8215215!4d6.3763213!16s%2Fg%2F11gh3c2y69!19sChIJeUN71AtWkkcRzZPBQE1JaFM?authuser=0&hl=fr&rclk=1
Complexe aquatique des Jardins de l'Etang,4.0,,Complexe aquatique des Jardins de l'Etang,,Fontaine-lès-Luxeuil+France,Parc aquatique,https://www.google.com/maps/place/Complexe+aquatique+des+Jardins+de+l%27Etang/data=!4m7!3m6!1s0x4792950b0eb17205:0x728af9a7f0e5b755!8m2!3d47.573345!4d5.9545009!16s%2Fg%2F11by_n9k3y!19sChIJBXKxDguVkkcRVbfl8Kf5inI?authuser=0&hl=fr&rclk=1
Centre aquatique O'CAPE - Bien-être & Forme,3.9,,Centre aquatique O'CAPE - Bien-être & Forme,,Bricqueville-la-Blouette+France,Parc aquatique,https://www.google.com/maps/place/Centre+aquatique+O%27CAPE+-+Bien-%C3%AAtre+%26+Forme/data=!4m7!3m6!1s0x47e0d9006d41ff7f:0xe77523760c48a4c7!8m2!3d49.3978796!4d1.1588899!16s%2Fg%2F11xrm_95t0!19sChIJf_9BbQDZ4EcRx6RIDHYjdec?authuser=0&hl=fr&rclk=1
Complexe aquatique de Dampierre sur Linotte,4.1,,Complexe aquatique de Dampierre sur Linotte,,Fontaine-lès-Luxeuil+France,Parc aquatique,https://www.google.com/maps/place/Complexe+aquatique+de+Dampierre+sur+Linotte/data=!4m7!3m6!1s0x479289655e9bd397:0x838fc7eeb5d3e89b!8m2!3d47.507862!4d6.2286753!16s%2Fg%2F11cm8dzb3r!19sChIJl9ObXmWJkkcRm-jTte7Hj4M?authuser=0&hl=fr&rclk=1
Parc Zoologique de Champrépus,4.5,,Parc Zoologique de Champrépus,,Bricqueville-la-Blouette+France,Parc aquatique,https://www.google.com/maps/place/Parc+Zoologique+de+Champr%C3%A9pus/data=!4m7!3m6!1s0x480bf99f93a6444d:0xbec7cbd690c6ad9d!8m2!3d48.8337223!4d-1.3239032!16s%2Fg%2F120ylh_y!19sChIJTUSmk5_5C0gRna3GkNbLx74?authuser=0&hl=fr&rclk=1
Piscine de Coutances,3.8,,Piscine de Coutances,,Bricqueville-la-Blouette+France,Parc aquatique,https://www.google.com/maps/place/Piscine+de+Coutances/data=!4m7!3m6!1s0x480c74dd0dfcb7f7:0xf2a2766be8f5a3ac!8m2!3d49.0498941!4d-1.453872!16s%2Fg%2F1tr7c5_t!19sChIJ97f8Dd10DEgRrKP16Gt2ovI?authuser=0&hl=fr&rclk=1
aquajump27,4.3,,aquajump27,,Bricqueville-la-Blouette+France,Parc aquatique,https://www.google.com/maps/place/aquajump27/data=!4m7!3m6!1s0x47e1277fb4efb353:0xa9de3b3f2137dc1e!8m2!3d49.3017272!4d1.2148916!16s%2Fg%2F11np3mrkks!19sChIJU7PvtH8n4UcRHtw3IT873qk?authuser=0&hl=fr&rclk=1
Forest Adventure,4.0,,Forest Adventure,,Bricqueville-la-Blouette+France,Parc aquatique,https://www.google.com/maps/place/Forest+Adventure/data=!4m7!3m6!1s0x480c876aee82fe5b:0x5497a27876d8675c!8m2!3d49.376469!4d-1.527786!16s%2Fg%2F1tfrr9cg!19sChIJW_6C7mqHDEgRXGfYdniil1Q?authuser=0&hl=fr&rclk=1
Centre aquatique La Piscine,3.9,,Centre aquatique La Piscine,,Bricqueville-la-Blouette+France,Parc aquatique,https://www.google.com/maps/place/Centre+aquatique+La+Piscine/data=!4m7!3m6!1s0x47e06b6d63d4b387:0xa893fe1f92f26ba0!8m2!3d49.7542609!4d0.3870957!16s%2Fg%2F1tdj3hg2!19sChIJh7PUY21r4EcRoGvykh_-k6g?authuser=0&hl=fr&rclk=1
Mairie de Bricqueville-la-Blouette,4.6,,Mairie de Bricqueville-la-Blouette,,Bricqueville-la-Blouette+France,Parc aquatique,https://www.google.com/maps/place/Mairie+de+Bricqueville-la-Blouette/data=!4m7!3m6!1s0x480c74ac4604d829:0x70d426ede639fd7b!8m2!3d49.035643!4d-1.476629!16s%2Fg%2F1tfkkkl2!19sChIJKdgERqx0DEgRe_055u0m1HA?authuser=0&hl=fr&rclk=1
WAVE ISLAND,3.3,,WAVE ISLAND,,Mondragon+France,Parc aquatique,https://www.google.com/maps/place/WAVE+ISLAND/data=!4m7!3m6!1s0x12b58c85f8a9d91b:0xd65402beb9af534a!8m2!3d44.0209685!4d4.9653771!16s%2Fg%2F11hcf1t5rc!19sChIJG9mp-IWMtRIRSlOvub4CVNY?authuser=0&hl=fr&rclk=1
Aquabase Apt,4.7,,Aquabase Apt,,Mondragon+France,Parc aquatique,https://www.google.com/maps/place/Aquabase+Apt/data=!4m7!3m6!1s0x12ca17dbbd5f3a7f:0x54c6d1c38c58b5e7!8m2!3d43.8911609!4d5.3771882!16s%2Fg%2F11svlmxf0q!19sChIJfzpfvdsXyhIR57VYjMPRxlQ?authuser=0&hl=fr&rclk=1
Espace Aquatique Intercommunal de Bollène,4.2,,Espace Aquatique Intercommunal de Bollène,,Mondragon+France,Parc aquatique,https://www.google.com/maps/place/Espace+Aquatique+Intercommunal+de+Boll%C3%A8ne/data=!4m7!3m6!1s0x12b59fdc24c2a5c9:0x82f56553e1b22a28!8m2!3d44.2745056!4d4.7443366!16s%2Fg%2F11xc0q835!19sChIJyaXCJNyftRIRKCqy4VNl9YI?authuser=0&hl=fr&rclk=1
Parc Amazonia,3.2,,Parc Amazonia,,Mondragon+France,Parc aquatique,https://www.google.com/maps/place/Parc+Amazonia/data=!4m7!3m6!1s0x12b595d4a9244703:0xc2462f3a3415d42a!8m2!3d44.0682798!4d4.7686634!16s%2Fg%2F1tkrc2xs!19sChIJA0ckqdSVtRIRKtQVNDovRsI?authuser=0&hl=fr&rclk=1
Kid's Paradise,4.4,,Kid's Paradise,,Mondragon+France,Parc aquatique,https://www.google.com/maps/place/Kid%27s+Paradise/data=!4m7!3m6!1s0x12b5d212d3507c01:0x21c882efb12a9247!8m2!3d43.8459667!4d4.4591981!16s%2Fg%2F1tfsq1mv!19sChIJAXxQ0xLStRIRR5Iqse-CyCE?authuser=0&hl=fr&rclk=1
Parc Spirou Provence,4.2,,Parc Spirou Provence,,Mondragon+France,Parc aquatique,https://www.google.com/maps/place/Parc+Spirou+Provence/data=!4m7!3m6!1s0x12b58c8449e50b25:0xd92a4b1f1faf16b7!8m2!3d44.0207643!4d4.9701286!16s%2Fg%2F11b72sfrnl!19sChIJJQvlSYSMtRIRtxavHx9LKtk?authuser=0&hl=fr&rclk=1
Paradis Kids - Anduze,4.2,,Paradis Kids - Anduze,,Mondragon+France,Parc aquatique,https://www.google.com/maps/place/Paradis+Kids+-+Anduze/data=!4m7!3m6!1s0x12b46dd52efa2709:0x38486aa60379ad62!8m2!3d44.0485225!4d3.9877501!16s%2Fg%2F11g196pwdg!19sChIJCSf6LtVttBIRYq15A6ZqSDg?authuser=0&hl=fr&rclk=1
Camping Capfun - Beauregard,3.9,,Camping Capfun - Beauregard,,Mondragon+France,Parc aquatique,https://www.google.com/maps/place/Camping+Capfun+-+Beauregard/data=!4m10!3m9!1s0x12b5988332fe9e2f:0xc297536d35b60456!5m2!4m1!1i2!8m2!3d44.2152902!4d4.7457779!16s%2Fg%2F11g72mr0qk!19sChIJL57-MoOYtRIRVgS2NW1Tl8I?authuser=0&hl=fr&rclk=1
Base de Loisirs du Plan d'eau,4.0,,Base de Loisirs du Plan d'eau,,Mondragon+France,Parc aquatique,https://www.google.com/maps/place/Base+de+Loisirs+du+Plan+d%27eau/data=!4m7!3m6!1s0x12ca1609f6528b33:0x8036cef77c901bac!8m2!3d43.8923683!4d5.3776168!16s%2Fg%2F11dxddfn6d!19sChIJM4tS9gkWyhIRrBuQfPfONoA?authuser=0&hl=fr&rclk=1
Slidesparc,4.3,,Slidesparc,,Saint-Donat-sur-l'Herbasse+France,Parc aquatique,https://www.google.com/maps/place/Slidesparc/data=!4m7!3m6!1s0x47f54726b5f33711:0xeb894e0ea847cd7!8m2!3d45.1757396!4d4.883282!16s%2Fg%2F11h6rr_jnq!19sChIJETfztSZH9UcR13yE6uCUuA4?authuser=0&hl=fr&rclk=1
Parc aquatique Aqua Mundo - Center Parcs Domaine Les Bois-Francs,4.0,,Parc aquatique Aqua Mundo - Center Parcs Domaine Les Bois-Francs,,Mondragon+France,Parc aquatique,https://www.google.com/maps/place/Parc+aquatique+Aqua+Mundo+-+Center+Parcs+Domaine+Les+Bois-Francs/data=!4m7!3m6!1s0x47e17d43a8ed690d:0xf300cd76ca0653ec!8m2!3d48.728902!4d0.840066!16s%2Fg%2F11cnmwmkff!19sChIJDWntqEN94UcR7FMGynbNAPM?authuser=0&hl=fr&rclk=1
Aquaparc Bases de Loisirs,4.0,,Aquaparc Bases de Loisirs,,Saint-Donat-sur-l'Herbasse+France,Parc aquatique,https://www.google.com/maps/place/Aquaparc+Bases+de+Loisirs/data=!4m7!3m6!1s0x47f547b77dac6785:0xc62ba156241ed609!8m2!3d45.174253!4d4.883139!16s%2Fg%2F11gzs6w23x!19sChIJhWesfbdH9UcRCdYeJFahK8Y?authuser=0&hl=fr&rclk=1
Delta Water Park,4.6,,Delta Water Park,,Saint-Donat-sur-l'Herbasse+France,Parc aquatique,https://www.google.com/maps/place/Delta+Water+Park/data=!4m7!3m6!1s0x12caba93ffffffff:0x9137f7058a0a119b!8m2!3d44.7113518!4d5.265274!16s%2Fg%2F11fxb8jy90!19sChIJ_____5O6yhIRmxEKigX3N5E?authuser=0&hl=fr&rclk=1
Centre Aquatique Pertuis Durance Luberon,4.2,,Centre Aquatique Pertuis Durance Luberon,,Mondragon+France,Parc aquatique,https://www.google.com/maps/place/Centre+Aquatique+Pertuis+Durance+Luberon/data=!4m7!3m6!1s0x12ca27a8543d1573:0xa5a5614fd545832d!8m2!3d43.6889076!4d5.5221405!16s%2Fg%2F11g_dp822!19sChIJcxU9VKgnyhIRLYNF1U9hpaU?authuser=0&hl=fr&rclk=1
Camping du domaine du Lac de Champos,4.2,,Camping du domaine du Lac de Champos,,Saint-Donat-sur-l'Herbasse+France,Parc aquatique,https://www.google.com/maps/place/Camping+du+domaine+du+Lac+de+Champos/data=!4m7!3m6!1s0x47f5492e37849b65:0x2bee030b58fcedf1!8m2!3d45.1325535!4d5.0038433!16s%2Fg%2F1tw_mlbk!19sChIJZZuENy5J9UcR8e38WAsD7is?authuser=0&hl=fr&rclk=1
Parc de Loisirs Aquatiques Nyonsoleïado,4.3,,Parc de Loisirs Aquatiques Nyonsoleïado,,Saint-Donat-sur-l'Herbasse+France,Parc aquatique,https://www.google.com/maps/place/Parc+de+Loisirs+Aquatiques+Nyonsole%C3%AFado/data=!4m7!3m6!1s0x12ca815594201e91:0x44eab7db400a0393!8m2!3d44.3586957!4d5.1391348!16s%2Fg%2F12q4wz4j0!19sChIJkR4glFWByhIRkwMKQNu36kQ?authuser=0&hl=fr&rclk=1
parc aquatique Splash world by Magic Park Land,5.0,,parc aquatique Splash world by Magic Park Land,,Mondragon+France,Parc aquatique,https://www.google.com/maps/place/parc+aquatique+Splash+world+by+Magic+Park+Land/data=!4m7!3m6!1s0x12c9dd5bb7c78a4b:0xe46b3c419b5a85a6!8m2!3d43.3644892!4d5.1891064!16s%2Fg%2F11xfg0fhrg!19sChIJS4rHt1vdyRIRpoVam0E8a-Q?authuser=0&hl=fr&rclk=1
La Forêt des Champos | Parc d'attractions nature,4.6,,La Forêt des Champos | Parc d'attractions nature,,Saint-Donat-sur-l'Herbasse+France,Parc aquatique,https://www.google.com/maps/place/La+For%C3%AAt+des+Champos+%7C+Parc+d%27attractions+nature/data=!4m7!3m6!1s0x47f5497ee3a78371:0x1b2b6b3b3f178771!8m2!3d45.13639!4d5.004837!16s%2Fg%2F11wjw1_n5f!19sChIJcYOn435J9UcRcYcXPztrKxs?authuser=0&hl=fr&rclk=1
Espace baignade et loisirs domaine du lac de Champos,4.7,,Espace baignade et loisirs domaine du lac de Champos,,Saint-Donat-sur-l'Herbasse+France,Parc aquatique,https://www.google.com/maps/place/Espace+baignade+et+loisirs+domaine+du+lac+de+Champos/data=!4m7!3m6!1s0x47f549b12bef1f95:0x8d854d856d95fb0f!8m2!3d45.1343955!4d5.009668!16s%2Fg%2F11n4n97r08!19sChIJlR_vK7FJ9UcRD_uVbYVNhY0?authuser=0&hl=fr&rclk=1
Château d'air location,5.0,,Château d'air location,,Saint-Donat-sur-l'Herbasse+France,Parc aquatique,https://www.google.com/maps/place/Ch%C3%A2teau+d%27air+location/data=!4m7!3m6!1s0x47f54ef28bf163ff:0xba5a1f7af6acb6b6!8m2!3d45.0867959!4d4.9869776!16s%2Fg%2F11c6rwqww1!19sChIJ_2Pxi_JO9UcRtras9nofWro?authuser=0&hl=fr&rclk=1
Le Monde de Merlin Aquapark,4.1,,Le Monde de Merlin Aquapark,,Mondragon+France,Parc aquatique,https://www.google.com/maps/place/Le+Monde+de+Merlin+Aquapark/data=!4m7!3m6!1s0x47f55989cad12705:0xd1677efcb37201b0!8m2!3d44.969692!4d4.877517!16s%2Fg%2F11b7q316l0!19sChIJBSfRyolZ9UcRsAFys_x-Z9E?authuser=0&hl=fr&rclk=1
Aqualand St-Cyr-Sur-Mer | Parc Aquatique,3.3,,Aqualand St-Cyr-Sur-Mer | Parc Aquatique,,Saint-Donat-sur-l'Herbasse+France,Parc aquatique,https://www.google.com/maps/place/Aqualand+St-Cyr-Sur-Mer+%7C+Parc+Aquatique/data=!4m7!3m6!1s0x12c9a87a4868a82f:0x4a07dc2b90f6a00f!8m2!3d43.184662!4d5.694891!16s%2Fg%2F1td811s1!19sChIJL6hoSHqoyRIRD6D2kCvcB0o?authuser=0&hl=fr&rclk=1
Parc Saint-Donat,3.9,,Parc Saint-Donat,,Saint-Donat-sur-l'Herbasse+France,Parc aquatique,https://www.google.com/maps/place/Parc+Saint-Donat/data=!4m7!3m6!1s0x47f5492e0f96d5cb:0x8b7af41aa96914b4!8m2!3d45.1210841!4d4.984582!16s%2Fg%2F11g021s8v5!19sChIJy9WWDy5J9UcRtBRpqRr0eos?authuser=0&hl=fr&rclk=1
Aquasplash,3.2,,Aquasplash,,Mondragon+France,Parc aquatique,https://www.google.com/maps/place/Aquasplash/data=!4m7!3m6!1s0x12cdd4e53094e195:0x3231a5821eee6141!8m2!3d43.615356!4d7.124161!16s%2Fg%2F12hmcfpvc!19sChIJleGUMOXUzRIRQWHuHoKlMTI?authuser=0&hl=fr&rclk=1
BOLLENE AVENTURE ACCROBRANCHE,4.8,,BOLLENE AVENTURE ACCROBRANCHE,,Mondragon+France,Parc aquatique,https://www.google.com/maps/place/BOLLENE+AVENTURE+ACCROBRANCHE/data=!4m7!3m6!1s0x12b59e23d3310839:0x216c1f6157d9d2f4!8m2!3d44.294081!4d4.787256!16s%2Fg%2F11cmfhmrbb!19sChIJOQgx0yOetRIR9NLZV2EfbCE?authuser=0&hl=fr&rclk=1
Ventoux Aventure,4.7,,Ventoux Aventure,,Mondragon+France,Parc aquatique,https://www.google.com/maps/place/Ventoux+Aventure/data=!4m7!3m6!1s0x12ca71973a4850bf:0x5a089e66664e7f2!8m2!3d44.0688243!4d5.1972826!16s%2Fg%2F1tjvt34x!19sChIJv1BIOpdxyhIR8udkZuaJoAU?authuser=0&hl=fr&rclk=1
Mondoubleau,,,Mondoubleau,,Mondoubleau+France,Centre thermal,https://www.google.com/maps/place/Mondoubleau/data=!4m7!3m6!1s0x47e30ec17bce219b:0x1b2bd53ffa96032d!8m2!3d47.98072!4d0.894563!16s%2Fm%2F03nw0nl!19sChIJmyHOe8EO40cRLQOW-j_VKxs?authuser=0&hl=fr&rclk=1
Camping la Pinéde en Provence,3.9,,Camping la Pinéde en Provence,,Mondragon+France,Parc aquatique,https://www.google.com/maps/place/Camping+la+Pin%C3%A9de+en+Provence/data=!4m10!3m9!1s0x12b5a1eedfdc795d:0xdf8ad01cc095bbc5!5m2!4m1!1i2!8m2!3d44.2434742!4d4.7290058!16s%2Fg%2F1tt5p42r!19sChIJXXnc3-6htRIRxbuVwBzQit8?authuser=0&hl=fr&rclk=1
Parc aquatique monteux,3.8,,Parc aquatique monteux,,Mondragon+France,Parc aquatique,https://www.google.com/maps/place/Parc+aquatique+monteux/data=!4m7!3m6!1s0x12b58d9ba876a193:0xb43564f6313ab1f1!8m2!3d44.0227595!4d4.9679657!16s%2Fg%2F11r9f6pwyq!19sChIJk6F2qJuNtRIR8bE6MfZkNbQ?authuser=0&hl=fr&rclk=1
La Maison de Rhodes Hôtel & Spa 5 étoiles,4.5,,SponsoriséPar Expedia.fr,,Fontaine-les-Grès+France,Hôtel avec spa,https://www.google.com/maps/place/La+Maison+de+Rhodes+H%C3%B4tel+%26+Spa+5+%C3%A9toiles/data=!4m10!3m9!1s0x47ee98f104f15531:0xf11278f6d7c52191!5m2!4m1!1i2!8m2!3d48.29952!4d4.081809!16s%2Fg%2F1tf86dxd!19sChIJMVXxBPGY7kcRkSHF1_Z4EvE?authuser=0&hl=fr&rclk=1
Secretariat desThermes d'Aulus-les-Bains,3.3,,Secretariat desThermes d'Aulus-les-Bains,,Mondouzil+France,Centre thermal,https://www.google.com/maps/place/Secretariat+desThermes+d%27Aulus-les-Bains/data=!4m7!3m6!1s0x12af48dadfc14991:0x10a9b918cf3622ae!8m2!3d42.7908405!4d1.3345257!16s%2Fg%2F11q4jxn2px!19sChIJkUnB39pIrxIRriI2zxi5qRA?authuser=0&hl=fr&rclk=1
"NICEY - Hôtel Spa, Coworking",4.4,,"NICEY - Hôtel Spa, Coworking",,Fontaine-les-Grès+France,Hôtel avec spa,"https://www.google.com/maps/place/NICEY+-+H%C3%B4tel+Spa,+Coworking/data=!4m10!3m9!1s0x47eecf98dfed7a09:0x37806100bd31c514!5m2!4m1!1i2!8m2!3d48.5160904!4d3.7301126!16s%2Fg%2F1trcfrvm!19sChIJCXrt35jP7kcRFMUxvQBhgDc?authuser=0&hl=fr&rclk=1"
Thermes d'Ussat-les-Bains,4.5,,Thermes d'Ussat-les-Bains,,Mondouzil+France,Centre thermal,https://www.google.com/maps/place/Thermes+d%27Ussat-les-Bains/data=!4m7!3m6!1s0x12af6cf05e078671:0x1702ba0ea54bf78b!8m2!3d42.8221208!4d1.6233741!16s%2Fg%2F11b6d4cnn0!19sChIJcYYHXvBsrxIRi_dLpQ66Ahc?authuser=0&hl=fr&rclk=1
La Licorne Hotel & Spa Troyes MGallery,4.5,,La Licorne Hotel & Spa Troyes MGallery,,Fontaine-les-Grès+France,Hôtel avec spa,https://www.google.com/maps/place/La+Licorne+Hotel+%26+Spa+Troyes+MGallery/data=!4m10!3m9!1s0x47ee9930fa8e61ed:0x2fe5ce028f015735!5m2!4m1!1i2!8m2!3d48.2993036!4d4.076871!16s%2Fg%2F11sc3kg646!19sChIJ7WGO-jCZ7kcRNVcBjwLO5S8?authuser=0&hl=fr&rclk=1
Les Bains du Couloubret,4.2,,Les Bains du Couloubret,,Mondouzil+France,Centre thermal,https://www.google.com/maps/place/Les+Bains+du+Couloubret/data=!4m7!3m6!1s0x12af9d64dbaa51d3:0x6693a24cbdd595e7!8m2!3d42.7212912!4d1.8392512!16s%2Fg%2F1tk40hm0!19sChIJ01Gq22SdrxIR55XVvUyik2Y?authuser=0&hl=fr&rclk=1
Best Western Premier Hôtel De La Poste Troyes & Spa Nuxe,4.6,,Best Western Premier Hôtel De La Poste Troyes & Spa Nuxe,,Fontaine-les-Grès+France,Hôtel avec spa,https://www.google.com/maps/place/Best+Western+Premier+H%C3%B4tel+De+La+Poste+Troyes+%26+Spa+Nuxe/data=!4m10!3m9!1s0x47ee98f78724e19d:0x9c5cbcf4f3da1fd9!5m2!4m1!1i2!8m2!3d48.2969274!4d4.0758814!16s%2Fg%2F1ts_5yd0!19sChIJneEkh_eY7kcR2R_a8_S8XJw?authuser=0&hl=fr&rclk=1
"Le Chalet Champenois à Troyes - Jacuzzi, Ciné Netflix, Terrasse, Escape Game",4.2,,"Le Chalet Champenois à Troyes - Jacuzzi, Ciné Netflix, Terrasse, Escape Game",,Fontaine-les-Grès+France,Hôtel avec spa,"https://www.google.com/maps/place/Le+Chalet+Champenois+%C3%A0+Troyes+-+Jacuzzi,+Cin%C3%A9+Netflix,+Terrasse,+Escape+Game/data=!4m10!3m9!1s0x47ee996d2002d057:0xa8fb09d812cf4309!5m2!4m1!1i2!8m2!3d48.3082675!4d4.067691!16s%2Fg%2F11m68n3s5b!19sChIJV9ACIG2Z7kcRCUPPEtgJ-6g?authuser=0&hl=fr&rclk=1"
Thermes de Balaruc-les-Bains,4.2,,Thermes de Balaruc-les-Bains,,Mondouzil+France,Centre thermal,https://www.google.com/maps/place/Thermes+de+Balaruc-les-Bains/data=!4m7!3m6!1s0x12b14a1173702cbb:0xf0542093c0f04c40!8m2!3d43.4366418!4d3.6758424!16s%2Fg%2F11b7rxhbph!19sChIJuyxwcxFKsRIRQEzwwJMgVPA?authuser=0&hl=fr&rclk=1
JOL TROYES - Love Room - Chambres à thèmes,4.0,,JOL TROYES - Love Room - Chambres à thèmes,,Fontaine-les-Grès+France,Hôtel avec spa,https://www.google.com/maps/place/JOL+TROYES+-+Love+Room+-+Chambres+%C3%A0+th%C3%A8mes/data=!4m10!3m9!1s0x47ee99002228a997:0xb472ff2028509413!5m2!4m1!1i2!8m2!3d48.2963855!4d4.0702998!16s%2Fg%2F11ydp60dy5!19sChIJl6koIgCZ7kcRE5RQKCD_crQ?authuser=0&hl=fr&rclk=1
Thermes du Teich,4.3,,Thermes du Teich,,Mondouzil+France,Centre thermal,https://www.google.com/maps/place/Thermes+du+Teich/data=!4m7!3m6!1s0x12af9d64c16f8b7f:0xc836a35d8fa0dfa1!8m2!3d42.7184803!4d1.8384595!16s%2Fg%2F11b6czb_pj!19sChIJf4tvwWSdrxIRod-gj12jNsg?authuser=0&hl=fr&rclk=1
Thermes de Salies du Salat,4.2,,Thermes de Salies du Salat,,Mondouzil+France,Centre thermal,https://www.google.com/maps/place/Thermes+de+Salies+du+Salat/data=!4m7!3m6!1s0x12a8de9a3584ba71:0xe334c5756d223c3a!8m2!3d43.1007807!4d0.9562864!16s%2Fg%2F11b6df9tg5!19sChIJcbqENZreqBIROjwibXXFNOM?authuser=0&hl=fr&rclk=1
Victor's Residenz-Hotel Schloss Berg,4.5,,SponsoriséPar Booking.com,,Mondorff+France,Hôtel avec spa,https://www.google.com/maps/place/Victor%27s+Residenz-Hotel+Schloss+Berg/data=!4m10!3m9!1s0x47956ae9f925f4cf:0xf788e15729bd319f!5m2!4m1!1i2!8m2!3d49.535891!4d6.386686!16s%2Fg%2F1hd_lbdln!19sChIJz_Ql-elqlUcRnzG9KVfhiPc?authuser=0&hl=fr&rclk=1
Spa Les Thermes,4.4,,Spa Les Thermes,,Bricqueville+France,Centre thermal,https://www.google.com/maps/place/Spa+Les+Thermes/data=!4m7!3m6!1s0x47e02d088d38623f:0xda86ecfdd887d8c4!8m2!3d49.4028304!4d0.1424152!16s%2Fg%2F1ptxj1wgq!19sChIJP2I4jQgt4EcRxNiH2P3shto?authuser=0&hl=fr&rclk=1
Hôtel-Résidence Am Klouschter,4.4,,SponsoriséPar Expedia.fr,,Mondorff+France,Hôtel avec spa,https://www.google.com/maps/place/H%C3%B4tel-R%C3%A9sidence+Am+Klouschter/data=!4m10!3m9!1s0x47953f6de290084d:0xf1afb1d7b4f54f12!5m2!4m1!1i2!8m2!3d49.505278!4d6.285278!16s%2Fg%2F1thcr89f!19sChIJTQiQ4m0_lUcREk_1tNexr_E?authuser=0&hl=fr&rclk=1
Prévithal Hôtel de la Baie Thalasso et Spa Marin Granville,4.0,,Prévithal Hôtel de la Baie Thalasso et Spa Marin Granville,,Bricqueville+France,Centre thermal,https://www.google.com/maps/place/Pr%C3%A9vithal+H%C3%B4tel+de+la+Baie+Thalasso+et+Spa+Marin+Granville/data=!4m10!3m9!1s0x480c1abedcd6254f:0xc19c6ce9302a7570!5m2!4m1!1i2!8m2!3d48.8521065!4d-1.5815116!16s%2Fg%2F12hlpc6bv!19sChIJTyXW3L4aDEgRcHUqMOlsnME?authuser=0&hl=fr&rclk=1
Mondorf Parc Hôtel & Spa,4.5,,Mondorf Parc Hôtel & Spa,,Mondorff+France,Hôtel avec spa,https://www.google.com/maps/place/Mondorf+Parc+H%C3%B4tel+%26+Spa/data=!4m10!3m9!1s0x47953f6cec2473d7:0x8b00e4b27ba415e7!5m2!4m1!1i2!8m2!3d49.5031372!4d6.2835512!16s%2Fg%2F1tj1q_ws!19sChIJ13Mk7Gw_lUcR5xWke7LkAIs?authuser=0&hl=fr&rclk=1
b’o resort thermal & spa,4.0,,b’o resort thermal & spa,,Bricqueville+France,Centre thermal,https://www.google.com/maps/place/b%E2%80%99o+resort+thermal+%26+spa/data=!4m7!3m6!1s0x4809920fb7cde013:0xb9f68bb714bc27fa!8m2!3d48.5541499!4d-0.4163055!16s%2Fg%2F1223wsxy!19sChIJE-DNtw-SCUgR-ie8FLeL9rk?authuser=0&hl=fr&rclk=1
Mondorf Domaine Thermal - Les Thermes,4.4,,Mondorf Domaine Thermal - Les Thermes,,Mondorff+France,Hôtel avec spa,https://www.google.com/maps/place/Mondorf+Domaine+Thermal+-+Les+Thermes/data=!4m10!3m9!1s0x47953f6c7ea63f1d:0xc87057694d41da78!5m2!4m1!1i2!8m2!3d49.5021445!4d6.2822052!16s%2Fg%2F11fxb78gj9!19sChIJHT-mfmw_lUcReNpBTWlXcMg?authuser=0&hl=fr&rclk=1
Hôtel Manoir de la Poterie & Spa,4.5,,Hôtel Manoir de la Poterie & Spa,,Bricqueville+France,Centre thermal,https://www.google.com/maps/place/H%C3%B4tel+Manoir+de+la+Poterie+%26+Spa/data=!4m10!3m9!1s0x47e02ce248a7c7b9:0x14d527f9c6dddb8c!5m2!4m1!1i2!8m2!3d49.402607!4d0.142842!16s%2Fg%2F1thk80gm!19sChIJucenSOIs4EcRjNvdxvkn1RQ?authuser=0&hl=fr&rclk=1
Spa Cures Marines by The Purist,4.3,,Spa Cures Marines by The Purist,,Bricqueville+France,Centre thermal,https://www.google.com/maps/place/Spa+Cures+Marines+by+The+Purist/data=!4m7!3m6!1s0x47e02bb749244969:0x7ee25bd7fe2acc99!8m2!3d49.3659148!4d0.0777475!16s%2Fg%2F11t6vzv9k6!19sChIJaUkkSbcr4EcRmcwq_tdb4n4?authuser=0&hl=fr&rclk=1
Brit Hotel Privilège Saint-Brieuc Plérin - Séminaires & SPA,4.7,,SponsoriséPar Booking.com,,Saint-Donan+France,Hôtel avec spa,https://www.google.com/maps/place/Brit+Hotel+Privil%C3%A8ge+Saint-Brieuc+Pl%C3%A9rin+-+S%C3%A9minaires+%26+SPA/data=!4m10!3m9!1s0x4811fd61a5f4ca0b:0xd2a3bb6eef5d01e8!5m2!4m1!1i2!8m2!3d48.54818!4d-2.790894!16s%2Fg%2F11bxfl3m_2!19sChIJC8r0pWH9EUgR6AFd7267o9I?authuser=0&hl=fr&rclk=1
hotelF1 Saint-Lô,3.6,,SponsoriséPar Booking.com,,Bricquebosq+France,Hôtel avec spa,https://www.google.com/maps/place/hotelF1+Saint-L%C3%B4/data=!4m10!3m9!1s0x480b95c6ca4db77f:0xfb75d24dbbc90c97!5m2!4m1!1i2!8m2!3d49.100593!4d-1.073474!16s%2Fg%2F1tk6v9bs!19sChIJf7dNysaVC0gRlwzJu03Sdfs?authuser=0&hl=fr&rclk=1
B&B HOTEL Caen Sud,3.6,,SponsoriséPar Booking.com,,Bricquebosq+France,Hôtel avec spa,https://www.google.com/maps/place/B%26B+HOTEL+Caen+Sud/data=!4m10!3m9!1s0x480a69e7c5f55df5:0x3edebe3c7d3069a3!5m2!4m1!1i2!8m2!3d49.139983!4d-0.336411!16s%2Fg%2F1tp0d1hs!19sChIJ9V31xedpCkgRo2kwfTy-3j4?authuser=0&hl=fr&rclk=1
Les Reflets Roz,5.0,,Les Reflets Roz,,Saint-Donan+France,Hôtel avec spa,https://www.google.com/maps/place/Les+Reflets+Roz/data=!4m10!3m9!1s0x4811df904f15d17f:0x691e2818b6429ab!5m2!4m1!1i2!8m2!3d48.3481186!4d-2.8060843!16s%2Fg%2F11q2tq_t9x!19sChIJf9EVT5DfEUgRqylki4HikQY?authuser=0&hl=fr&rclk=1
Hôtel la Marine,4.5,,Hôtel la Marine,,Bricquebosq+France,Hôtel avec spa,https://www.google.com/maps/place/H%C3%B4tel+la+Marine/data=!4m10!3m9!1s0x480cf53a197b5673:0xa2a4d5de84ac0499!5m2!4m1!1i2!8m2!3d49.377224!4d-1.786012!16s%2Fg%2F1tdhddg7!19sChIJc1Z7GTr1DEgRmQSshN7VpKI?authuser=0&hl=fr&rclk=1
Edgar Hotel & SPA - Singuliers Hôtels,4.4,,Edgar Hotel & SPA - Singuliers Hôtels,,Saint-Donan+France,Hôtel avec spa,https://www.google.com/maps/place/Edgar+Hotel+%26+SPA+-+Singuliers+H%C3%B4tels/data=!4m10!3m9!1s0x480e1d38595e1fcf:0x12d71504a28e26eb!5m2!4m1!1i2!8m2!3d48.5134952!4d-2.7604457!16s%2Fg%2F1tdvtq9s!19sChIJzx9eWTgdDkgR6yaOogQV1xI?authuser=0&hl=fr&rclk=1
Hôtel Les Pieux - Cotentin,4.4,,Hôtel Les Pieux - Cotentin,,Bricquebosq+France,Hôtel avec spa,https://www.google.com/maps/place/H%C3%B4tel+Les+Pieux+-+Cotentin/data=!4m10!3m9!1s0x480ced5fe049b257:0xce5169d492981186!5m2!4m1!1i2!8m2!3d49.5150114!4d-1.805049!16s%2Fg%2F1tggsy48!19sChIJV7JJ4F_tDEgRhhGYktRpUc4?authuser=0&hl=fr&rclk=1
Hôtel de la Plage - Binic,4.4,,Hôtel de la Plage - Binic,,Saint-Donan+France,Hôtel avec spa,https://www.google.com/maps/place/H%C3%B4tel+de+la+Plage+-+Binic/data=!4m10!3m9!1s0x4811fddb051b4e43:0x7d73c96af4fa6cb6!5m2!4m1!1i2!8m2!3d48.5964092!4d-2.8235376!16s%2Fg%2F1tdjwdsx!19sChIJQ04bBdv9EUgRtmz69GrJc30?authuser=0&hl=fr&rclk=1
Prévithal Hôtel de la Baie Thalasso et Spa Marin Granville,4.0,,Prévithal Hôtel de la Baie Thalasso et Spa Marin Granville,,Bricquebosq+France,Hôtel avec spa,https://www.google.com/maps/place/Pr%C3%A9vithal+H%C3%B4tel+de+la+Baie+Thalasso+et+Spa+Marin+Granville/data=!4m10!3m9!1s0x480c1abedcd6254f:0xc19c6ce9302a7570!5m2!4m1!1i2!8m2!3d48.8521065!4d-1.5815116!16s%2Fg%2F12hlpc6bv!19sChIJTyXW3L4aDEgRcHUqMOlsnME?authuser=0&hl=fr&rclk=1
Manoir du Roselier,4.6,,Manoir du Roselier,,Saint-Donan+France,Hôtel avec spa,https://www.google.com/maps/place/Manoir+du+Roselier/data=!4m10!3m9!1s0x480e0333ee6c640d:0x2c6aec4fafd40935!5m2!4m1!1i2!8m2!3d48.5531276!4d-2.7214797!16s%2Fg%2F11sv4_95yb!19sChIJDWRs7jMDDkgRNQnUr0_saiw?authuser=0&hl=fr&rclk=1
Hôtel Logis Les fuchsias,4.4,,Hôtel Logis Les fuchsias,,Bricquebosq+France,Hôtel avec spa,https://www.google.com/maps/place/H%C3%B4tel+Logis+Les+fuchsias/data=!4m10!3m9!1s0x480b65c1f26f19c7:0x36d07d14f27cb64f!5m2!4m1!1i2!8m2!3d49.5868168!4d-1.2669479!16s%2Fg%2F1tl1mvg9!19sChIJxxlv8sFlC0gRT7Z88hR90DY?authuser=0&hl=fr&rclk=1
Domaine du Grenier,4.7,,Domaine du Grenier,,Saint-Donan+France,Hôtel avec spa,https://www.google.com/maps/place/Domaine+du+Grenier/data=!4m10!3m9!1s0x480e1c1300e81c21:0x203fd8a8d80dfdec!5m2!4m1!1i2!8m2!3d48.4640655!4d-2.704114!16s%2Fg%2F1ptyyzct9!19sChIJIRzoABMcDkgR7P0N2KjYPyA?authuser=0&hl=fr&rclk=1
L'hostellerie du château de Bricquebec,4.0,,L'hostellerie du château de Bricquebec,,Bricquebosq+France,Hôtel avec spa,https://www.google.com/maps/place/L%27hostellerie+du+ch%C3%A2teau+de+Bricquebec/data=!4m10!3m9!1s0x480c8f0f55a01435:0xd890ebf85804f82c!5m2!4m1!1i2!8m2!3d49.470044!4d-1.63237!16s%2Fm%2F03wg4cd!19sChIJNRSgVQ-PDEgRLPgEWPjrkNg?authuser=0&hl=fr&rclk=1
Into the Prairie,4.9,,Into the Prairie,,Saint-Donan+France,Hôtel avec spa,https://www.google.com/maps/place/Into+the+Prairie/data=!4m10!3m9!1s0x4811fa9528961a43:0x97dfe4d0c94c2dcb!5m2!4m1!1i2!8m2!3d48.5436314!4d-2.9483507!16s%2Fg%2F1tdd4n_l!19sChIJQxqWKJX6EUgRyy1MydDk35c?authuser=0&hl=fr&rclk=1
Hôtel du Cap,4.6,,Hôtel du Cap,,Bricquebosq+France,Hôtel avec spa,https://www.google.com/maps/place/H%C3%B4tel+du+Cap/data=!4m10!3m9!1s0x480cc255ea819b0f:0x30fb253b40d0e93d!5m2!4m1!1i2!8m2!3d49.7107539!4d-1.9331494!16s%2Fg%2F1tq6jglr!19sChIJD5uB6lXCDEgRPenQQDsl-zA?authuser=0&hl=fr&rclk=1
La Villa Audren,4.7,,La Villa Audren,,Saint-Donan+France,Hôtel avec spa,https://www.google.com/maps/place/La+Villa+Audren/data=!4m10!3m9!1s0x4811f1dc765e3b19:0x1328ce7751bb1d7c!5m2!4m1!1i2!8m2!3d48.540329!4d-2.9707698!16s%2Fg%2F11s38pgpgm!19sChIJGTtedtzxEUgRfB27UXfOKBM?authuser=0&hl=fr&rclk=1
Brit Hotel Spa Le Connétable - Dinan,4.3,,SponsoriséPar Booking.com,,Saint-Domineuc+France,Hôtel avec spa,https://www.google.com/maps/place/Brit+Hotel+Spa+Le+Conn%C3%A9table+-+Dinan/data=!4m10!3m9!1s0x480e8a042b74a285:0x1aa950988428f8ef!5m2!4m1!1i2!8m2!3d48.452939!4d-2.062466!16s%2Fg%2F1tgb_4n5!19sChIJhaJ0KwSKDkgR7_gohJhQqRo?authuser=0&hl=fr&rclk=1
Hôtel de France,4.4,,Hôtel de France,,Mondonville-Saint-Jean+France,Hôtel avec spa,https://www.google.com/maps/place/H%C3%B4tel+de+France/data=!4m10!3m9!1s0x47e44b91c2a29705:0xd31ae444d57973f7!5m2!4m1!1i2!8m2!3d48.3125!4d1.9988889!16s%2Fg%2F1vknnp1r!19sChIJBZeiwpFL5EcR93N51UTkGtM?authuser=0&hl=fr&rclk=1
La Malouinière Des Longchamps Hôtel spa Aqua Bien Etre,4.2,,SponsoriséPar KAYAK.com,,Saint-Domineuc+France,Hôtel avec spa,https://www.google.com/maps/place/La+Malouini%C3%A8re+Des+Longchamps+H%C3%B4tel+spa+Aqua+Bien+Etre/data=!4m10!3m9!1s0x480e8467c762143d:0xbe8647ee3e096d70!5m2!4m1!1i2!8m2!3d48.603943!4d-1.956138!16s%2Fg%2F1tscnd76!19sChIJPRRix2eEDkgRcG0JPu5Hhr4?authuser=0&hl=fr&rclk=1
ô plaisirs charnels love room,5.0,,ô plaisirs charnels love room,,Mondonville-Saint-Jean+France,Hôtel avec spa,https://www.google.com/maps/place/%C3%B4+plaisirs+charnels+love+room/data=!4m10!3m9!1s0x47e43723eae57245:0x370f9e67280c27e5!5m2!4m1!1i2!8m2!3d48.4307824!4d1.9662709!16s%2Fg%2F11vbwp9kgz!19sChIJRXLl6iM35EcR5ScMKGeeDzc?authuser=0&hl=fr&rclk=1
Le Manoir des Haies,4.9,,Le Manoir des Haies,,Saint-Domineuc+France,Hôtel avec spa,https://www.google.com/maps/place/Le+Manoir+des+Haies/data=!4m10!3m9!1s0x480e8d59ccc0bfb5:0x42339b1e85be39b5!5m2!4m1!1i2!8m2!3d48.4169504!4d-1.9533205!16s%2Fg%2F11pv9dl6qq!19sChIJtb_AzFmNDkgRtTm-hR6bM0I?authuser=0&hl=fr&rclk=1
Aquaclub de Belle Dune,3.7,,Aquaclub de Belle Dune,,Fontaine-lès-Hermans+France,Parc aquatique,https://www.google.com/maps/place/Aquaclub+de+Belle+Dune/data=!4m7!3m6!1s0x47dde757c63161c9:0x1f3b423d2646af74!8m2!3d50.3307365!4d1.5662156!16s%2Fg%2F1wg5x8s0!19sChIJyWExxlfn3UcRdK9GJj1COx8?authuser=0&hl=fr&rclk=1
Best Western L'Aquarium Arras Nord,4.4,,SponsoriséPar Booking.com,,Fontaine-lès-Croisilles+France,Hôtel avec spa,https://www.google.com/maps/place/Best+Western+L%27Aquarium+Arras+Nord/data=!4m10!3m9!1s0x47dd35a24eb473ad:0x462d0544ee3cd56a!5m2!4m1!1i2!8m2!3d50.334589!4d2.914683!16s%2Fg%2F11h7cb4d78!19sChIJrXO0TqI13UcRatU87kQFLUY?authuser=0&hl=fr&rclk=1
"Cité d’O – centre aquatique, forme, bien-être et spa",3.7,,"Cité d’O – centre aquatique, forme, bien-être et spa",,Fontaine-lès-Hermans+France,Parc aquatique,"https://www.google.com/maps/place/Cit%C3%A9+d%E2%80%99O+%E2%80%93+centre+aquatique,+forme,+bien-%C3%AAtre+et+spa/data=!4m7!3m6!1s0x47dd226784ee5177:0x16e88333f933652b!8m2!3d50.5331718!4d2.6311533!16s%2Fg%2F11b6d5wjl_!19sChIJd1HuhGci3UcRK2Uz-TOD6BY?authuser=0&hl=fr&rclk=1"
Hôtel la Marine,4.5,,Hôtel la Marine,,Bricquebec-en-Cotentin+France,Hôtel avec spa,https://www.google.com/maps/place/H%C3%B4tel+la+Marine/data=!4m10!3m9!1s0x480cf53a197b5673:0xa2a4d5de84ac0499!5m2!4m1!1i2!8m2!3d49.377224!4d-1.786012!16s%2Fg%2F1tdhddg7!19sChIJc1Z7GTr1DEgRmQSshN7VpKI?authuser=0&hl=fr&rclk=1
Appart'hôtel Odalys City Dijon Centre Les Cordeliers,4.0,,SponsoriséPar Booking.com,,Fontaine-lès-Dijon+France,Hôtel avec spa,https://www.google.com/maps/place/Appart%27h%C3%B4tel+Odalys+City+Dijon+Centre+Les+Cordeliers/data=!4m10!3m9!1s0x47f29dc27cd4fb1d:0x11292b683ab9d127!5m2!4m1!1i2!8m2!3d47.318218!4d5.040267!16s%2Fg%2F1s04ff1p9!19sChIJHfvUfMKd8kcRJ9G5OmgrKRE?authuser=0&hl=fr&rclk=1
Domaine Saint Michel & Spa,4.9,,Domaine Saint Michel & Spa,,Bricquebec-en-Cotentin+France,Hôtel avec spa,https://www.google.com/maps/place/Domaine+Saint+Michel+%26+Spa/data=!4m10!3m9!1s0x480c9d252d2031fb:0x2c01031caac9f716!5m2!4m1!1i2!8m2!3d49.5310312!4d-1.4550492!16s%2Fg%2F1tjdflc3!19sChIJ-zEgLSWdDEgRFvfJqhwDASw?authuser=0&hl=fr&rclk=1
Zenia Hôtel & Spa,3.6,,SponsoriséPar Booking.com,,Fontaine-lès-Croisilles+France,Hôtel avec spa,https://www.google.com/maps/place/Zenia+H%C3%B4tel+%26+Spa/data=!4m10!3m9!1s0x47c2bb48015007f7:0x2047a69826f3cbdc!5m2!4m1!1i2!8m2!3d50.148917!4d3.213375!16s%2Fg%2F1tk9py1s!19sChIJ9wdQAUi7wkcR3MvzJpimRyA?authuser=0&hl=fr&rclk=1
Brit Hotel Spa Le Connétable - Dinan,4.3,,Brit Hotel Spa Le Connétable - Dinan,,Saint-Domineuc+France,Hôtel avec spa,https://www.google.com/maps/place/Brit+Hotel+Spa+Le+Conn%C3%A9table+-+Dinan/data=!4m10!3m9!1s0x480e8a05b099f421:0x1aa950988428f8ef!5m2!4m1!1i2!8m2!3d48.4529387!4d-2.0624663!16s%2Fg%2F1tgb_4n5!19sChIJIfSZsAWKDkgR7_gohJhQqRo?authuser=0&hl=fr&rclk=1
Bellewaerde Aquapark,3.7,,Bellewaerde Aquapark,,Fontaine-lès-Hermans+France,Parc aquatique,https://www.google.com/maps/place/Bellewaerde+Aquapark/data=!4m7!3m6!1s0x47dccdd66065eb35:0xd7bce226f25e684b!8m2!3d50.8463824!4d2.9487755!16s%2Fg%2F11g0wgkx_9!19sChIJNetlYNbN3EcRS2he8ibivNc?authuser=0&hl=fr&rclk=1
L’Envol Cherbourg,4.6,,L’Envol Cherbourg,,Bricquebec-en-Cotentin+France,Hôtel avec spa,https://www.google.com/maps/place/L%E2%80%99Envol+Cherbourg/data=!4m10!3m9!1s0x480c99d603263167:0x8e716d5a1e3f3748!5m2!4m1!1i2!8m2!3d49.6441052!4d-1.5691888!16s%2Fg%2F11kf56j43q!19sChIJZzEmA9aZDEgRSDc_HlptcY4?authuser=0&hl=fr&rclk=1
DOMAINE ARVOR - Hébergements insolites en Bretagne,4.6,,DOMAINE ARVOR - Hébergements insolites en Bretagne,,Saint-Domineuc+France,Hôtel avec spa,https://www.google.com/maps/place/DOMAINE+ARVOR+-+H%C3%A9bergements+insolites+en+Bretagne/data=!4m10!3m9!1s0x480e8bc76f6f2285:0xcef9c4fe3a28709c!5m2!4m1!1i2!8m2!3d48.4419597!4d-2.0054675!16s%2Fg%2F1tgw4dwl!19sChIJhSJvb8eLDkgRnHAoOv7E-c4?authuser=0&hl=fr&rclk=1
Aquatic & Bowling Center,3.9,,Aquatic & Bowling Center,,Fontaine-lès-Hermans+France,Parc aquatique,https://www.google.com/maps/place/Aquatic+%26+Bowling+Center/data=!4m7!3m6!1s0x47dda2d40bf85d9d:0xc9b7a65abd7d5a79!8m2!3d50.364285!4d2.031232!16s%2Fg%2F1hg4_lf5_!19sChIJnV34C9Si3UcReVp9vVqmt8k?authuser=0&hl=fr&rclk=1
La Grange,5.0,,La Grange,,Fontaine-lès-Croisilles+France,Hôtel avec spa,https://www.google.com/maps/place/La+Grange/data=!4m10!3m9!1s0x47dd4bee1ccb611b:0xce213830844964c5!5m2!4m1!1i2!8m2!3d50.2353046!4d2.9139528!16s%2Fg%2F11l2ffvb4k!19sChIJG2HLHO5L3UcRxWRJhDA4Ic4?authuser=0&hl=fr&rclk=1
Grand Hôtel La Cloche Dijon - MGallery Collection,4.5,,SponsoriséPar Expedia.fr,,Fontaine-lès-Dijon+France,Hôtel avec spa,https://www.google.com/maps/place/Grand+H%C3%B4tel+La+Cloche+Dijon+-+MGallery+Collection/data=!4m10!3m9!1s0x47f29deca60d18b5:0xdcf1626c575e4f78!5m2!4m1!1i2!8m2!3d47.324285!4d5.033831!16s%2Fg%2F1q5jq6xb_!19sChIJtRgNpuyd8kcReE9eV2xi8dw?authuser=0&hl=fr&rclk=1
LA VALLEE JOLY,4.8,,LA VALLEE JOLY,,Bricquebec-en-Cotentin+France,Hôtel avec spa,https://www.google.com/maps/place/LA+VALLEE+JOLY/data=!4m10!3m9!1s0x480b613c82163203:0xb75d5d43418a2725!5m2!4m1!1i2!8m2!3d49.6170778!4d-1.3864259!16s%2Fg%2F11s47vsb0b!19sChIJAzIWgjxhC0gRJSeKQUNdXbc?authuser=0&hl=fr&rclk=1
Le Petit Moulin du Rouvre,4.2,,Le Petit Moulin du Rouvre,,Saint-Domineuc+France,Hôtel avec spa,https://www.google.com/maps/place/Le+Petit+Moulin+du+Rouvre/data=!4m10!3m9!1s0x480e921379505077:0x456aa4a80332c98c!5m2!4m1!1i2!8m2!3d48.4454418!4d-1.8735674!16s%2Fg%2F1tjkf5qk!19sChIJd1BQeROSDkgRjMkyA6ikakU?authuser=0&hl=fr&rclk=1
Grand Hôtel La Cloche Dijon - MGallery Collection,4.5,,Grand Hôtel La Cloche Dijon - MGallery Collection,,Fontaine-lès-Dijon+France,Hôtel avec spa,https://www.google.com/maps/place/Grand+H%C3%B4tel+La+Cloche+Dijon+-+MGallery+Collection/data=!4m10!3m9!1s0x47f29deb5e11538b:0xdcf1626c575e4f78!5m2!4m1!1i2!8m2!3d47.3242853!4d5.0338314!16s%2Fg%2F1q5jq6xb_!19sChIJi1MRXuud8kcReE9eV2xi8dw?authuser=0&hl=fr&rclk=1
Hôtel de L'Abbaye Le Tronchet - Handwritten Collection,4.5,,Hôtel de L'Abbaye Le Tronchet - Handwritten Collection,,Saint-Domineuc+France,Hôtel avec spa,https://www.google.com/maps/place/H%C3%B4tel+de+L%27Abbaye+Le+Tronchet+-+Handwritten+Collection/data=!4m10!3m9!1s0x480e9111779215c9:0x161b864212360d4!5m2!4m1!1i2!8m2!3d48.4899778!4d-1.8376628!16s%2Fg%2F11b7j0gpzr!19sChIJyRWSdxGRDkgR1GAjIWS4YQE?authuser=0&hl=fr&rclk=1
Add'Or,5.0,,Add'Or,,Fontaine-lès-Croisilles+France,Hôtel avec spa,https://www.google.com/maps/place/Add%27Or/data=!4m10!3m9!1s0x47dd53b94409c85f:0x1fb5fac9ef4005da!5m2!4m1!1i2!8m2!3d50.1191811!4d2.9303581!16s%2Fg%2F11mcxkn8r_!19sChIJX8gJRLlT3UcR2gVA78n6tR8?authuser=0&hl=fr&rclk=1
Holiday Inn Dijon by IHG,4.1,,Holiday Inn Dijon by IHG,,Fontaine-lès-Dijon+France,Hôtel avec spa,https://www.google.com/maps/place/Holiday+Inn+Dijon+by+IHG/data=!4m10!3m9!1s0x47ed6209f2580921:0x5dac73cdc6cd024e!5m2!4m1!1i2!8m2!3d47.3555132!4d5.0513729!16s%2Fg%2F11b7lcb2hx!19sChIJIQlY8gli7UcRTgLNxs1zrF0?authuser=0&hl=fr&rclk=1
Chambres du douétaux,5.0,,Chambres du douétaux,,Saint-Domineuc+France,Hôtel avec spa,https://www.google.com/maps/place/Chambres+du+dou%C3%A9taux/data=!4m10!3m9!1s0x480eed943ae50683:0x26c07ad7d9267a00!5m2!4m1!1i2!8m2!3d48.3124459!4d-1.8790287!16s%2Fg%2F11jcn5yzm2!19sChIJgwblOpTtDkgRAHom2dd6wCY?authuser=0&hl=fr&rclk=1
Ospaloft / Appart & Spa Privatif,5.0,,Ospaloft / Appart & Spa Privatif,,Fontaine-lès-Croisilles+France,Hôtel avec spa,https://www.google.com/maps/place/Ospaloft+%2F+Appart+%26+Spa+Privatif/data=!4m10!3m9!1s0x47dd47b9190ba1f7:0x5acf493d42798ad2!5m2!4m1!1i2!8m2!3d50.2927293!4d2.76846!16s%2Fg%2F11t_kzqzt5!19sChIJ96ELGblH3UcR0op5Qj1Jz1o?authuser=0&hl=fr&rclk=1
Hôtel Oceania Le Jura Dijon,4.6,,Hôtel Oceania Le Jura Dijon,,Fontaine-lès-Dijon+France,Hôtel avec spa,https://www.google.com/maps/place/H%C3%B4tel+Oceania+Le+Jura+Dijon/data=!4m10!3m9!1s0x47f29d9485f9a593:0xd38438aed9990f3f!5m2!4m1!1i2!8m2!3d47.3236468!4d5.0302715!16s%2Fg%2F11b7lrsy1l!19sChIJk6X5hZSd8kcRPw-Z2a44hNM?authuser=0&hl=fr&rclk=1
Gîtes du Haut Pin,5.0,,Gîtes du Haut Pin,,Saint-Domineuc+France,Hôtel avec spa,https://www.google.com/maps/place/G%C3%AEtes+du+Haut+Pin/data=!4m10!3m9!1s0x480e8bb226268d41:0xb7c48dbcd7b9024c!5m2!4m1!1i2!8m2!3d48.4157388!4d-2.0350999!16s%2Fg%2F11g1_vn9qb!19sChIJQY0mJrKLDkgRTAK517yNxLc?authuser=0&hl=fr&rclk=1
Spa Edelweiss,5.0,,Spa Edelweiss,,Fontaine-lès-Dijon+France,Hôtel avec spa,https://www.google.com/maps/place/Spa+Edelweiss/data=!4m10!3m9!1s0x47f29dd71e6fedfd:0xba7bdfd0051dd36b!5m2!4m1!1i2!8m2!3d47.3226997!4d5.0405206!16s%2Fg%2F11rfn45x02!19sChIJ_e1vHted8kcRa9MdBdDfe7o?authuser=0&hl=fr&rclk=1
"L'Odyssée Inattendue, gîte suite et spa",5.0,,"L'Odyssée Inattendue, gîte suite et spa",,Fontaine-lès-Croisilles+France,Hôtel avec spa,"https://www.google.com/maps/place/L%27Odyss%C3%A9e+Inattendue,+g%C3%AEte+suite+et+spa/data=!4m10!3m9!1s0x47c2b54441f16395:0x81631dc1fb2eaa12!5m2!4m1!1i2!8m2!3d50.2739219!4d3.0009939!16s%2Fg%2F11kk16tt8s!19sChIJlWPxQUS1wkcREqou-8EdY4E?authuser=0&hl=fr&rclk=1"
Le Vallon de Léhon - chambres d'hôtes à Dinan - labélisée 4 clés,5.0,,Le Vallon de Léhon - chambres d'hôtes à Dinan - labélisée 4 clés,,Saint-Domineuc+France,Hôtel avec spa,https://www.google.com/maps/place/Le+Vallon+de+L%C3%A9hon+-+chambres+d%27h%C3%B4tes+%C3%A0+Dinan+-+lab%C3%A9lis%C3%A9e+4+cl%C3%A9s/data=!4m10!3m9!1s0x480e8b8d6fe239d7:0xf2fc36db2fb62391!5m2!4m1!1i2!8m2!3d48.4379531!4d-2.0468805!16s%2Fg%2F11y4y43f87!19sChIJ1znib42LDkgRkSO2L9s2_PI?authuser=0&hl=fr&rclk=1
Chapeau Rouge par William Frachot,4.6,,Chapeau Rouge par William Frachot,,Fontaine-lès-Dijon+France,Hôtel avec spa,https://www.google.com/maps/place/Chapeau+Rouge+par+William+Frachot/data=!4m10!3m9!1s0x47f29d8e88aa7039:0x4476901e642a9730!5m2!4m1!1i2!8m2!3d47.3213796!4d5.0357909!16s%2Fg%2F11b7q_rs7r!19sChIJOXCqiI6d8kcRMJcqZB6QdkQ?authuser=0&hl=fr&rclk=1
La Maison Armoricaine,4.4,,La Maison Armoricaine,,Saint-Domineuc+France,Hôtel avec spa,https://www.google.com/maps/place/La+Maison+Armoricaine/data=!4m10!3m9!1s0x480ef553c09ed9b9:0x58956369c1fd78f0!5m2!4m1!1i2!8m2!3d48.3204358!4d-1.9956003!16s%2Fg%2F11v_4hg2dk!19sChIJudmewFP1DkgR8Hj9wWljlVg?authuser=0&hl=fr&rclk=1
DOMAINE DE LOUVERVAL,5.0,,DOMAINE DE LOUVERVAL,,Fontaine-lès-Croisilles+France,Hôtel avec spa,https://www.google.com/maps/place/DOMAINE+DE+LOUVERVAL/data=!4m10!3m9!1s0x47c2ad3ea1f50173:0xedd0d263fec132c4!5m2!4m1!1i2!8m2!3d50.1406596!4d3.0113987!16s%2Fg%2F11pb6zsnnz!19sChIJcwH1oT6twkcRxDLB_mPS0O0?authuser=0&hl=fr&rclk=1
Appart'hôtel Odalys City Dijon Centre Les Cordeliers,4.0,,Appart'hôtel Odalys City Dijon Centre Les Cordeliers,,Fontaine-lès-Dijon+France,Hôtel avec spa,https://www.google.com/maps/place/Appart%27h%C3%B4tel+Odalys+City+Dijon+Centre+Les+Cordeliers/data=!4m10!3m9!1s0x47f29dc27b7b8855:0x11292b683ab9d127!5m2!4m1!1i2!8m2!3d47.3182182!4d5.0402667!16s%2Fg%2F1s04ff1p9!19sChIJVYh7e8Kd8kcRJ9G5OmgrKRE?authuser=0&hl=fr&rclk=1
Villa Emeraude - Chambres d'hôtes à Dinan - 4 épis Gîtes de France,5.0,,Villa Emeraude - Chambres d'hôtes à Dinan - 4 épis Gîtes de France,,Saint-Domineuc+France,Hôtel avec spa,https://www.google.com/maps/place/Villa+Emeraude+-+Chambres+d%27h%C3%B4tes+%C3%A0+Dinan+-+4+%C3%A9pis+G%C3%AEtes+de+France/data=!4m10!3m9!1s0x480e8b19b8919bb3:0x8a38fa1f7ac2a7a0!5m2!4m1!1i2!8m2!3d48.4374245!4d-2.0479435!16s%2Fg%2F11v5xy9p1m!19sChIJs5uRuBmLDkgRoKfCeh_6OIo?authuser=0&hl=fr&rclk=1
Hôtel Vertigo,4.1,,Hôtel Vertigo,,Fontaine-lès-Dijon+France,Hôtel avec spa,https://www.google.com/maps/place/H%C3%B4tel+Vertigo/data=!4m10!3m9!1s0x47f29deca3dc2cc1:0xc3ab4635df9b0761!5m2!4m1!1i2!8m2!3d47.3243572!4d5.0343368!16s%2Fg%2F11b7l2v4zv!19sChIJwSzco-yd8kcRYQeb3zVGq8M?authuser=0&hl=fr&rclk=1
Parc aquatique Aqua Mundo Center Parcs Les Hauts de Bruyères,4.2,,Parc aquatique Aqua Mundo Center Parcs Les Hauts de Bruyères,,Mondoubleau+France,Parc aquatique,https://www.google.com/maps/place/Parc+aquatique+Aqua+Mundo+Center+Parcs+Les+Hauts+de+Bruy%C3%A8res/data=!4m7!3m6!1s0x47e4d99a9638a48f:0x9187dc0642c71afd!8m2!3d47.6202!4d1.934931!16s%2Fg%2F11cmccytdq!19sChIJj6Q4lprZ5EcR_RrHQgbch5E?authuser=0&hl=fr&rclk=1
Appart Spa 21: Appartements avec spa privatif et sauna (Bourgogne Dijon),4.3,,Appart Spa 21: Appartements avec spa privatif et sauna (Bourgogne Dijon),,Fontaine-lès-Dijon+France,Hôtel avec spa,https://www.google.com/maps/place/Appart+Spa+21:+Appartements+avec+spa+privatif+et+sauna+%28Bourgogne+Dijon%29/data=!4m10!3m9!1s0x47f29dc01168c7a9:0xe4433be5018d25c7!5m2!4m1!1i2!8m2!3d47.3182153!4d5.0330452!16s%2Fg%2F11gghdj1_s!19sChIJqcdoEcCd8kcRxyWNAeU7Q-Q?authuser=0&hl=fr&rclk=1
Parc aquatique Aqua Mundo - Center Parcs Domaine Les Bois-Francs,4.0,,Parc aquatique Aqua Mundo - Center Parcs Domaine Les Bois-Francs,,Mondoubleau+France,Parc aquatique,https://www.google.com/maps/place/Parc+aquatique+Aqua+Mundo+-+Center+Parcs+Domaine+Les+Bois-Francs/data=!4m7!3m6!1s0x47e17d43a8ed690d:0xf300cd76ca0653ec!8m2!3d48.728902!4d0.840066!16s%2Fg%2F11cnmwmkff!19sChIJDWntqEN94UcR7FMGynbNAPM?authuser=0&hl=fr&rclk=1
Spa-privatif,4.8,,Spa-privatif,,Fontaine-lès-Dijon+France,Hôtel avec spa,https://www.google.com/maps/place/Spa-privatif/data=!4m10!3m9!1s0x47f29de8281b9a13:0x7e2ae7a6a4afac14!5m2!4m1!1i2!8m2!3d47.3186572!4d5.0411202!16s%2Fg%2F11d_7trt3_!19sChIJE5obKOid8kcRFKyvpKbnKn4?authuser=0&hl=fr&rclk=1
Kyriad Dijon Gare,3.5,,Kyriad Dijon Gare,,Fontaine-lès-Dijon+France,Hôtel avec spa,https://www.google.com/maps/place/Kyriad+Dijon+Gare/data=!4m10!3m9!1s0x47f29d94638497d9:0x82b31340d4b47acd!5m2!4m1!1i2!8m2!3d47.3229!4d5.030118!16s%2Fg%2F1tfcmp90!19sChIJ2ZeEY5Sd8kcRzXq01EATs4I?authuser=0&hl=fr&rclk=1
Les Jardins Secrets · Apparts Spa Dijon,4.9,,Les Jardins Secrets,Apparts Spa Dijon,Fontaine-lès-Dijon+France,Hôtel avec spa,https://www.google.com/maps/place/Les+Jardins+Secrets+%C2%B7+Apparts+Spa+Dijon/data=!4m10!3m9!1s0x47f29d9c3e5848bf:0xfb16bad4abc78b03!5m2!4m1!1i2!8m2!3d47.3252819!4d5.0288179!16s%2Fg%2F11swc1y3yh!19sChIJv0hYPpyd8kcRA4vHq9S6Fvs?authuser=0&hl=fr&rclk=1
"Parc de loisirs ""Le Val Fleuri"" Base de loisirs à la journée",4.0,,"Parc de loisirs ""Le Val Fleuri"" Base de loisirs à la journée",,Mondoubleau+France,Parc aquatique,https://www.google.com/maps/place/Parc+de+loisirs+%22Le+Val+Fleuri%22+Base+de+loisirs+%C3%A0+la+journ%C3%A9e/data=!4m7!3m6!1s0x47e3796164ff5db1:0xecf2b7674deca715!8m2!3d48.0025832!4d1.231247!16s%2Fg%2F1tf06zcg!19sChIJsV3_ZGF540cRFafsTWe38uw?authuser=0&hl=fr&rclk=1
Le Jardin des Ecureuils & Spa - Nuit insolite à Dijon,5.0,,Le Jardin des Ecureuils & Spa - Nuit insolite à Dijon,,Fontaine-lès-Dijon+France,Hôtel avec spa,https://www.google.com/maps/place/Le+Jardin+des+Ecureuils+%26+Spa+-+Nuit+insolite+%C3%A0+Dijon/data=!4m10!3m9!1s0x47f29d7ded14bc9d:0x97d09b7295cc0ab5!5m2!4m1!1i2!8m2!3d47.3255273!4d5.0162183!16s%2Fg%2F11vylzdyr6!19sChIJnbwU7X2d8kcRtQrMlXKb0Jc?authuser=0&hl=fr&rclk=1
Centre aquatique des Grands Prés,4.0,,Centre aquatique des Grands Prés,,Mondoubleau+France,Parc aquatique,https://www.google.com/maps/place/Centre+aquatique+des+Grands+Pr%C3%A9s/data=!4m7!3m6!1s0x47e36a2ee45abadb:0x16d7fb174625bc2c!8m2!3d47.79075!4d1.0745356!16s%2Fg%2F1tg9mf62!19sChIJ27pa5C5q40cRLLwlRhf71xY?authuser=0&hl=fr&rclk=1
BED & SPA - SOUS MON TOI - TOPDESTINATION DIJON,4.1,,BED & SPA - SOUS MON TOI - TOPDESTINATION DIJON,,Fontaine-lès-Dijon+France,Hôtel avec spa,https://www.google.com/maps/place/BED+%26+SPA+-+SOUS+MON+TOI+-+TOPDESTINATION+DIJON/data=!4m10!3m9!1s0x47f29de99bae1d09:0x54dcb7acbeefa829!5m2!4m1!1i2!8m2!3d47.3195482!4d5.0285102!16s%2Fg%2F11j8tp3904!19sChIJCR2um-md8kcRKajvvqy33FQ?authuser=0&hl=fr&rclk=1
La Maison des Oiseaux. Roulotte,4.9,,La Maison des Oiseaux. Roulotte,,Fontaine-lès-Croisilles+France,Hôtel avec spa,https://www.google.com/maps/place/La+Maison+des+Oiseaux.+Roulotte/data=!4m10!3m9!1s0x47dd487ddd5445c1:0x8148a48ac22e362c!5m2!4m1!1i2!8m2!3d50.2750259!4d2.7801028!16s%2Fg%2F11hx61qfpt!19sChIJwUVU3X1I3UcRLDYuwoqkSIE?authuser=0&hl=fr&rclk=1
Centre Nautique Les Riviérades,4.0,,Centre Nautique Les Riviérades,,Mondoubleau+France,Parc aquatique,https://www.google.com/maps/place/Centre+Nautique+Les+Rivi%C3%A9rades/data=!4m7!3m6!1s0x47e379663d11fab5:0xb16561b232368626!8m2!3d48.005553!4d1.238079!16s%2Fg%2F11btmqp876!19sChIJtfoRPWZ540cRJoY2MrJhZbE?authuser=0&hl=fr&rclk=1
Loft & Spa Privatif à Dijon,4.8,,Loft & Spa Privatif à Dijon,,Fontaine-lès-Dijon+France,Hôtel avec spa,https://www.google.com/maps/place/Loft+%26+Spa+Privatif+%C3%A0+Dijon/data=!4m10!3m9!1s0x47f29decce4446af:0x20999c85f13c1ff5!5m2!4m1!1i2!8m2!3d47.325736!4d5.0337935!16s%2Fg%2F11fzq2y2kb!19sChIJr0ZEzuyd8kcR9R888YWcmSA?authuser=0&hl=fr&rclk=1
AQUAPARC Toulouse,4.3,,AQUAPARC Toulouse,,Mondouzil+France,Parc aquatique,https://www.google.com/maps/place/AQUAPARC+Toulouse/data=!4m7!3m6!1s0x12aeefb2a4b1c9c5:0x179fb3ebc84ef26!8m2!3d43.3538398!4d1.6452629!16s%2Fg%2F11cn5g97lv!19sChIJxcmxpLLvrhIRJu-EvD77eQE?authuser=0&hl=fr&rclk=1
Papéa Parc,4.6,,Papéa Parc,,Mondoubleau+France,Parc aquatique,https://www.google.com/maps/place/Pap%C3%A9a+Parc/data=!4m7!3m6!1s0x47e28bffeb6ff67b:0x9956e1c49a6f7a61!8m2!3d48.002013!4d0.2509292!16s%2Fg%2F1218czhp!19sChIJe_Zv6_-L4kcRYXpvmsThVpk?authuser=0&hl=fr&rclk=1
Le Nid de la Chouette · Apparts Spa Dijon,4.8,,Le Nid de la Chouette,Apparts Spa Dijon,Fontaine-lès-Dijon+France,Hôtel avec spa,https://www.google.com/maps/place/Le+Nid+de+la+Chouette+%C2%B7+Apparts+Spa+Dijon/data=!4m10!3m9!1s0x47f29d678fec4a1f:0xc011dbbf0baf9b24!5m2!4m1!1i2!8m2!3d47.319658!4d5.0251729!16s%2Fg%2F11jdyxzzy4!19sChIJH0rsj2ed8kcRJJuvC7_bEcA?authuser=0&hl=fr&rclk=1
Waterfun Monclar,4.4,,Waterfun Monclar,,Mondouzil+France,Parc aquatique,https://www.google.com/maps/place/Waterfun+Monclar/data=!4m7!3m6!1s0x12ac3c875165910b:0xa2c85143eb8a1c3c!8m2!3d43.9706497!4d1.5942331!16s%2Fg%2F11g9gqw6pn!19sChIJC5FlUYc8rBIRPByK60NRyKI?authuser=0&hl=fr&rclk=1
Aqua Mundo -Villages Nature,4.2,,Aqua Mundo -Villages Nature,,Mondoubleau+France,Parc aquatique,https://www.google.com/maps/place/Aqua+Mundo+-Villages+Nature/data=!4m7!3m6!1s0x47e8a8b117e14b23:0x5a0e6789e8354b1e!8m2!3d48.82876!4d2.817801!16s%2Fg%2F11ddx46b47!19sChIJI0vhF7Go6EcRHks16IlnDlo?authuser=0&hl=fr&rclk=1
Aquapark 31,4.5,,Aquapark 31,,Mondouzil+France,Parc aquatique,https://www.google.com/maps/place/Aquapark+31/data=!4m7!3m6!1s0x12ae8d38b20efc09:0xf9834f96c04ef058!8m2!3d43.5284896!4d1.7474743!16s%2Fg%2F11nwn3rs82!19sChIJCfwOsjiNrhIRWPBOwJZPg_k?authuser=0&hl=fr&rclk=1
L'Îlobulle,3.8,,L'Îlobulle,,Mondoubleau+France,Parc aquatique,https://www.google.com/maps/place/L%27%C3%8Elobulle/data=!4m7!3m6!1s0x47fb533df194cc8d:0xfaac5e5b3322fdc5!8m2!3d47.422315!4d1.43143!16s%2Fg%2F11b6gs07sw!19sChIJjcyU8T1T-0cRxf0iM1terPo?authuser=0&hl=fr&rclk=1
AquaPlayPark – Parc Aquatique Toulouse,4.3,,AquaPlayPark – Parc Aquatique Toulouse,,Mondouzil+France,Parc aquatique,https://www.google.com/maps/place/AquaPlayPark+%E2%80%93+Parc+Aquatique+Toulouse/data=!4m7!3m6!1s0x12aee3edcec6572f:0x5dcc3f7d5a0e87cf!8m2!3d43.2291198!4d1.6138812!16s%2Fg%2F11c5fy7q54!19sChIJL1fGzu3jrhIRz4cOWn0_zF0?authuser=0&hl=fr&rclk=1
Aquaboulevard de Paris,3.7,,Aquaboulevard de Paris,,Mondoubleau+France,Parc aquatique,https://www.google.com/maps/place/Aquaboulevard+de+Paris/data=!4m7!3m6!1s0x47e6718b1fbcd4fd:0xa7968d889eb5402a!8m2!3d48.8318042!4d2.2762627!16s%2Fg%2F120hhrtz!19sChIJ_dS8H4tx5kcRKkC1noiNlqc?authuser=0&hl=fr&rclk=1
Base de Loisirs des 3 Lacs,4.1,,Base de Loisirs des 3 Lacs,,Mondouzil+France,Parc aquatique,https://www.google.com/maps/place/Base+de+Loisirs+des+3+Lacs/data=!4m7!3m6!1s0x12ac3c87e848bb2b:0x18a7beff94de2105!8m2!3d43.9696052!4d1.5952079!16s%2Fg%2F11cn9j0hzj!19sChIJK7tI6Ic8rBIRBSHelP--pxg?authuser=0&hl=fr&rclk=1
Parc aquatique Aqua Mundo Center Parcs Les Trois Forêts,4.2,,Parc aquatique Aqua Mundo Center Parcs Les Trois Forêts,,Mondoubleau+France,Parc aquatique,https://www.google.com/maps/place/Parc+aquatique+Aqua+Mundo+Center+Parcs+Les+Trois+For%C3%AAts/data=!4m7!3m6!1s0x47940cf9c809f3d7:0xa06e64f07391c86b!8m2!3d48.6213789!4d6.9838248!16s%2Fg%2F11cm057dqd!19sChIJ1_MJyPkMlEcRa8iRc_BkbqA?authuser=0&hl=fr&rclk=1
AQUAVAL - Complexe de loisirs à Lautrec,4.2,,AQUAVAL - Complexe de loisirs à Lautrec,,Mondouzil+France,Parc aquatique,https://www.google.com/maps/place/AQUAVAL+-+Complexe+de+loisirs+%C3%A0+Lautrec/data=!4m7!3m6!1s0x12ae74a4ef28acc7:0x9ac15d606ae46587!8m2!3d43.7031115!4d2.1296714!16s%2Fg%2F1v1n_1wk!19sChIJx6wo76R0rhIRh2XkamBdwZo?authuser=0&hl=fr&rclk=1
O'Gliss Park,4.0,,O'Gliss Park,,Mondoubleau+France,Parc aquatique,https://www.google.com/maps/place/O%27Gliss+Park/data=!4m7!3m6!1s0x48041838fbcd0fa3:0xf86c307bbd3f89e!8m2!3d46.4555894!4d-1.4186926!16s%2Fg%2F1td3kzhh!19sChIJow_N-zgYBEgRnvjTuwfDhg8?authuser=0&hl=fr&rclk=1
AQUALUDIA,3.9,,AQUALUDIA,,Mondouzil+France,Parc aquatique,https://www.google.com/maps/place/AQUALUDIA/data=!4m7!3m6!1s0x12aec82674ed212f:0x72a896f445ecd076!8m2!3d43.4726091!4d1.3399518!16s%2Fg%2F1v3g6fgd!19sChIJLyHtdCbIrhIRdtDsRfSWqHI?authuser=0&hl=fr&rclk=1
Hotel & Spa Le Grand Monarque Chartres,4.4,,SponsoriséPar Booking.com,,Briconville+France,Hôtel avec spa,https://www.google.com/maps/place/Hotel+%26+Spa+Le+Grand+Monarque+Chartres/data=!4m10!3m9!1s0x47e40c46a1c3eb1d:0x375aeb08ac2c70ca!5m2!4m1!1i2!8m2!3d48.444432!4d1.483115!16s%2Fg%2F1tj72w_9!19sChIJHevDoUYM5EcRynAsrAjrWjc?authuser=0&hl=fr&rclk=1
Parc aquatique,5.0,,Parc aquatique,,Mondoubleau+France,Parc aquatique,https://www.google.com/maps/place/Parc+aquatique/data=!4m7!3m6!1s0x47f9a7149e6a5973:0x6c00cdb9f81e333!8m2!3d45.7903872!4d1.8977182!16s%2Fg%2F11jkwt4968!19sChIJc1lqnhSn-UcRM-OBn9sMwAY?authuser=0&hl=fr&rclk=1
Le Domaine du Moulin 28 & Spa Chartres,4.6,,Le Domaine du Moulin 28 & Spa Chartres,,Briconville+France,Hôtel avec spa,https://www.google.com/maps/place/Le+Domaine+du+Moulin+28+%26+Spa+Chartres/data=!4m10!3m9!1s0x47e409b9173b8b3b:0x6434826e22e5c246!5m2!4m1!1i2!8m2!3d48.4967906!4d1.3955064!16s%2Fg%2F11ggng8hx2!19sChIJO4s7F7kJ5EcRRsLlIm6CNGQ?authuser=0&hl=fr&rclk=1
Atlantic Toboggan,4.0,,Atlantic Toboggan,,Mondoubleau+France,Parc aquatique,https://www.google.com/maps/place/Atlantic+Toboggan/data=!4m7!3m6!1s0x4804561d5e901d67:0x258896fd4f24c06b!8m2!3d46.7586033!4d-2.024573!16s%2Fg%2F1tdc956c!19sChIJZx2QXh1WBEgRa8AkT_2WiCU?authuser=0&hl=fr&rclk=1
Hotel & Spa Le Grand Monarque Chartres,4.4,,Hotel & Spa Le Grand Monarque Chartres,,Briconville+France,Hôtel avec spa,https://www.google.com/maps/place/Hotel+%26+Spa+Le+Grand+Monarque+Chartres/data=!4m10!3m9!1s0x47e40c469e3466f1:0x375aeb08ac2c70ca!5m2!4m1!1i2!8m2!3d48.4444318!4d1.483115!16s%2Fg%2F1tj72w_9!19sChIJ8WY0nkYM5EcRynAsrAjrWjc?authuser=0&hl=fr&rclk=1
Piscine municipale de Bessé-sur-Braye,4.3,,Piscine municipale de Bessé-sur-Braye,,Mondoubleau+France,Parc aquatique,https://www.google.com/maps/place/Piscine+municipale+de+Bess%C3%A9-sur-Braye/data=!4m7!3m6!1s0x47e31952651ed147:0x8d4b53657a6794d6!8m2!3d47.8311584!4d0.753572!16s%2Fg%2F11bz_z2cdx!19sChIJR9EeZVIZ40cR1pRnemVTS40?authuser=0&hl=fr&rclk=1
Hotel Jehan de Beauce - Teritoria,4.1,,Hotel Jehan de Beauce - Teritoria,,Briconville+France,Hôtel avec spa,https://www.google.com/maps/place/Hotel+Jehan+de+Beauce+-+Teritoria/data=!4m10!3m9!1s0x47e40c40cc98d039:0xafc4357d861d785c!5m2!4m1!1i2!8m2!3d48.4475455!4d1.4819383!16s%2Fg%2F1tdy8b_y!19sChIJOdCYzEAM5EcRXHgdhn01xK8?authuser=0&hl=fr&rclk=1
Le Lodge des charmes - Love room - Chambre Luxueuse avec Jacuzzi Privatif - Week-end insolite Chartres proche Paris,4.9,,Le Lodge des charmes - Love room - Chambre Luxueuse avec Jacuzzi Privatif - Week-end insolite Chartres proche Paris,,Briconville+France,Hôtel avec spa,https://www.google.com/maps/place/Le+Lodge+des+charmes+-+Love+room+-+Chambre+Luxueuse+avec+Jacuzzi+Privatif+-+Week-end+insolite+Chartres+proche+Paris/data=!4m10!3m9!1s0x47e40f91a1a38ccb:0x19cd072362ec94cc!5m2!4m1!1i2!8m2!3d48.4697019!4d1.4757523!16s%2Fg%2F11v06hxf6l!19sChIJy4yjoZEP5EcRzJTsYiMHzRk?authuser=0&hl=fr&rclk=1
La Forêt des Champos | Parc d'attractions nature,4.6,,La Forêt des Champos | Parc d'attractions nature,,Saint-Donat+France,Parc aquatique,https://www.google.com/maps/place/La+For%C3%AAt+des+Champos+%7C+Parc+d%27attractions+nature/data=!4m7!3m6!1s0x47f5497ee3a78371:0x1b2b6b3b3f178771!8m2!3d45.13639!4d5.004837!16s%2Fg%2F11wjw1_n5f!19sChIJcYOn435J9UcRcYcXPztrKxs?authuser=0&hl=fr&rclk=1
Camping du domaine du Lac de Champos,4.2,,Camping du domaine du Lac de Champos,,Saint-Donat+France,Parc aquatique,https://www.google.com/maps/place/Camping+du+domaine+du+Lac+de+Champos/data=!4m7!3m6!1s0x47f5492e37849b65:0x2bee030b58fcedf1!8m2!3d45.1325535!4d5.0038433!16s%2Fg%2F1tw_mlbk!19sChIJZZuENy5J9UcR8e38WAsD7is?authuser=0&hl=fr&rclk=1
Slidesparc,4.3,,Slidesparc,,Saint-Donat+France,Parc aquatique,https://www.google.com/maps/place/Slidesparc/data=!4m7!3m6!1s0x47f54726b5f33711:0xeb894e0ea847cd7!8m2!3d45.1757396!4d4.883282!16s%2Fg%2F11h6rr_jnq!19sChIJETfztSZH9UcR13yE6uCUuA4?authuser=0&hl=fr&rclk=1
Aqualand St-Cyr-Sur-Mer | Parc Aquatique,3.3,,Aqualand St-Cyr-Sur-Mer | Parc Aquatique,,Saint-Donat+France,Parc aquatique,https://www.google.com/maps/place/Aqualand+St-Cyr-Sur-Mer+%7C+Parc+Aquatique/data=!4m7!3m6!1s0x12c9a87a4868a82f:0x4a07dc2b90f6a00f!8m2!3d43.184662!4d5.694891!16s%2Fg%2F1td811s1!19sChIJL6hoSHqoyRIRD6D2kCvcB0o?authuser=0&hl=fr&rclk=1
Aquaparc Bases de Loisirs,4.0,,Aquaparc Bases de Loisirs,,Saint-Donat+France,Parc aquatique,https://www.google.com/maps/place/Aquaparc+Bases+de+Loisirs/data=!4m7!3m6!1s0x47f547b77dac6785:0xc62ba156241ed609!8m2!3d45.174253!4d4.883139!16s%2Fg%2F11gzs6w23x!19sChIJhWesfbdH9UcRCdYeJFahK8Y?authuser=0&hl=fr&rclk=1
Aquasplash,3.2,,Aquasplash,,Saint-Donat+France,Parc aquatique,https://www.google.com/maps/place/Aquasplash/data=!4m7!3m6!1s0x12cdd4e53094e195:0x3231a5821eee6141!8m2!3d43.615356!4d7.124161!16s%2Fg%2F12hmcfpvc!19sChIJleGUMOXUzRIRQWHuHoKlMTI?authuser=0&hl=fr&rclk=1
Aqualand Fréjus - Parc Aquatique,3.3,,Aqualand Fréjus - Parc Aquatique,,Saint-Donat+France,Parc aquatique,https://www.google.com/maps/place/Aqualand+Fr%C3%A9jus+-+Parc+Aquatique/data=!4m7!3m6!1s0x12cebd6aca995eb7:0xa11c6b1f318e14fb!8m2!3d43.418155!4d6.726729!16s%2Fm%2F0k7ny58!19sChIJt16Zymq9zhIR-xSOMR9rHKE?authuser=0&hl=fr&rclk=1
Aquasplash,4.7,,Aquasplash,,Saint-Donat+France,Parc aquatique,https://www.google.com/maps/place/Aquasplash/data=!4m7!3m6!1s0x12cb61bdf6d737cb:0x1d79805cfc40da17!8m2!3d44.4600922!4d6.3641427!16s%2Fg%2F11h3ryl57r!19sChIJyzfX9r1hyxIRF9pA_FyAeR0?authuser=0&hl=fr&rclk=1
Mondorf Domaine Thermal - Les Thermes,4.4,,Mondorf Domaine Thermal - Les Thermes,,Mondorff+France,Centre thermal,https://www.google.com/maps/place/Mondorf+Domaine+Thermal+-+Les+Thermes/data=!4m10!3m9!1s0x47953f6c7ea63f1d:0xc87057694d41da78!5m2!4m1!1i2!8m2!3d49.5021445!4d6.2822052!16s%2Fg%2F11fxb78gj9!19sChIJHT-mfmw_lUcReNpBTWlXcMg?authuser=0&hl=fr&rclk=1
b’o resort thermal & spa,4.0,,b’o resort thermal & spa,,Bricquebosq+France,Centre thermal,https://www.google.com/maps/place/b%E2%80%99o+resort+thermal+%26+spa/data=!4m7!3m6!1s0x4809920fb7cde013:0xb9f68bb714bc27fa!8m2!3d48.5541499!4d-0.4163055!16s%2Fg%2F1223wsxy!19sChIJE-DNtw-SCUgR-ie8FLeL9rk?authuser=0&hl=fr&rclk=1
Aqua slide park,4.4,,Aqua slide park,,Saint-Donat+France,Parc aquatique,https://www.google.com/maps/place/Aqua+slide+park/data=!4m7!3m6!1s0x47e64978801ac977:0x27ac01f1cd194be5!8m2!3d49.2110331!4d2.4127098!16s%2Fg%2F11w3_m7x5w!19sChIJd8kagHhJ5kcR5UsZzfEBrCc?authuser=0&hl=fr&rclk=1
Centre Thermal De Mondorf-Les-Bains (Parking),4.3,,Centre Thermal De Mondorf-Les-Bains (Parking),,Mondorff+France,Centre thermal,https://www.google.com/maps/place/Centre+Thermal+De+Mondorf-Les-Bains+%28Parking%29/data=!4m7!3m6!1s0x47953f6c732843bd:0x255261ad583416ba!8m2!3d49.5036597!4d6.2813878!16s%2Fg%2F11b806slvr!19sChIJvUMoc2w_lUcRuhY0WK1hUiU?authuser=0&hl=fr&rclk=1
Parc aquatique Wibit,4.3,,Parc aquatique Wibit,,Saint-Donat+France,Parc aquatique,https://www.google.com/maps/place/Parc+aquatique+Wibit/data=!4m7!3m6!1s0x478c02deda07823b:0xc9cc93d919902db2!8m2!3d46.1523953!4d6.6713589!16s%2Fg%2F11dxjn53g0!19sChIJO4IH2t4CjEcRsi2QGdmTzMk?authuser=0&hl=fr&rclk=1
Parc Thermal de Mondorf les Bains,4.6,,Parc Thermal de Mondorf les Bains,,Mondorff+France,Centre thermal,https://www.google.com/maps/place/Parc+Thermal+de+Mondorf+les+Bains/data=!4m7!3m6!1s0x47953f6d2085310d:0xa9c74928c91de293!8m2!3d49.5006758!4d6.2817207!16s%2Fg%2F11d_pkm1wh!19sChIJDTGFIG0_lUcRk-IdyShJx6k?authuser=0&hl=fr&rclk=1
Thermes de Préchacq-les-bains,4.6,,Thermes de Préchacq-les-bains,,Bricquebosq+France,Centre thermal,https://www.google.com/maps/place/Thermes+de+Pr%C3%A9chacq-les-bains/data=!4m7!3m6!1s0xd56a042e7d8c9db:0xa9c4350babba657!8m2!3d43.765507!4d-0.9331299!16s%2Fg%2F1q4kn7dy8!19sChIJ28nY50KgVg0RV6a7ulBDnAo?authuser=0&hl=fr&rclk=1
Parc aquatique Aqua Mundo - Center Parcs Domaine Les Bois-Francs,4.0,,Parc aquatique Aqua Mundo - Center Parcs Domaine Les Bois-Francs,,Bricqueville+France,Parc aquatique,https://www.google.com/maps/place/Parc+aquatique+Aqua+Mundo+-+Center+Parcs+Domaine+Les+Bois-Francs/data=!4m7!3m6!1s0x47e17d43a8ed690d:0xf300cd76ca0653ec!8m2!3d48.728902!4d0.840066!16s%2Fg%2F11cnmwmkff!19sChIJDWntqEN94UcR7FMGynbNAPM?authuser=0&hl=fr&rclk=1
Vitam Parc,3.4,,Vitam Parc,,Saint-Donat+France,Parc aquatique,https://www.google.com/maps/place/Vitam+Parc/data=!4m7!3m6!1s0x478c794d272823eb:0x2c43d7cfd70b6683!8m2!3d46.1238731!4d6.0966886!16s%2Fg%2F11fy1dxbj8!19sChIJ6yMoJ015jEcRg2YL18_XQyw?authuser=0&hl=fr&rclk=1
Spa Les Thermes,4.4,,Spa Les Thermes,,Bricquebosq+France,Centre thermal,https://www.google.com/maps/place/Spa+Les+Thermes/data=!4m7!3m6!1s0x47e02d088d38623f:0xda86ecfdd887d8c4!8m2!3d49.4028304!4d0.1424152!16s%2Fg%2F1ptxj1wgq!19sChIJP2I4jQgt4EcRxNiH2P3shto?authuser=0&hl=fr&rclk=1
Mondorf Parc Hôtel & Spa,4.5,,Mondorf Parc Hôtel & Spa,,Mondorff+France,Centre thermal,https://www.google.com/maps/place/Mondorf+Parc+H%C3%B4tel+%26+Spa/data=!4m10!3m9!1s0x47953f6cec2473d7:0x8b00e4b27ba415e7!5m2!4m1!1i2!8m2!3d49.5031372!4d6.2835512!16s%2Fg%2F1tj1q_ws!19sChIJ13Mk7Gw_lUcR5xWke7LkAIs?authuser=0&hl=fr&rclk=1
Bayeux Aventure,4.6,,Bayeux Aventure,,Bricqueville+France,Parc aquatique,https://www.google.com/maps/place/Bayeux+Aventure/data=!4m7!3m6!1s0x480ba9404a9ebfb5:0x5fea7394d1e70ff6!8m2!3d49.287025!4d-0.765427!16s%2Fg%2F1hc1g8g53!19sChIJtb-eSkCpC0gR9g_n0ZRz6l8?authuser=0&hl=fr&rclk=1
Aquaparc,4.3,,Aquaparc,,Saint-Donat+France,Parc aquatique,https://www.google.com/maps/place/Aquaparc/data=!4m7!3m6!1s0x478e9bff9a80c3bb:0xbaf2ec6cdcfbc93e!8m2!3d46.3895221!4d6.8625021!16s%2Fg%2F122rd4t5!19sChIJu8OAmv-bjkcRPsn73Gzs8ro?authuser=0&hl=fr&rclk=1
EOLE Aventure,4.4,,EOLE Aventure,,Bricqueville+France,Parc aquatique,https://www.google.com/maps/place/EOLE+Aventure/data=!4m7!3m6!1s0x480a6589a5f9f74d:0x73534d443e65a716!8m2!3d49.205516!4d-0.2256631!16s%2Fg%2F11b6dm_nqm!19sChIJTff5pYllCkgRFqdlPkRNU3M?authuser=0&hl=fr&rclk=1
Aquaboulevard de Paris,3.7,,Aquaboulevard de Paris,,Saint-Donat+France,Parc aquatique,https://www.google.com/maps/place/Aquaboulevard+de+Paris/data=!4m7!3m6!1s0x47e6718b1fbcd4fd:0xa7968d889eb5402a!8m2!3d48.8318042!4d2.2762627!16s%2Fg%2F120hhrtz!19sChIJ_dS8H4tx5kcRKkC1noiNlqc?authuser=0&hl=fr&rclk=1
Ange Michel - Parc d'attractions,4.2,,Ange Michel - Parc d'attractions,,Bricqueville+France,Parc aquatique,https://www.google.com/maps/place/Ange+Michel+-+Parc+d%27attractions/data=!4m7!3m6!1s0x4809500a49ec21e5:0x6d23af0aac5db2cc!8m2!3d48.5689665!4d-1.2027811!16s%2Fg%2F1tdclbmj!19sChIJ5SHsSQpQCUgRzLJdrAqvI20?authuser=0&hl=fr&rclk=1
Saint-Donan,,,Saint-Donan,,Saint-Donan+France,Centre thermal,https://www.google.com/maps/place/Saint-Donan/data=!4m7!3m6!1s0x4811e46cb82ae26d:0x40ca5cd36e629b0!8m2!3d48.469663!4d-2.884151!16s%2Fm%2F03m4byb!19sChIJbeIquGzkEUgRsCnmNs2lDAQ?authuser=0&hl=fr&rclk=1
Atlantic Toboggan,4.0,,Atlantic Toboggan,,Saint-Donat+France,Parc aquatique,https://www.google.com/maps/place/Atlantic+Toboggan/data=!4m7!3m6!1s0x4804561d5e901d67:0x258896fd4f24c06b!8m2!3d46.7586033!4d-2.024573!16s%2Fg%2F1tdc956c!19sChIJZx2QXh1WBEgRa8AkT_2WiCU?authuser=0&hl=fr&rclk=1
Base de loisirs du Lac Terre d'Auge à Pont-l'Evêque,4.1,,Base de loisirs du Lac Terre d'Auge à Pont-l'Evêque,,Bricqueville+France,Parc aquatique,https://www.google.com/maps/place/Base+de+loisirs+du+Lac+Terre+d%27Auge+%C3%A0+Pont-l%27Ev%C3%AAque/data=!4m7!3m6!1s0x47e1cde6bda495bb:0xff60905e7b25b59d!8m2!3d49.273947!4d0.2037134!16s%2Fg%2F1tfs0bz8!19sChIJu5WkvebN4UcRnbUle16QYP8?authuser=0&hl=fr&rclk=1
Parc Saint-Donat,3.9,,Parc Saint-Donat,,Saint-Donat+France,Parc aquatique,https://www.google.com/maps/place/Parc+Saint-Donat/data=!4m7!3m6!1s0x47f5492e0f96d5cb:0x8b7af41aa96914b4!8m2!3d45.1210841!4d4.984582!16s%2Fg%2F11g021s8v5!19sChIJy9WWDy5J9UcRtBRpqRr0eos?authuser=0&hl=fr&rclk=1
"Aqua Diva - Centre Aqualudique, Fitness et Bien-être à Cabourg",3.9,,"Aqua Diva - Centre Aqualudique, Fitness et Bien-être à Cabourg",,Bricqueville+France,Parc aquatique,"https://www.google.com/maps/place/Aqua+Diva+-+Centre+Aqualudique,+Fitness+et+Bien-%C3%AAtre+%C3%A0+Cabourg/data=!4m7!3m6!1s0x480a7d0013f92ed5:0x3f424be1a59f08da!8m2!3d49.2852116!4d-0.1239!16s%2Fg%2F11y5z7hnv9!19sChIJ1S75EwB9CkgR2gifpeFLQj8?authuser=0&hl=fr&rclk=1"
La Bouscarasse,4.0,,La Bouscarasse,,Saint-Donat+France,Parc aquatique,https://www.google.com/maps/place/La+Bouscarasse/data=!4m7!3m6!1s0x12b44a442540f613:0xd473ab87bdc05214!8m2!3d44.037433!4d4.3262812!16s%2Fg%2F1tctzm7q!19sChIJE_ZAJURKtBIRFFLAvYerc9Q?authuser=0&hl=fr&rclk=1
Le Dôme,4.3,,Le Dôme,,Bricqueville+France,Parc aquatique,https://www.google.com/maps/place/Le+D%C3%B4me/data=!4m7!3m6!1s0x47e17d69db837cbb:0x3f355f2ea5f3736c!8m2!3d48.7284774!4d0.8399143!16s%2Fg%2F11g8dk9ss1!19sChIJu3yD22l94UcRbHPzpS5fNT8?authuser=0&hl=fr&rclk=1
aquajump27,4.3,,aquajump27,,Bricqueville+France,Parc aquatique,https://www.google.com/maps/place/aquajump27/data=!4m7!3m6!1s0x47e1277fb4efb353:0xa9de3b3f2137dc1e!8m2!3d49.3017272!4d1.2148916!16s%2Fg%2F11np3mrkks!19sChIJU7PvtH8n4UcRHtw3IT873qk?authuser=0&hl=fr&rclk=1
Aquaparc La Ferté Macé,3.8,,Aquaparc La Ferté Macé,,Bricqueville+France,Parc aquatique,https://www.google.com/maps/place/Aquaparc+La+Fert%C3%A9+Mac%C3%A9/data=!4m7!3m6!1s0x48098d6720004e87:0xe39b89f4e6a4354f!8m2!3d48.5914681!4d-0.3701921!16s%2Fg%2F11sty88h1b!19sChIJh04AIGeNCUgRTzWk5vSJm-M?authuser=0&hl=fr&rclk=1
Camping Château de Lez-Eaux,4.5,,Camping Château de Lez-Eaux,,Bricqueville+France,Parc aquatique,https://www.google.com/maps/place/Camping+Ch%C3%A2teau+de+Lez-Eaux/data=!4m10!3m9!1s0x410be6215177af39:0x24926731ab3a1942!5m2!4m1!1i2!8m2!3d48.798038!4d-1.524191!16s%2Fg%2F11b5zqmvkq!19sChIJOa93USHmC0ERQhk6qzFnkiQ?authuser=0&hl=fr&rclk=1
L'hostellerie du château de Bricquebec,4.0,,L'hostellerie du château de Bricquebec,,Bricquebec-en-Cotentin+France,Centre thermal,https://www.google.com/maps/place/L%27hostellerie+du+ch%C3%A2teau+de+Bricquebec/data=!4m10!3m9!1s0x480c8f0f55a01435:0xd890ebf85804f82c!5m2!4m1!1i2!8m2!3d49.470044!4d-1.63237!16s%2Fm%2F03wg4cd!19sChIJNRSgVQ-PDEgRLPgEWPjrkNg?authuser=0&hl=fr&rclk=1
Aquaboulevard de Paris,3.7,,Aquaboulevard de Paris,,Bricqueville+France,Parc aquatique,https://www.google.com/maps/place/Aquaboulevard+de+Paris/data=!4m7!3m6!1s0x47e6718b1fbcd4fd:0xa7968d889eb5402a!8m2!3d48.8318042!4d2.2762627!16s%2Fg%2F120hhrtz!19sChIJ_dS8H4tx5kcRKkC1noiNlqc?authuser=0&hl=fr&rclk=1
Cour du Château,4.3,,Cour du Château,,Bricquebec-en-Cotentin+France,Centre thermal,https://www.google.com/maps/place/Cour+du+Ch%C3%A2teau/data=!4m7!3m6!1s0x480c8f0f5772a19f:0xa0dd92894efc4b5a!8m2!3d49.4702717!4d-1.6323083!16s%2Fg%2F1yfjg54sr!19sChIJn6FyVw-PDEgRWkv8TomS3aA?authuser=0&hl=fr&rclk=1
Mondonville-Saint-Jean,,,Mondonville-Saint-Jean,,Mondonville-Saint-Jean+France,Centre thermal,https://www.google.com/maps/place/Mondonville-Saint-Jean/data=!4m7!3m6!1s0x47e447148dd3becd:0x40dc8d705397ac0!8m2!3d48.364279!4d1.824836!16s%2Fm%2F03nrlk_!19sChIJzb7TjRRH5EcRwHo5BdfIDQQ?authuser=0&hl=fr&rclk=1
La Cité de la Mer,4.5,,La Cité de la Mer,,Bricqueville+France,Parc aquatique,https://www.google.com/maps/place/La+Cit%C3%A9+de+la+Mer/data=!4m7!3m6!1s0x480c9784fb40c891:0xd2fb44317db3cd59!8m2!3d49.6462527!4d-1.6179554!16zL20vMDhuYmpw!19sChIJkchA-4SXDEgRWc2zfTFE-9I?authuser=0&hl=fr&rclk=1
Thermes de Balaruc-les-Bains,4.2,,Thermes de Balaruc-les-Bains,,Saint-Domineuc+France,Centre thermal,https://www.google.com/maps/place/Thermes+de+Balaruc-les-Bains/data=!4m7!3m6!1s0x12b14a1173702cbb:0xf0542093c0f04c40!8m2!3d43.4366418!4d3.6758424!16s%2Fg%2F11b7rxhbph!19sChIJuyxwcxFKsRIRQEzwwJMgVPA?authuser=0&hl=fr&rclk=1
b’o resort thermal & spa,4.0,,b’o resort thermal & spa,,Bricquebec-en-Cotentin+France,Centre thermal,https://www.google.com/maps/place/b%E2%80%99o+resort+thermal+%26+spa/data=!4m7!3m6!1s0x4809920fb7cde013:0xb9f68bb714bc27fa!8m2!3d48.5541499!4d-0.4163055!16s%2Fg%2F1223wsxy!19sChIJE-DNtw-SCUgR-ie8FLeL9rk?authuser=0&hl=fr&rclk=1
Aquapark - Bzhwakepark,4.5,,Aquapark - Bzhwakepark,,Bricqueville+France,Parc aquatique,https://www.google.com/maps/place/Aquapark+-+Bzhwakepark/data=!4m7!3m6!1s0x480e6b2103f4c8b1:0x922a50a62541d2a0!8m2!3d48.3876925!4d-2.3341484!16s%2Fg%2F11svm96h2d!19sChIJscj0AyFrDkgRoNJBJaZQKpI?authuser=0&hl=fr&rclk=1
Val Déco,4.8,,Val Déco,,Saint-Domineuc+France,Centre thermal,https://www.google.com/maps/place/Val+D%C3%A9co/data=!4m7!3m6!1s0x480eed5f843b0ca1:0x34b666f2b2d1680e!8m2!3d48.3605025!4d-1.8703093!16s%2Fg%2F11btmq9rfx!19sChIJoQw7hF_tDkgRDmjRsvJmtjQ?authuser=0&hl=fr&rclk=1
Office de Tourisme du Cotentin | Bureau de Bricquebec,4.2,,Office de Tourisme du Cotentin | Bureau de Bricquebec,,Bricquebec-en-Cotentin+France,Centre thermal,https://www.google.com/maps/place/Office+de+Tourisme+du+Cotentin+%7C+Bureau+de+Bricquebec/data=!4m7!3m6!1s0x480c8f08abb6195f:0x6152e91630cf1270!8m2!3d49.4708786!4d-1.6323338!16s%2Fg%2F1tdzqj9m!19sChIJXxm2qwiPDEgRcBLPMBbpUmE?authuser=0&hl=fr&rclk=1
Tolysland,4.3,,Tolysland,,Bricqueville+France,Parc aquatique,https://www.google.com/maps/place/Tolysland/data=!4m7!3m6!1s0x47e12d18b93b3ab5:0x7e81e24ee65b5fdb!8m2!3d49.23229!4d1.378945!16s%2Fg%2F1tfdy40n!19sChIJtTo7uRgt4UcR219b5k7igX4?authuser=0&hl=fr&rclk=1
Centre aquatique La Piscine,3.9,,Centre aquatique La Piscine,,Bricqueville+France,Parc aquatique,https://www.google.com/maps/place/Centre+aquatique+La+Piscine/data=!4m7!3m6!1s0x47e06b6d63d4b387:0xa893fe1f92f26ba0!8m2!3d49.7542609!4d0.3870957!16s%2Fg%2F1tdj3hg2!19sChIJh7PUY21r4EcRoGvykh_-k6g?authuser=0&hl=fr&rclk=1
Parc aquatique du Perche,4.1,,Parc aquatique du Perche,,Fontaine-les-Grès+France,Parc aquatique,https://www.google.com/maps/place/Parc+aquatique+du+Perche/data=!4m7!3m6!1s0x47e3c27e95a0d4e5:0xef2895d8afed7b11!8m2!3d48.5126247!4d1.0193802!16s%2Fg%2F1tf6fy9q!19sChIJ5dSglX7C40cREXvtr9iVKO8?authuser=0&hl=fr&rclk=1
Beaver Aquapark,4.4,,Beaver Aquapark,,Fontaine-les-Grès+France,Parc aquatique,https://www.google.com/maps/place/Beaver+Aquapark/data=!4m7!3m6!1s0x47ec23335c3beb43:0xc86e8dff3fbccc31!8m2!3d48.262844!4d4.3442435!16s%2Fg%2F11hdqjdbfr!19sChIJQ-s7XDMj7EcRMcy8P_-Nbsg?authuser=0&hl=fr&rclk=1
"Le Grand Hôtel, The Originals Relais",4.2,,SponsoriséPar Booking.com,,Saint-Domet+France,Hôtel avec spa,"https://www.google.com/maps/place/Le+Grand+H%C3%B4tel,+The+Originals+Relais/data=!4m10!3m9!1s0x47fa01fe30459ba7:0x79aac2b7464b147c!5m2!4m1!1i2!8m2!3d46.182879!4d2.487091!16s%2Fg%2F1tf1b33h!19sChIJp5tFMP4B-kcRfBRLRrfCqnk?authuser=0&hl=fr&rclk=1"
Parc aquatique Aqua Mundo Center Parcs Les Trois Forêts,4.2,,Parc aquatique Aqua Mundo Center Parcs Les Trois Forêts,,Fontaine-les-Grès+France,Parc aquatique,https://www.google.com/maps/place/Parc+aquatique+Aqua+Mundo+Center+Parcs+Les+Trois+For%C3%AAts/data=!4m7!3m6!1s0x47940cf9c809f3d7:0xa06e64f07391c86b!8m2!3d48.6213789!4d6.9838248!16s%2Fg%2F11cm057dqd!19sChIJ1_MJyPkMlEcRa8iRc_BkbqA?authuser=0&hl=fr&rclk=1
Parc aquatique Aqua Mundo - Center Parcs Domaine Les Bois-Francs,4.0,,Parc aquatique Aqua Mundo - Center Parcs Domaine Les Bois-Francs,,Fontaine-les-Grès+France,Parc aquatique,https://www.google.com/maps/place/Parc+aquatique+Aqua+Mundo+-+Center+Parcs+Domaine+Les+Bois-Francs/data=!4m7!3m6!1s0x47e17d43a8ed690d:0xf300cd76ca0653ec!8m2!3d48.728902!4d0.840066!16s%2Fg%2F11cnmwmkff!19sChIJDWntqEN94UcR7FMGynbNAPM?authuser=0&hl=fr&rclk=1
"Le Grand Hôtel, The Originals Relais",4.2,,"Le Grand Hôtel, The Originals Relais",,Saint-Domet+France,Hôtel avec spa,"https://www.google.com/maps/place/Le+Grand+H%C3%B4tel,+The+Originals+Relais/data=!4m10!3m9!1s0x47fa01fe3193613d:0x79aac2b7464b147c!5m2!4m1!1i2!8m2!3d46.182879!4d2.487091!16s%2Fg%2F1tf1b33h!19sChIJPWGTMf4B-kcRfBRLRrfCqnk?authuser=0&hl=fr&rclk=1"
Parc Aquatique Géant Water Glisse Passion - Lac Aréna,4.2,,Parc Aquatique Géant Water Glisse Passion - Lac Aréna,,Fontaine-les-Grès+France,Parc aquatique,https://www.google.com/maps/place/Parc+Aquatique+G%C3%A9ant+Water+Glisse+Passion+-+Lac+Ar%C3%A9na/data=!4m7!3m6!1s0x12cea4ce3c0f7fcf:0xf21e0a74de5889ac!8m2!3d43.4518737!4d6.6322165!16s%2Fg%2F11c1r1899l!19sChIJz38PPM6kzhIRrIlY3nQKHvI?authuser=0&hl=fr&rclk=1
Boutique Hôtel & Spa Les Maisons du Pont,4.6,,Boutique Hôtel & Spa Les Maisons du Pont,,Saint-Domet+France,Hôtel avec spa,https://www.google.com/maps/place/Boutique+H%C3%B4tel+%26+Spa+Les+Maisons+du+Pont/data=!4m10!3m9!1s0x47f99477a7c11955:0xc502e3d39f690975!5m2!4m1!1i2!8m2!3d45.9573178!4d2.1668111!16s%2Fg%2F11c0vk8w3w!19sChIJVRnBp3eU-UcRdQlpn9PjAsU?authuser=0&hl=fr&rclk=1
WAVE ISLAND,3.3,,WAVE ISLAND,,Fontaine-les-Grès+France,Parc aquatique,https://www.google.com/maps/place/WAVE+ISLAND/data=!4m7!3m6!1s0x12b58c85f8a9d91b:0xd65402beb9af534a!8m2!3d44.0209685!4d4.9653771!16s%2Fg%2F11hcf1t5rc!19sChIJG9mp-IWMtRIRSlOvub4CVNY?authuser=0&hl=fr&rclk=1
Aqualand Fréjus - Parc Aquatique,3.3,,Aqualand Fréjus - Parc Aquatique,,Fontaine-les-Grès+France,Parc aquatique,https://www.google.com/maps/place/Aqualand+Fr%C3%A9jus+-+Parc+Aquatique/data=!4m7!3m6!1s0x12cebd6aca995eb7:0xa11c6b1f318e14fb!8m2!3d43.418155!4d6.726729!16s%2Fm%2F0k7ny58!19sChIJt16Zymq9zhIR-xSOMR9rHKE?authuser=0&hl=fr&rclk=1
Aquasplash,3.2,,Aquasplash,,Fontaine-les-Grès+France,Parc aquatique,https://www.google.com/maps/place/Aquasplash/data=!4m7!3m6!1s0x12cdd4e53094e195:0x3231a5821eee6141!8m2!3d43.615356!4d7.124161!16s%2Fg%2F12hmcfpvc!19sChIJleGUMOXUzRIRQWHuHoKlMTI?authuser=0&hl=fr&rclk=1
Aqualand St-Cyr-Sur-Mer | Parc Aquatique,3.3,,Aqualand St-Cyr-Sur-Mer | Parc Aquatique,,Fontaine-les-Grès+France,Parc aquatique,https://www.google.com/maps/place/Aqualand+St-Cyr-Sur-Mer+%7C+Parc+Aquatique/data=!4m10!3m9!1s0x12c9a87a4868a82f:0x4a07dc2b90f6a00f!5m2!4m1!1i2!8m2!3d43.184662!4d5.694891!16s%2Fg%2F1td811s1!19sChIJL6hoSHqoyRIRD6D2kCvcB0o?authuser=0&hl=fr&rclk=1
Aqua Family,4.2,,Aqua Family,,Fontaine-les-Grès+France,Parc aquatique,https://www.google.com/maps/place/Aqua+Family/data=!4m7!3m6!1s0x12c921c73208131f:0x9dbdc54ad9bd021d!8m2!3d43.0861999!4d6.1461576!16s%2Fg%2F11j11hc7dk!19sChIJHxMIMschyRIRHQK92UrFvZ0?authuser=0&hl=fr&rclk=1
Centre Aquatique du Provinois/ Le CAP,4.0,,Centre Aquatique du Provinois/ Le CAP,,Fontaine-les-Grès+France,Parc aquatique,https://www.google.com/maps/place/Centre+Aquatique+du+Provinois%2F+Le+CAP/data=!4m7!3m6!1s0x47ef31a4b3606091:0x92793416019c999e!8m2!3d48.5660037!4d3.2965932!16s%2Fg%2F11b6xc36bx!19sChIJkWBgs6Qx70cRnpmcARY0eZI?authuser=0&hl=fr&rclk=1
Parc Aquatique Aquafolies,4.4,,Parc Aquatique Aquafolies,,Fontaine-les-Grès+France,Parc aquatique,https://www.google.com/maps/place/Parc+Aquatique+Aquafolies/data=!4m7!3m6!1s0x47f346188aa84e1f:0xd26187a9dd722d3e!8m2!3d46.3423598!4d5.1394048!16s%2Fg%2F11gdknj1d2!19sChIJH06oihhG80cRPi1y3amHYdI?authuser=0&hl=fr&rclk=1
Parc aquatique Wibit,4.3,,Parc aquatique Wibit,,Fontaine-les-Grès+France,Parc aquatique,https://www.google.com/maps/place/Parc+aquatique+Wibit/data=!4m7!3m6!1s0x478c02deda07823b:0xc9cc93d919902db2!8m2!3d46.1523953!4d6.6713589!16s%2Fg%2F11dxjn53g0!19sChIJO4IH2t4CjEcRsi2QGdmTzMk?authuser=0&hl=fr&rclk=1
Parc aquatique Aqua Mundo Center Parcs Les Hauts de Bruyères,4.2,,Parc aquatique Aqua Mundo Center Parcs Les Hauts de Bruyères,,Fontaine-les-Grès+France,Parc aquatique,https://www.google.com/maps/place/Parc+aquatique+Aqua+Mundo+Center+Parcs+Les+Hauts+de+Bruy%C3%A8res/data=!4m7!3m6!1s0x47e4d99a9638a48f:0x9187dc0642c71afd!8m2!3d47.6202!4d1.934931!16s%2Fg%2F11cmccytdq!19sChIJj6Q4lprZ5EcR_RrHQgbch5E?authuser=0&hl=fr&rclk=1
Parc d'Attractions Aquatic Landes / Labenne,3.6,,Parc d'Attractions Aquatic Landes / Labenne,,Fontaine-les-Grès+France,Parc aquatique,https://www.google.com/maps/place/Parc+d%27Attractions+Aquatic+Landes+%2F+Labenne/data=!4m7!3m6!1s0xd514488fe12707f:0xcb6cf6d5bdb04aed!8m2!3d43.5948793!4d-1.4533072!16s%2Fg%2F1tczx7_d!19sChIJf3AS_ohEUQ0R7UqwvdX2bMs?authuser=0&hl=fr&rclk=1
Zigounoparc aquatique,5.0,,Zigounoparc aquatique,,Fontaine-les-Grès+France,Parc aquatique,https://www.google.com/maps/place/Zigounoparc+aquatique/data=!4m7!3m6!1s0x47f4d3000d2a5cdf:0x11dadaf366226eec!8m2!3d45.6120083!4d5.1559195!16s%2Fg%2F11mzfjbtn7!19sChIJ31wqDQDT9EcR7G4iZvPa2hE?authuser=0&hl=fr&rclk=1
Aqualand Sainte-Maxime - Parc Aquatique,3.4,,Aqualand Sainte-Maxime - Parc Aquatique,,Fontaine-les-Grès+France,Parc aquatique,https://www.google.com/maps/place/Aqualand+Sainte-Maxime+-+Parc+Aquatique/data=!4m7!3m6!1s0x12ceb8fa05c5d783:0xc7f1bbca1eee4595!8m2!3d43.328348!4d6.618087!16s%2Fg%2F1td3_1wd!19sChIJg9fFBfq4zhIRlUXuHsq78cc?authuser=0&hl=fr&rclk=1
Aquaboulevard de Paris,3.7,,Aquaboulevard de Paris,,Fontaine-les-Grès+France,Parc aquatique,https://www.google.com/maps/place/Aquaboulevard+de+Paris/data=!4m7!3m6!1s0x47e6718b1fbcd4fd:0xa7968d889eb5402a!8m2!3d48.8318042!4d2.2762627!16s%2Fg%2F120hhrtz!19sChIJ_dS8H4tx5kcRKkC1noiNlqc?authuser=0&hl=fr&rclk=1
Aquavillage PARC,4.3,,Aquavillage PARC,,Fontaine-les-Grès+France,Parc aquatique,https://www.google.com/maps/place/Aquavillage+PARC/data=!4m7!3m6!1s0x12c924100cfe747b:0xf190343d9ee037a!8m2!3d43.0964742!4d6.1644838!16s%2Fg%2F11c5s79pdh!19sChIJe3T-DBAkyRIRegPu2UMDGQ8?authuser=0&hl=fr&rclk=1
La Bouscarasse,4.0,,La Bouscarasse,,Fontaine-les-Grès+France,Parc aquatique,https://www.google.com/maps/place/La+Bouscarasse/data=!4m7!3m6!1s0x12b44a442540f613:0xd473ab87bdc05214!8m2!3d44.037433!4d4.3262812!16s%2Fg%2F1tctzm7q!19sChIJE_ZAJURKtBIRFFLAvYerc9Q?authuser=0&hl=fr&rclk=1
Appart'City Confort Toulouse Purpan - Appart Hôtel,3.8,,SponsoriséPar Booking.com,,Mondonville+France,Hôtel avec spa,https://www.google.com/maps/place/Appart%27City+Confort+Toulouse+Purpan+-+Appart+H%C3%B4tel/data=!4m10!3m9!1s0x12aebaf081dc2e95:0x4e93b57a100dc0e7!5m2!4m1!1i2!8m2!3d43.597633!4d1.395149!16s%2Fg%2F1tjbv6sd!19sChIJlS7cgfC6rhIR58ANEHq1k04?authuser=0&hl=fr&rclk=1
Hotel Mercure Toulouse Aéroport Golf de Seilh,4.3,,Sponsorisé,,Mondonville+France,Hôtel avec spa,https://www.google.com/maps/place/Hotel+Mercure+Toulouse+A%C3%A9roport+Golf+de+Seilh/data=!4m10!3m9!1s0x12aeaf6647924fc1:0x9ce4f24dbf7d50e2!5m2!4m1!1i2!8m2!3d43.683961!4d1.35782!16s%2Fg%2F1jkvsff9b!19sChIJwU-SR2avrhIR4lB9v03y5Jw?authuser=0&hl=fr&rclk=1
Centre Toni-Thermes,4.3,,Centre Toni-Thermes,,Fontaine-lès-Dijon+France,Centre thermal,https://www.google.com/maps/place/Centre+Toni-Thermes/data=!4m7!3m6!1s0x47f29dedd5b34297:0xb95128e9f23d4cc9!8m2!3d47.3263681!4d5.0390241!16s%2Fg%2F11b6glk6tf!19sChIJl0Kz1e2d8kcRyUw98ukoUbk?authuser=0&hl=fr&rclk=1
Hotel restaurant LOGIS Domaine de Peyrolade,4.5,,Hotel restaurant LOGIS Domaine de Peyrolade,,Mondonville+France,Hôtel avec spa,https://www.google.com/maps/place/Hotel+restaurant+LOGIS+Domaine+de+Peyrolade/data=!4m10!3m9!1s0x12aeadbfa87e5733:0x845f8682c9700984!5m2!4m1!1i2!8m2!3d43.6925992!4d1.2703748!16s%2Fg%2F11f62w136_!19sChIJM1d-qL-trhIRhAlwyYKGX4Q?authuser=0&hl=fr&rclk=1
le Prieuré des Sources - le Spa Dijon,4.7,,le Prieuré des Sources - le Spa Dijon,,Fontaine-lès-Dijon+France,Centre thermal,https://www.google.com/maps/place/le+Prieur%C3%A9+des+Sources+-+le+Spa+Dijon/data=!4m7!3m6!1s0x47f29de88801cfe9:0x18d044ba13e503ef!8m2!3d47.3211267!4d5.0429955!16s%2Fg%2F11c6pqbmlc!19sChIJ6c8BiOid8kcR7wPlE7pE0Bg?authuser=0&hl=fr&rclk=1
La Cour des Consuls Hotel & Spa Toulouse,4.4,,La Cour des Consuls Hotel & Spa Toulouse,,Mondonville+France,Hôtel avec spa,https://www.google.com/maps/place/La+Cour+des+Consuls+Hotel+%26+Spa+Toulouse/data=!4m10!3m9!1s0x12aebb7d3217e32d:0xef44443391fc475f!5m2!4m1!1i2!8m2!3d43.5994493!4d1.4416423!16s%2Fg%2F11btxhwxhw!19sChIJLeMXMn27rhIRX0f8kTNERO8?authuser=0&hl=fr&rclk=1
Les bains de la Medina Hammam,4.0,,Les bains de la Medina Hammam,,Fontaine-lès-Dijon+France,Centre thermal,https://www.google.com/maps/place/Les+bains+de+la+Medina+Hammam/data=!4m7!3m6!1s0x47f29d94944aa0fd:0x1aad04e7cc1cf5bd!8m2!3d47.3231478!4d5.0312248!16s%2Fg%2F1thx_408!19sChIJ_aBKlJSd8kcRvfUczOcErRo?authuser=0&hl=fr&rclk=1
ValVital - Thermes & Spa Santenay,3.7,,ValVital - Thermes & Spa Santenay,,Fontaine-lès-Dijon+France,Centre thermal,https://www.google.com/maps/place/ValVital+-+Thermes+%26+Spa+Santenay/data=!4m7!3m6!1s0x47f259c69a8f9769:0x6ad19b3443b8d0ca!8m2!3d46.907074!4d4.687607!16s%2Fg%2F11q24htp11!19sChIJaZePmsZZ8kcRytC4QzSb0Wo?authuser=0&hl=fr&rclk=1
L'Ecrin de Launac,4.8,,L'Ecrin de Launac,,Mondonville+France,Hôtel avec spa,https://www.google.com/maps/place/L%27Ecrin+de+Launac/data=!4m10!3m9!1s0x12a955baed9aa463:0x60f97745eef339d3!5m2!4m1!1i2!8m2!3d43.7431743!4d1.1789031!16s%2Fg%2F11gxn9y0sd!19sChIJY6Sa7bpVqRIR0znz7kV3-WA?authuser=0&hl=fr&rclk=1
Therma Salina,4.0,,Therma Salina,,Fontaine-lès-Dijon+France,Centre thermal,https://www.google.com/maps/place/Therma+Salina/data=!4m7!3m6!1s0x478d1464e3cd6d8f:0xc19174ba1f151cb2!8m2!3d46.9449034!4d5.8797025!16s%2Fg%2F1203ntf_8!19sChIJj23N42QUjUcRshwVH7p0kcE?authuser=0&hl=fr&rclk=1
"Radisson Blu Hotel, Toulouse Airport",4.3,,"Radisson Blu Hotel, Toulouse Airport",,Mondonville+France,Hôtel avec spa,"https://www.google.com/maps/place/Radisson+Blu+Hotel,+Toulouse+Airport/data=!4m10!3m9!1s0x12aea54ca1f7d3d9:0x558fe0397bf314ab!5m2!4m1!1i2!8m2!3d43.6306079!4d1.3805725!16s%2Fg%2F1tfn_n13!19sChIJ2dP3oUylrhIRqxTzezngj1U?authuser=0&hl=fr&rclk=1"
Fontaine des Sens - Centre d'épilation Laser Diode à Dijon,4.6,,Fontaine des Sens - Centre d'épilation Laser Diode à Dijon,,Fontaine-lès-Dijon+France,Centre thermal,https://www.google.com/maps/place/Fontaine+des+Sens+-+Centre+d%27%C3%A9pilation+Laser+Diode+%C3%A0+Dijon/data=!4m7!3m6!1s0x47f29d8e038e0e81:0xffd38a6fe1804df2!8m2!3d47.3294351!4d5.0277184!16s%2Fg%2F1hc7xr5xs!19sChIJgQ6OA46d8kcR8k2A4W-K0_8?authuser=0&hl=fr&rclk=1
SEVENLINE Aparthotel - Work & Spa,4.7,,SEVENLINE Aparthotel - Work & Spa,,Mondonville+France,Hôtel avec spa,https://www.google.com/maps/place/SEVENLINE+Aparthotel+-+Work+%26+Spa/data=!4m10!3m9!1s0x12aebb4e7ee2dbfb:0xc073e05ac8b7498!5m2!4m1!1i2!8m2!3d43.6078194!4d1.40042!16s%2Fg%2F11lnnpnmqw!19sChIJ-9vifk67rhIRmHSLrAU-Bww?authuser=0&hl=fr&rclk=1
Thermes de Bourbon-Lancy,4.5,,Thermes de Bourbon-Lancy,,Fontaine-lès-Dijon+France,Centre thermal,https://www.google.com/maps/place/Thermes+de+Bourbon-Lancy/data=!4m7!3m6!1s0x47f1703b54b3e551:0x11e87f69086ab4ba!8m2!3d46.6181161!4d3.7696314!16s%2Fg%2F1tfq_rvl!19sChIJUeWzVDtw8UcRurRqCGl_6BE?authuser=0&hl=fr&rclk=1
Parenthèse Concept Room - Lofts avec SPA Privatifs,4.6,,Parenthèse Concept Room - Lofts avec SPA Privatifs,,Mondonville+France,Hôtel avec spa,https://www.google.com/maps/place/Parenth%C3%A8se+Concept+Room+-+Lofts+avec+SPA+Privatifs/data=!4m10!3m9!1s0x12aebb70e51443e3:0xaa9e7004d4ad176f!5m2!4m1!1i2!8m2!3d43.596706!4d1.4319045!16s%2Fg%2F11f4wspl9x!19sChIJ40MU5XC7rhIRbxet1ARwnqo?authuser=0&hl=fr&rclk=1
Thermes de Luxeuil-les-Bains,4.2,,Thermes de Luxeuil-les-Bains,,Fontaine-lès-Dijon+France,Centre thermal,https://www.google.com/maps/place/Thermes+de+Luxeuil-les-Bains/data=!4m10!3m9!1s0x4792560be5a65763:0xf277bfd34a33fff8!5m2!4m1!1i2!8m2!3d47.8206642!4d6.3770605!16s%2Fg%2F1tczcttj!19sChIJY1em5QtWkkcR-P8zStO_d_I?authuser=0&hl=fr&rclk=1
Centre de Beauté Victor Hugo - Centre d'épilation Laser Diode,4.5,,Centre de Beauté Victor Hugo - Centre d'épilation Laser Diode,,Fontaine-lès-Dijon+France,Centre thermal,https://www.google.com/maps/place/Centre+de+Beaut%C3%A9+Victor+Hugo+-+Centre+d%27%C3%A9pilation+Laser+Diode/data=!4m7!3m6!1s0x47f29d91cc9df141:0x324f0a534c73fa1d!8m2!3d47.3293758!4d5.0276174!16s%2Fg%2F1thkr0th!19sChIJQfGdzJGd8kcRHfpzTFMKTzI?authuser=0&hl=fr&rclk=1
Pullman Toulouse Airport,4.5,,Pullman Toulouse Airport,,Mondonville+France,Hôtel avec spa,https://www.google.com/maps/place/Pullman+Toulouse+Airport/data=!4m10!3m9!1s0x12aebab492aaa905:0x94f3c97b197c857e!5m2!4m1!1i2!8m2!3d43.6263399!4d1.3823561!16s%2Fg%2F1thzxrq6!19sChIJBamqkrS6rhIRfoV8GXvJ85Q?authuser=0&hl=fr&rclk=1
Le Palladia,4.0,,Le Palladia,,Mondonville+France,Hôtel avec spa,https://www.google.com/maps/place/Le+Palladia/data=!4m10!3m9!1s0x12aebae139c4524b:0xf95780b09b8ee56d!5m2!4m1!1i2!8m2!3d43.6053379!4d1.4004292!16s%2Fg%2F1td2pvfl!19sChIJS1LEOeG6rhIRbeWOm7CAV_k?authuser=0&hl=fr&rclk=1
Sangha Toulouse Hôtel Bar & Rooftop,4.7,,Sangha Toulouse Hôtel Bar & Rooftop,,Mondonville+France,Hôtel avec spa,https://www.google.com/maps/place/Sangha+Toulouse+H%C3%B4tel+Bar+%26+Rooftop/data=!4m10!3m9!1s0x12aebb8129bd80e3:0xae47c2d52ce24fdf!5m2!4m1!1i2!8m2!3d43.601775!4d1.4070158!16s%2Fg%2F11y20998yg!19sChIJ44C9KYG7rhIR30_iLNXCR64?authuser=0&hl=fr&rclk=1
L'Hotan,4.3,,L'Hotan,,Mondonville+France,Hôtel avec spa,https://www.google.com/maps/place/L%27Hotan/data=!4m10!3m9!1s0x12aeb9702fc738b9:0x8e2e4d313ee52824!5m2!4m1!1i2!8m2!3d43.5405293!4d1.413061!16s%2Fg%2F1tljnqmg!19sChIJuTjHL3C5rhIRJCjlPjFNLo4?authuser=0&hl=fr&rclk=1
Privilège Appart-Hôtel Saint-Exupéry,4.2,,Privilège Appart-Hôtel Saint-Exupéry,,Mondonville+France,Hôtel avec spa,https://www.google.com/maps/place/Privil%C3%A8ge+Appart-H%C3%B4tel+Saint-Exup%C3%A9ry/data=!4m10!3m9!1s0x12aebca2928a9c25:0x7ca0a923ff8641dd!5m2!4m1!1i2!8m2!3d43.6101451!4d1.4517029!16s%2Fg%2F1thpyx02!19sChIJJZyKkqK8rhIR3UGG_yOpoHw?authuser=0&hl=fr&rclk=1
Appart'City Confort Toulouse Purpan - Appart Hôtel,3.8,,Appart'City Confort Toulouse Purpan - Appart Hôtel,,Mondonville+France,Hôtel avec spa,https://www.google.com/maps/place/Appart%27City+Confort+Toulouse+Purpan+-+Appart+H%C3%B4tel/data=!4m10!3m9!1s0x12aebaf074232ec1:0x4e93b57a100dc0e7!5m2!4m1!1i2!8m2!3d43.5976333!4d1.3951491!16s%2Fg%2F1tjbv6sd!19sChIJwS4jdPC6rhIR58ANEHq1k04?authuser=0&hl=fr&rclk=1
Espace evasions love room,4.9,,Espace evasions love room,,Mondonville+France,Hôtel avec spa,https://www.google.com/maps/place/Espace+evasions+love+room/data=!4m10!3m9!1s0x12aebbb76a92c835:0x93137d75543aa74d!5m2!4m1!1i2!8m2!3d43.606495!4d1.3892393!16s%2Fg%2F11l5vlcj00!19sChIJNciSare7rhIRTac6VHV9E5M?authuser=0&hl=fr&rclk=1
La Récrée,5.0,,La Récrée,,Mondonville+France,Hôtel avec spa,https://www.google.com/maps/place/La+R%C3%A9cr%C3%A9e/data=!4m10!3m9!1s0x12aeb7fa378964a1:0xeb8c0b375e5cc5ac!5m2!4m1!1i2!8m2!3d43.5471386!4d1.3317245!16s%2Fg%2F11jyxbq000!19sChIJoWSJN_q3rhIRrMVcXjcLjOs?authuser=0&hl=fr&rclk=1
Le Clos du Cèdre - Chambres en Vendômois,4.0,,Le Clos du Cèdre - Chambres en Vendômois,,Fontaine-les-Coteaux+France,Hôtel avec spa,https://www.google.com/maps/place/Le+Clos+du+C%C3%A8dre+-+Chambres+en+Vend%C3%B4mois/data=!4m10!3m9!1s0x47e36bbe0c6f91e5:0x8a0e3c9f53c6a825!5m2!4m1!1i2!8m2!3d47.8075565!4d1.0726634!16s%2Fg%2F11lrhn0jc3!19sChIJ5ZFvDL5r40cRJajGU588Doo?authuser=0&hl=fr&rclk=1
La Cave Margot,4.9,,La Cave Margot,,Fontaine-les-Coteaux+France,Hôtel avec spa,https://www.google.com/maps/place/La+Cave+Margot/data=!4m10!3m9!1s0x47e316bf9f54665f:0x6feb62f5df073399!5m2!4m1!1i2!8m2!3d47.8211734!4d0.8956257!16s%2Fg%2F1hjgmwj3h!19sChIJX2ZUn78W40cRmTMH3_Vi628?authuser=0&hl=fr&rclk=1
Le temps d'une romance _ Gîte romantique avec spa en sarthe,5.0,,Le temps d'une romance _ Gîte romantique avec spa en sarthe,,Fontaine-les-Coteaux+France,Hôtel avec spa,https://www.google.com/maps/place/Le+temps+d%27une+romance+_+G%C3%AEte+romantique+avec+spa+en+sarthe/data=!4m10!3m9!1s0x47e2e3dfddac2825:0xe86381e27786705c!5m2!4m1!1i2!8m2!3d47.8510459!4d0.587929!16s%2Fg%2F11z6lx1z1c!19sChIJJSis3d_j4kcRXHCGd-KBY-g?authuser=0&hl=fr&rclk=1
Hébergements Insolites Vendôme - Appart' Hôtel Vendôme,4.9,,Hébergements Insolites Vendôme - Appart' Hôtel Vendôme,,Fontaine-les-Coteaux+France,Hôtel avec spa,https://www.google.com/maps/place/H%C3%A9bergements+Insolites+Vend%C3%B4me+-+Appart%27+H%C3%B4tel+Vend%C3%B4me/data=!4m10!3m9!1s0x47e36b92a20bff31:0xda141ff2a9b5ad25!5m2!4m1!1i2!8m2!3d47.7971859!4d1.0691644!16s%2Fg%2F11wpyfyxdd!19sChIJMf8LopJr40cRJa21qfIfFNo?authuser=0&hl=fr&rclk=1
La Montrieuse - Chambre d'hôtes avec Sauna et baignoire SPA,4.4,,La Montrieuse - Chambre d'hôtes avec Sauna et baignoire SPA,,Fontaine-les-Coteaux+France,Hôtel avec spa,https://www.google.com/maps/place/La+Montrieuse+-+Chambre+d%27h%C3%B4tes+avec+Sauna+et+baignoire+SPA/data=!4m10!3m9!1s0x47e36b5eccd44527:0x65a322b82f0939a6!5m2!4m1!1i2!8m2!3d47.7962421!4d1.0203651!16s%2Fg%2F11t2_rt079!19sChIJJ0XUzF5r40cRpjkJL7gio2U?authuser=0&hl=fr&rclk=1
Ferme de Gorgeat,4.8,,Ferme de Gorgeat,,Fontaine-les-Coteaux+France,Hôtel avec spa,https://www.google.com/maps/place/Ferme+de+Gorgeat/data=!4m10!3m9!1s0x47e36ca63e70f223:0xdecdb3070bef0731!5m2!4m1!1i2!8m2!3d47.841878!4d1.01197!16s%2Fg%2F1tdw7bhv!19sChIJI_JwPqZs40cRMQfvCwezzd4?authuser=0&hl=fr&rclk=1
"Hôtel Causse Comtal Rodez, The Originals Relais",4.2,,SponsoriséPar Booking.com,,Escandolières+France,Hôtel avec spa,"https://www.google.com/maps/place/H%C3%B4tel+Causse+Comtal+Rodez,+The+Originals+Relais/data=!4m10!3m9!1s0x12b28916953c8803:0x372b9ab2eaefb74c!5m2!4m1!1i2!8m2!3d44.421332!4d2.67236!16s%2Fg%2F1tcy_2j0!19sChIJA4g8lRaJshIRTLfv6rKaKzc?authuser=0&hl=fr&rclk=1"
Hôtel la Rivière,3.8,,SponsoriséPar Booking.com,,Escandolières+France,Hôtel avec spa,https://www.google.com/maps/place/H%C3%B4tel+la+Rivi%C3%A8re/data=!4m10!3m9!1s0x12b298edc6900073:0xd4d1690e5cadb65d!5m2!4m1!1i2!8m2!3d44.649285!4d2.567669!16s%2Fg%2F1tgkqvf1!19sChIJcwCQxu2YshIRXbatXA5p0dQ?authuser=0&hl=fr&rclk=1
Château La Servayrie,4.5,,Château La Servayrie,,Escandolières+France,Hôtel avec spa,https://www.google.com/maps/place/Ch%C3%A2teau+La+Servayrie/data=!4m10!3m9!1s0x12b28333dc6c4011:0x876e406bfec392b!5m2!4m1!1i2!8m2!3d44.5187214!4d2.5134383!16s%2Fg%2F12bfg5wdc!19sChIJEUBs3DODshIRKznsvwbkdgg?authuser=0&hl=fr&rclk=1
Château de Labro,4.5,,Château de Labro,,Escandolières+France,Hôtel avec spa,https://www.google.com/maps/place/Ch%C3%A2teau+de+Labro/data=!4m10!3m9!1s0x12b28731a6f374eb:0x461ca8028cc6124!5m2!4m1!1i2!8m2!3d44.397436!4d2.546334!16s%2Fg%2F1vttzt1q!19sChIJ63TzpjGHshIRJGHMKIDKYQQ?authuser=0&hl=fr&rclk=1
Greet Hôtel Évreux,3.9,,SponsoriséPar Booking.com,,Saint-Germain-sur-Avre+France,Hôtel avec spa,https://www.google.com/maps/place/Greet+H%C3%B4tel+%C3%89vreux/data=!4m10!3m9!1s0x47e14767792bb495:0x30c9cba5b3bb3d7f!5m2!4m1!1i2!8m2!3d49.02816!4d1.153436!16s%2Fg%2F1232kxkvq!19sChIJlbQreWdH4UcRfz27s6XLyTA?authuser=0&hl=fr&rclk=1
"Les Gîtes du Roc : Location gîtes à la campagne avec spa privé et piscine chauffée, au coeur de l'Aveyron",5.0,,"Les Gîtes du Roc : Location gîtes à la campagne avec spa privé et piscine chauffée, au coeur de l'Aveyron",,Escandolières+France,Hôtel avec spa,"https://www.google.com/maps/place/Les+G%C3%AEtes+du+Roc+:+Location+g%C3%AEtes+%C3%A0+la+campagne+avec+spa+priv%C3%A9+et+piscine+chauff%C3%A9e,+au+coeur+de+l%27Aveyron/data=!4m10!3m9!1s0x12ad70a842795ed5:0xe184465a5140f937!5m2!4m1!1i2!8m2!3d44.459936!4d2.300775!16s%2Fg%2F11b6wj5p10!19sChIJ1V55QqhwrRIRN_lAUVpGhOE?authuser=0&hl=fr&rclk=1"
Hôtel du Commerce Spa,4.0,,SponsoriséPar Hotels.com,,Escanecrabe+France,Hôtel avec spa,https://www.google.com/maps/place/H%C3%B4tel+du+Commerce+Spa/data=!4m10!3m9!1s0x12a8fc8dc328d567:0xc158594802ee4ce0!5m2!4m1!1i2!8m2!3d43.110069!4d0.723419!16s%2Fg%2F1td3nnc6!19sChIJZ9Uow438qBIR4EzuAkhZWME?authuser=0&hl=fr&rclk=1
Domaine de la Mance,5.0,,Domaine de la Mance,,Betaucourt+France,Hôtel avec spa,https://www.google.com/maps/place/Domaine+de+la+Mance/data=!4m10!3m9!1s0x4792d059e97eed9d:0x8de7471924182a56!5m2!4m1!1i2!8m2!3d47.813287!4d5.7589274!16s%2Fg%2F11f613cwzf!19sChIJne1-6VnQkkcRVioYJBlH540?authuser=0&hl=fr&rclk=1
Logis Hôtel la Ruche,4.0,,SponsoriséPar Booking.com,,Saint-Germain-sur-Avre+France,Hôtel avec spa,https://www.google.com/maps/place/Logis+H%C3%B4tel+la+Ruche/data=!4m10!3m9!1s0x47e6b86416aa97f1:0xeebf6d6c0ae81680!5m2!4m1!1i2!8m2!3d49.0159!4d1.6109!16s%2Fg%2F11b61rbfpc!19sChIJ8ZeqFmS45kcRgBboCmxtv-4?authuser=0&hl=fr&rclk=1
Le Manoir des Pélies,4.8,,Le Manoir des Pélies,,Escandolières+France,Hôtel avec spa,https://www.google.com/maps/place/Le+Manoir+des+P%C3%A9lies/data=!4m10!3m9!1s0x12ad66fea4a229a5:0xf501b206abb731b7!5m2!4m1!1i2!8m2!3d44.6357036!4d2.34569!16s%2Fg%2F1wfp5ygn!19sChIJpSmipP5mrRIRtzG3qwayAfU?authuser=0&hl=fr&rclk=1
"Gîte Le jardin secret, Au temps suspendu, Dans ma bulle",4.9,,"Gîte Le jardin secret, Au temps suspendu, Dans ma bulle",,Escanecrabe+France,Hôtel avec spa,"https://www.google.com/maps/place/G%C3%AEte+Le+jardin+secret,+Au+temps+suspendu,+Dans+ma+bulle/data=!4m10!3m9!1s0x12a93dd6af721879:0x2d16a17f8ec43e9b!5m2!4m1!1i2!8m2!3d43.3945286!4d0.9671151!16s%2Fg%2F11s892qvyf!19sChIJeRhyr9Y9qRIRmz7Ejn-hFi0?authuser=0&hl=fr&rclk=1"
Center Parcs Les Bois-Francs,3.5,,Center Parcs Les Bois-Francs,,Saint-Germain-sur-Avre+France,Hôtel avec spa,https://www.google.com/maps/place/Center+Parcs+Les+Bois-Francs/data=!4m10!3m9!1s0x47e17d76a225418f:0x5f085864083140b2!5m2!4m1!1i2!8m2!3d48.7240023!4d0.8339364!16s%2Fg%2F1hc1ht8r6!19sChIJj0ElonZ94UcRskAxCGRYCF8?authuser=0&hl=fr&rclk=1
La Grange ô Tisanes,4.9,,La Grange ô Tisanes,,Escandolières+France,Hôtel avec spa,https://www.google.com/maps/place/La+Grange+%C3%B4+Tisanes/data=!4m10!3m9!1s0x12ad638490444e97:0xf74645f84d1be91f!5m2!4m1!1i2!8m2!3d44.5919975!4d2.4334285!16s%2Fg%2F11p4brmsfc!19sChIJl05EkIRjrRIRH-kbTfhFRvc?authuser=0&hl=fr&rclk=1
"Bed and breakfast ""Villa Rosalin""",5.0,,"Bed and breakfast ""Villa Rosalin""",,Betaucourt+France,Hôtel avec spa,https://www.google.com/maps/place/Bed+and+breakfast+%22Villa+Rosalin%22/data=!4m10!3m9!1s0x4792e722a208eb39:0x1f38cc5aca08cb7!5m2!4m1!1i2!8m2!3d47.7891559!4d5.9958027!16s%2Fg%2F11vyx9_6fy!19sChIJOesIoiLnkkcRt4ygrMWM8wE?authuser=0&hl=fr&rclk=1
Villa d'escane,5.0,,Villa d'escane,,Escanecrabe+France,Hôtel avec spa,https://www.google.com/maps/place/Villa+d%27escane/data=!4m10!3m9!1s0x12a905015304e079:0x48ec1b4a27b821df!5m2!4m1!1i2!8m2!3d43.273494!4d0.745544!16s%2Fg%2F11gsn4dd72!19sChIJeeAEUwEFqRIR3yG4J0ob7Eg?authuser=0&hl=fr&rclk=1
Manoir de Surville Hotel & Spa & Restaurant,4.9,,Manoir de Surville Hotel & Spa & Restaurant,,Saint-Germain-sur-Avre+France,Hôtel avec spa,https://www.google.com/maps/place/Manoir+de+Surville+Hotel+%26+Spa+%26+Restaurant/data=!4m10!3m9!1s0x47e1232cbf4a1031:0x12c5d104514a1a07!5m2!4m1!1i2!8m2!3d49.1996141!4d1.1005225!16s%2Fg%2F1yfdr_bd0!19sChIJMRBKvywj4UcRBxpKUQTRxRI?authuser=0&hl=fr&rclk=1
Les grands pres 70,,,Les grands pres 70,,Betaucourt+France,Hôtel avec spa,https://www.google.com/maps/place/Les+grands+pres+70/data=!4m10!3m9!1s0x4792e797006da70f:0x2ba1db7368f48708!5m2!4m1!1i2!8m2!3d47.77014!4d5.980473!16s%2Fg%2F11yygbxsf2!19sChIJD6dtAJfnkkcRCIf0aHPboSs?authuser=0&hl=fr&rclk=1
Écogîte LaLaLandes Aveyron,5.0,,Écogîte LaLaLandes Aveyron,,Escandolières+France,Hôtel avec spa,https://www.google.com/maps/place/%C3%89cog%C3%AEte+LaLaLandes+Aveyron/data=!4m10!3m9!1s0x12ad670f87b0d499:0x1c09ba9da8a4c852!5m2!4m1!1i2!8m2!3d44.6271351!4d2.3626205!16s%2Fg%2F11ll6x3h7c!19sChIJmdSwhw9nrRIRUsikqJ26CRw?authuser=0&hl=fr&rclk=1
Domaine Ô Cabanes Câlines,5.0,,Domaine Ô Cabanes Câlines,,Escanecrabe+France,Hôtel avec spa,https://www.google.com/maps/place/Domaine+%C3%94+Cabanes+C%C3%A2lines/data=!4m10!3m9!1s0x12a903a3627395a3:0x4dbe0252131d20e8!5m2!4m1!1i2!8m2!3d43.2075832!4d0.6862915!16s%2Fg%2F11xv9wjywb!19sChIJo5VzYqMDqRIR6CAdE1ICvk0?authuser=0&hl=fr&rclk=1
Domaine de la Corniche,4.4,,Domaine de la Corniche,,Saint-Germain-sur-Avre+France,Hôtel avec spa,https://www.google.com/maps/place/Domaine+de+la+Corniche/data=!4m10!3m9!1s0x47e6b87bb59ec3b5:0xd2ebed3423aaf168!5m2!4m1!1i2!8m2!3d49.0225997!4d1.6096361!16s%2Fg%2F1hc4tq81t!19sChIJtcOetXu45kcRaPGqIzTt69I?authuser=0&hl=fr&rclk=1
SPA LA HAIE DES GRANGES,4.4,,SPA LA HAIE DES GRANGES,,Saint-Germain-sur-Avre+France,Hôtel avec spa,https://www.google.com/maps/place/SPA+LA+HAIE+DES+GRANGES/data=!4m10!3m9!1s0x47e6cab374e0e01f:0xf51803993d9134d3!5m2!4m1!1i2!8m2!3d49.0466281!4d1.4000023!16s%2Fg%2F1tg_wdr7!19sChIJH-DgdLPK5kcR0zSRPZkDGPU?authuser=0&hl=fr&rclk=1
La Pause En Soi Cabanes jacuzzi privatif & Bien-Être,5.0,,La Pause En Soi Cabanes jacuzzi privatif & Bien-Être,,Escanecrabe+France,Hôtel avec spa,https://www.google.com/maps/place/La+Pause+En+Soi+Cabanes+jacuzzi+privatif+%26+Bien-%C3%8Atre/data=!4m10!3m9!1s0x12a8ff993b089e71:0x8939a9de19c58770!5m2!4m1!1i2!8m2!3d43.1148866!4d0.6053804!16s%2Fg%2F11jgw_nl9j!19sChIJcZ4IO5n_qBIRcIfFGd6pOYk?authuser=0&hl=fr&rclk=1
Le Curieux de Conques,4.0,,Le Curieux de Conques,,Escandolières+France,Hôtel avec spa,https://www.google.com/maps/place/Le+Curieux+de+Conques/data=!4m10!3m9!1s0x12ad6315084d01e1:0xeabd2dbf593605b1!5m2!4m1!1i2!8m2!3d44.545345!4d2.4031451!16s%2Fg%2F11f4wtvg1p!19sChIJ4QFNCBVjrRIRsQU2Wb8tveo?authuser=0&hl=fr&rclk=1
"Domaine cap de coste gîte, table et chambre d'hôte",4.9,,"Domaine cap de coste gîte, table et chambre d'hôte",,Escanecrabe+France,Hôtel avec spa,"https://www.google.com/maps/place/Domaine+cap+de+coste+g%C3%AEte,+table+et+chambre+d%27h%C3%B4te/data=!4m10!3m9!1s0x12a917d597a414ff:0x73d96f3fa6c36dc7!5m2!4m1!1i2!8m2!3d43.345277!4d0.84932!16s%2Fg%2F11h90y11gh!19sChIJ_xSkl9UXqRIRx23Dpj9v2XM?authuser=0&hl=fr&rclk=1"
SPA NOAH By le Normandy,4.9,,SPA NOAH By le Normandy,,Saint-Germain-sur-Avre+France,Hôtel avec spa,https://www.google.com/maps/place/SPA+NOAH+By+le+Normandy/data=!4m7!3m6!1s0x47e6cb6cd5287b1d:0xf68a955649b829f7!8m2!3d49.0916215!4d1.4870744!16s%2Fg%2F11svr0c994!19sChIJHXso1WzL5kcR9ym4SVaVivY?authuser=0&hl=fr&rclk=1
Château l'Argelès,4.9,,Château l'Argelès,,Escanecrabe+France,Hôtel avec spa,https://www.google.com/maps/place/Ch%C3%A2teau+l%27Argel%C3%A8s/data=!4m10!3m9!1s0x12a8dfdbf1b2b523:0xba88a8c31b8a6e0c!5m2!4m1!1i2!8m2!3d43.103838!4d0.9552!16s%2Fg%2F11j0xnpfkw!19sChIJI7Wy8dvfqBIRDG6KG8OoiLo?authuser=0&hl=fr&rclk=1
hôtel la haie des granges,4.3,,hôtel la haie des granges,,Saint-Germain-sur-Avre+France,Hôtel avec spa,https://www.google.com/maps/place/h%C3%B4tel+la+haie+des+granges/data=!4m10!3m9!1s0x47e6cab3a67f3987:0x45f9d968bd3c1819!5m2!4m1!1i2!8m2!3d49.0462147!4d1.4001103!16s%2Fg%2F11f__6zjmy!19sChIJhzl_prPK5kcRGRg8vWjZ-UU?authuser=0&hl=fr&rclk=1
Hôtel Domaine de Villers & Spa,4.3,,SponsoriséPar Booking.com,,Merville-Franceville-Plage+France,Hôtel avec spa,https://www.google.com/maps/place/H%C3%B4tel+Domaine+de+Villers+%26+Spa/data=!4m10!3m9!1s0x480a7f6c2a938965:0x2b43289f64e18888!5m2!4m1!1i2!8m2!3d49.311932!4d-0.016343!16s%2Fg%2F1wnf0fvd!19sChIJZYmTKmx_CkgRiIjhZJ8oQys?authuser=0&hl=fr&rclk=1
VANADIS Suites d'exception & spa,4.9,,VANADIS Suites d'exception & spa,,Saint-Germain-sur-Avre+France,Hôtel avec spa,https://www.google.com/maps/place/VANADIS+Suites+d%27exception+%26+spa/data=!4m10!3m9!1s0x47e14b2a1af9b785:0xffa42d7a8c0b1d0d!5m2!4m1!1i2!8m2!3d49.0144863!4d1.379533!16s%2Fg%2F11n7m2v_z2!19sChIJhbf5GipL4UcRDR0LjHotpP8?authuser=0&hl=fr&rclk=1
Le Castéra - Gîtes Roulotte,5.0,,Le Castéra - Gîtes Roulotte,,Escanecrabe+France,Hôtel avec spa,https://www.google.com/maps/place/Le+Cast%C3%A9ra+-+G%C3%AEtes+Roulotte/data=!4m10!3m9!1s0x12a90f0f773aef33:0x30d89f9c7051776!5m2!4m1!1i2!8m2!3d43.373494!4d0.721273!16s%2Fg%2F11r8w6jyd0!19sChIJM-86dw8PqRIRdhcFx_mJDQM?authuser=0&hl=fr&rclk=1
La chaumière à arparens chambres d'hôtes,5.0,,La chaumière à arparens chambres d'hôtes,,Escanecrabe+France,Hôtel avec spa,https://www.google.com/maps/place/La+chaumi%C3%A8re+%C3%A0+arparens+chambres+d%27h%C3%B4tes/data=!4m10!3m9!1s0x12a91580a358aced:0xc9218327aa680413!5m2!4m1!1i2!8m2!3d43.4492448!4d0.8680891!16s%2Fg%2F11mqm0zlts!19sChIJ7axYo4AVqRIREwRoqieDIck?authuser=0&hl=fr&rclk=1
Verneuil la douce,4.8,,Verneuil la douce,,Saint-Germain-sur-Avre+France,Hôtel avec spa,https://www.google.com/maps/place/Verneuil+la+douce/data=!4m10!3m9!1s0x47e163e17fee404f:0xc746f78e6029de8d!5m2!4m1!1i2!8m2!3d48.7350146!4d0.9271469!16s%2Fg%2F11xkd_42_s!19sChIJT0Duf-Fj4UcRjd4pYI73Rsc?authuser=0&hl=fr&rclk=1
Le Grand Hôtel Cabourg - MGallery,4.6,,SponsoriséPar Expedia.fr,,Merville-Franceville-Plage+France,Hôtel avec spa,https://www.google.com/maps/place/Le+Grand+H%C3%B4tel+Cabourg+-+MGallery/data=!4m10!3m9!1s0x480a7c71d9907987:0xb5d53017fc30db2d!5m2!4m1!1i2!8m2!3d49.293956!4d-0.115873!16s%2Fg%2F121k3hpv!19sChIJh3mQ2XF8CkgRLdsw_Bcw1bU?authuser=0&hl=fr&rclk=1
La Clé des Granges,5.0,,La Clé des Granges,,Saint-Germain-sur-Avre+France,Hôtel avec spa,https://www.google.com/maps/place/La+Cl%C3%A9+des+Granges/data=!4m10!3m9!1s0x47e6c98ce11b1bdf:0xfd5337bb92940808!5m2!4m1!1i2!8m2!3d49.0433779!4d1.5281102!16s%2Fg%2F11mxxfb4s7!19sChIJ3xsb4YzJ5kcRCAiUkrs3U_0?authuser=0&hl=fr&rclk=1
Le Grand Hôtel Cabourg - MGallery,4.6,,Le Grand Hôtel Cabourg - MGallery,,Merville-Franceville-Plage+France,Hôtel avec spa,https://www.google.com/maps/place/Le+Grand+H%C3%B4tel+Cabourg+-+MGallery/data=!4m10!3m9!1s0x480a7c71dc6df1c1:0xb5d53017fc30db2d!5m2!4m1!1i2!8m2!3d49.2939558!4d-0.1158726!16s%2Fg%2F121k3hpv!19sChIJwfFt3HF8CkgRLdsw_Bcw1bU?authuser=0&hl=fr&rclk=1
Thalazur Ouistreham,4.3,,Thalazur Ouistreham,,Merville-Franceville-Plage+France,Hôtel avec spa,https://www.google.com/maps/place/Thalazur+Ouistreham/data=!4m10!3m9!1s0x480a63fdfa8bc931:0xaeb34bda84efe482!5m2!4m1!1i2!8m2!3d49.28945!4d-0.260289!16s%2Fg%2F11cm0g53y1!19sChIJMcmL-v1jCkgRguTvhNpLs64?authuser=0&hl=fr&rclk=1
Appart'City Confort Toulouse Purpan - Appart Hôtel,3.8,,SponsoriséPar Booking.com,,Mervilla+France,Hôtel avec spa,https://www.google.com/maps/place/Appart%27City+Confort+Toulouse+Purpan+-+Appart+H%C3%B4tel/data=!4m10!3m9!1s0x12aebaf081dc2e95:0x4e93b57a100dc0e7!5m2!4m1!1i2!8m2!3d43.597633!4d1.395149!16s%2Fg%2F1tjbv6sd!19sChIJlS7cgfC6rhIR58ANEHq1k04?authuser=0&hl=fr&rclk=1
Kyriad Prestige Résidence & Spa Cabourg – Dives Sur Mer,4.3,,Kyriad Prestige Résidence & Spa Cabourg – Dives Sur Mer,,Merville-Franceville-Plage+France,Hôtel avec spa,https://www.google.com/maps/place/Kyriad+Prestige+R%C3%A9sidence+%26+Spa+Cabourg+%E2%80%93+Dives+Sur+Mer/data=!4m10!3m9!1s0x480a7c0b2d99b683:0xa80f2a378bfcf999!5m2!4m1!1i2!8m2!3d49.286508!4d-0.108707!16s%2Fg%2F11c6qrk0zv!19sChIJg7aZLQt8CkgRmfn8izcqD6g?authuser=0&hl=fr&rclk=1
Hôtel Restaurant LibéraCaen - Normandie,4.4,,Hôtel Restaurant LibéraCaen - Normandie,,Merville-Franceville-Plage+France,Hôtel avec spa,https://www.google.com/maps/place/H%C3%B4tel+Restaurant+Lib%C3%A9raCaen+-+Normandie/data=!4m10!3m9!1s0x480a688960210109:0xbe8b660172b803ec!5m2!4m1!1i2!8m2!3d49.1891811!4d-0.3008653!16s%2Fg%2F11b6371l78!19sChIJCQEhYIloCkgR7AO4cgFmi74?authuser=0&hl=fr&rclk=1
Le Palladia,4.0,,SponsoriséPar Booking.com,,Mervilla+France,Hôtel avec spa,https://www.google.com/maps/place/Le+Palladia/data=!4m10!3m9!1s0x12aebae151241ba9:0xf95780b09b8ee56d!5m2!4m1!1i2!8m2!3d43.605338!4d1.400429!16s%2Fg%2F1td2pvfl!19sChIJqRskUeG6rhIRbeWOm7CAV_k?authuser=0&hl=fr&rclk=1
Domaine des Cyprès,5.0,,Domaine des Cyprès,,Saint-Germain-sur-Ay+France,Hôtel avec spa,https://www.google.com/maps/place/Domaine+des+Cypr%C3%A8s/data=!4m10!3m9!1s0x480c774a99c69b35:0x92ce9c00f8d24cd9!5m2!4m1!1i2!8m2!3d49.1717302!4d-1.410609!16s%2Fg%2F11v675rfck!19sChIJNZvGmUp3DEgR2UzS-ACczpI?authuser=0&hl=fr&rclk=1
FACE A LA MER - Hôtel & Spa,4.7,,FACE A LA MER - Hôtel & Spa,,Merville-Franceville-Plage+France,Hôtel avec spa,https://www.google.com/maps/place/FACE+A+LA+MER+-+H%C3%B4tel+%26+Spa/data=!4m10!3m9!1s0x480a6360de423ff7:0x4aa97926c42879ce!5m2!4m1!1i2!8m2!3d49.2853312!4d-0.203284!16s%2Fg%2F11pxk_k_km!19sChIJ9z9C3mBjCkgRznkoxCZ5qUo?authuser=0&hl=fr&rclk=1
Cave et Spa privatif by XELA,5.0,,Cave et Spa privatif by XELA,,Escamps+France,Hôtel avec spa,https://www.google.com/maps/place/Cave+et+Spa+privatif+by+XELA/data=!4m10!3m9!1s0x47ee4f02029faac7:0x3f27e845af386ec4!5m2!4m1!1i2!8m2!3d47.7947242!4d3.5700158!16s%2Fg%2F11y3d60c5z!19sChIJx6qfAgJP7kcRxG44r0XoJz8?authuser=0&hl=fr&rclk=1
L'Hotan,4.3,,L'Hotan,,Mervilla+France,Hôtel avec spa,https://www.google.com/maps/place/L%27Hotan/data=!4m10!3m9!1s0x12aeb9702fc738b9:0x8e2e4d313ee52824!5m2!4m1!1i2!8m2!3d43.5405293!4d1.413061!16s%2Fg%2F1tljnqmg!19sChIJuTjHL3C5rhIRJCjlPjFNLo4?authuser=0&hl=fr&rclk=1
Hôtel la Marine,4.5,,Hôtel la Marine,,Saint-Germain-sur-Ay+France,Hôtel avec spa,https://www.google.com/maps/place/H%C3%B4tel+la+Marine/data=!4m10!3m9!1s0x480cf53a197b5673:0xa2a4d5de84ac0499!5m2!4m1!1i2!8m2!3d49.377224!4d-1.786012!16s%2Fg%2F1tdhddg7!19sChIJc1Z7GTr1DEgRmQSshN7VpKI?authuser=0&hl=fr&rclk=1
Mercure Cabourg - Hôtel & Spa,4.4,,Mercure Cabourg - Hôtel & Spa,,Merville-Franceville-Plage+France,Hôtel avec spa,https://www.google.com/maps/place/Mercure+Cabourg+-+H%C3%B4tel+%26+Spa/data=!4m10!3m9!1s0x480a7b85d11ede51:0xdacb46c915cf78bb!5m2!4m1!1i2!8m2!3d49.2822323!4d-0.1170979!16s%2Fg%2F1tslj33s!19sChIJUd4e0YV7CkgRu3jPFclGy9o?authuser=0&hl=fr&rclk=1
Maison Dada & SPA,5.0,,Maison Dada & SPA,,Bétaille+France,Hôtel avec spa,https://www.google.com/maps/place/Maison+Dada+%26+SPA/data=!4m10!3m9!1s0x47f89cae7f66aaab:0x4be52ec53a5cd2e7!5m2!4m1!1i2!8m2!3d45.0552135!4d1.6751291!16s%2Fg%2F11q9hk1d34!19sChIJq6pmf66c-EcR59JcOsUu5Us?authuser=0&hl=fr&rclk=1
Carpe Diem Tolosa : Chambres d'hôtes et gîte,4.9,,Carpe Diem Tolosa : Chambres d'hôtes et gîte,,Mervilla+France,Hôtel avec spa,https://www.google.com/maps/place/Carpe+Diem+Tolosa+:+Chambres+d%27h%C3%B4tes+et+g%C3%AEte/data=!4m10!3m9!1s0x12aeb94dbea8d441:0xe0f7d83c2bbd8f87!5m2!4m1!1i2!8m2!3d43.5224418!4d1.4351011!16s%2Fg%2F11g0mvbg_v!19sChIJQdSovk25rhIRh4-9KzzY9-A?authuser=0&hl=fr&rclk=1
Hôtel Aux Vieux Remparts,4.1,,SponsoriséPar Booking.com,,Escardes+France,Hôtel avec spa,https://www.google.com/maps/place/H%C3%B4tel+Aux+Vieux+Remparts/data=!4m10!3m9!1s0x47ef31a7f9be0eb1:0x4cfc852e74c2c392!5m2!4m1!1i2!8m2!3d48.562545!4d3.287249!16s%2Fg%2F1wn32_q4!19sChIJsQ6--acx70cRksPCdC6F_Ew?authuser=0&hl=fr&rclk=1
Normandie grand gîte - Manoir de la Champagne,4.9,,Normandie grand gîte - Manoir de la Champagne,,Saint-Germain-sur-Ay+France,Hôtel avec spa,https://www.google.com/maps/place/Normandie+grand+g%C3%AEte+-+Manoir+de+la+Champagne/data=!4m10!3m9!1s0x480c770d7dd04f49:0xa049537dca81d14e!5m2!4m1!1i2!8m2!3d49.1708787!4d-1.4587424!16s%2Fg%2F1tdyf0bj!19sChIJSU_QfQ13DEgRTtGByn1TSaA?authuser=0&hl=fr&rclk=1
Au calme absolu - Logement insolite | Chambre d'hôtes 89 Bourgogne,4.7,,Au calme absolu - Logement insolite | Chambre d'hôtes 89 Bourgogne,,Escamps+France,Hôtel avec spa,https://www.google.com/maps/place/Au+calme+absolu+-+Logement+insolite+%7C+Chambre+d%27h%C3%B4tes+89+Bourgogne/data=!4m10!3m9!1s0x47ee4d6c4223a99b:0xd9774b580f8f67fe!5m2!4m1!1i2!8m2!3d47.8107689!4d3.4247976!16s%2Fg%2F11nxqlp81m!19sChIJm6kjQmxN7kcR_mePD1hLd9k?authuser=0&hl=fr&rclk=1
Villa Victoria Hôtel et Spa à Ouistreham,4.8,,Villa Victoria Hôtel et Spa à Ouistreham,,Merville-Franceville-Plage+France,Hôtel avec spa,https://www.google.com/maps/place/Villa+Victoria+H%C3%B4tel+et+Spa+%C3%A0+Ouistreham/data=!4m10!3m9!1s0x480a6303868ecd17:0xe740d1c78f89bef8!5m2!4m1!1i2!8m2!3d49.2875851!4d-0.2597149!16s%2Fg%2F11y4ykr9w5!19sChIJF82OhgNjCkgR-L6Jj8fRQOc?authuser=0&hl=fr&rclk=1
"Village Vacances Château de Termes, Gîtes, piscine chauffée, spa, sauna, Vallée de la Dordogne, Rocamadour, Martel, Lot,",4.8,,"Village Vacances Château de Termes, Gîtes, piscine chauffée, spa, sauna, Vallée de la Dordogne, Rocamadour, Martel, Lot,",,Bétaille+France,Hôtel avec spa,"https://www.google.com/maps/place/Village+Vacances+Ch%C3%A2teau+de+Termes,+G%C3%AEtes,+piscine+chauff%C3%A9e,+spa,+sauna,+Vall%C3%A9e+de+la+Dordogne,+Rocamadour,+Martel,+Lot,/data=!4m10!3m9!1s0x12accd70ec1fb367:0xd418ade6e6252c64!5m2!4m1!1i2!8m2!3d44.9522743!4d1.6626553!16s%2Fg%2F1tkgtbjs!19sChIJZ7Mf7HDNrBIRZCwl5uatGNQ?authuser=0&hl=fr&rclk=1"
Hôtel Aux Vieux Remparts,4.1,,Hôtel Aux Vieux Remparts,,Escardes+France,Hôtel avec spa,https://www.google.com/maps/place/H%C3%B4tel+Aux+Vieux+Remparts/data=!4m10!3m9!1s0x47ef31a7f98b1e95:0x4cfc852e74c2c392!5m2!4m1!1i2!8m2!3d48.5625446!4d3.2872492!16s%2Fg%2F1wn32_q4!19sChIJlR6L-acx70cRksPCdC6F_Ew?authuser=0&hl=fr&rclk=1
Le Clos des Tilleuls - D Day Home,4.7,,Le Clos des Tilleuls - D Day Home,,Saint-Germain-sur-Ay+France,Hôtel avec spa,https://www.google.com/maps/place/Le+Clos+des+Tilleuls+-+D+Day+Home/data=!4m10!3m9!1s0x480c747b0e0f27b5:0x6c2657431f1e41f8!5m2!4m1!1i2!8m2!3d49.0786929!4d-1.477674!16s%2Fg%2F1tkv94ln!19sChIJtScPDnt0DEgR-EEeH0NXJmw?authuser=0&hl=fr&rclk=1
"The Originals Boutique, Hôtel Normandie, Auxerre",4.2,,"The Originals Boutique, Hôtel Normandie, Auxerre",,Escamps+France,Hôtel avec spa,"https://www.google.com/maps/place/The+Originals+Boutique,+H%C3%B4tel+Normandie,+Auxerre/data=!4m10!3m9!1s0x47ee4f3b2c1a52e9:0xabd766efb335bb7c!5m2!4m1!1i2!8m2!3d47.800323!4d3.566642!16s%2Fg%2F1tks5ndm!19sChIJ6VIaLDtP7kcRfLs1s-9m16s?authuser=0&hl=fr&rclk=1"
Thalassothérapie Thalazur Cabourg,4.4,,Thalassothérapie Thalazur Cabourg,,Merville-Franceville-Plage+France,Hôtel avec spa,https://www.google.com/maps/place/Thalassoth%C3%A9rapie+Thalazur+Cabourg/data=!4m10!3m9!1s0x480a7c7e4a3ba075:0x8c29abd62af81cc!5m2!4m1!1i2!8m2!3d49.2895822!4d-0.131407!16s%2Fg%2F1hjhgbcqr!19sChIJdaA7Sn58CkgRzIGvYr2awgg?authuser=0&hl=fr&rclk=1
"Les Hauts de Bagadou | Romantique, nature & spa",4.9,,"Les Hauts de Bagadou | Romantique, nature & spa",,Bétaille+France,Hôtel avec spa,"https://www.google.com/maps/place/Les+Hauts+de+Bagadou+%7C+Romantique,+nature+%26+spa/data=!4m10!3m9!1s0x12accc347b4ab12f:0x8feb62bc1c35de9c!5m2!4m1!1i2!8m2!3d44.928269!4d1.634412!16s%2Fg%2F11c708xlmm!19sChIJL7FKezTMrBIRnN41HLxi648?authuser=0&hl=fr&rclk=1"
Château de Ribourdin : Chambres d’hôtes de charme,4.9,,Château de Ribourdin : Chambres d’hôtes de charme,,Escamps+France,Hôtel avec spa,https://www.google.com/maps/place/Ch%C3%A2teau+de+Ribourdin+:+Chambres+d%E2%80%99h%C3%B4tes+de+charme/data=!4m10!3m9!1s0x47ee4bd336017a1d:0xf3e3b9bd22c44d89!5m2!4m1!1i2!8m2!3d47.7503002!4d3.4978559!16s%2Fg%2F1tf8sfc_!19sChIJHXoBNtNL7kcRiU3EIr254_M?authuser=0&hl=fr&rclk=1
Hotel Spa Le Castel Cabourg- Restaurant La Calypso,4.0,,Hotel Spa Le Castel Cabourg- Restaurant La Calypso,,Merville-Franceville-Plage+France,Hôtel avec spa,https://www.google.com/maps/place/Hotel+Spa+Le+Castel+Cabourg-+Restaurant+La+Calypso/data=!4m10!3m9!1s0x480a7c7165a8c5c5:0x5889b711d191406c!5m2!4m1!1i2!8m2!3d49.2908962!4d-0.1144958!16s%2Fg%2F11l6gnq9nn!19sChIJxcWoZXF8CkgRbECR0RG3iVg?authuser=0&hl=fr&rclk=1
Charme Au Fil de l’Eau - Hotel Jacuzzi Privatif Proche Paris,4.9,,Charme Au Fil de l’Eau - Hotel Jacuzzi Privatif Proche Paris,,Escardes+France,Hôtel avec spa,https://www.google.com/maps/place/Charme+Au+Fil+de+l%E2%80%99Eau+-+Hotel+Jacuzzi+Privatif+Proche+Paris/data=!4m10!3m9!1s0x47e8da2609441f03:0x200d6e7b29dac605!5m2!4m1!1i2!8m2!3d48.8569671!4d3.4556675!16s%2Fg%2F1tfk_jfs!19sChIJAx9ECSba6EcRBcbaKXtuDSA?authuser=0&hl=fr&rclk=1
Château Blanat - Hébergements et événements en Vallée de la Dordogne,5.0,,Château Blanat - Hébergements et événements en Vallée de la Dordogne,,Bétaille+France,Hôtel avec spa,https://www.google.com/maps/place/Ch%C3%A2teau+Blanat+-+H%C3%A9bergements+et+%C3%A9v%C3%A9nements+en+Vall%C3%A9e+de+la+Dordogne/data=!4m10!3m9!1s0x12acd3f6e4665033:0x2756e9990b3ab504!5m2!4m1!1i2!8m2!3d44.971292!4d1.6892!16s%2Fg%2F11nbh6bywn!19sChIJM1Bm5PbTrBIRBLU6C5npVic?authuser=0&hl=fr&rclk=1
Spa privatif by XELA,4.9,,Spa privatif by XELA,,Escamps+France,Hôtel avec spa,https://www.google.com/maps/place/Spa+privatif+by+XELA/data=!4m10!3m9!1s0x47ee4fa25fd0daed:0xc4ec5e5a8d2abf75!5m2!4m1!1i2!8m2!3d47.7955189!4d3.5724639!16s%2Fg%2F11q1gdztg9!19sChIJ7drQX6JP7kcRdb8qjVpe7MQ?authuser=0&hl=fr&rclk=1
Résidence Pierre et Vacances premium Résidence et Spa,4.3,,Résidence Pierre et Vacances premium Résidence et Spa,,Merville-Franceville-Plage+France,Hôtel avec spa,https://www.google.com/maps/place/R%C3%A9sidence+Pierre+et+Vacances+premium+R%C3%A9sidence+et+Spa/data=!4m10!3m9!1s0x480a7ea4317c0e07:0xfa93750a10f4c41!5m2!4m1!1i2!8m2!3d49.294201!4d-0.08437!16s%2Fg%2F1tfyczcz!19sChIJBw58MaR-CkgRQUwPoVA3qQ8?authuser=0&hl=fr&rclk=1
"Grand gite de charme en Champagne, Entre Terres et Vignes, à la ferme, Marne, à une heure de Paris et Epernay Jacuzzi privé.",4.9,,"Grand gite de charme en Champagne, Entre Terres et Vignes, à la ferme, Marne, à une heure de Paris et Epernay Jacuzzi privé.",,Escardes+France,Hôtel avec spa,"https://www.google.com/maps/place/Grand+gite+de+charme+en+Champagne,+Entre+Terres+et+Vignes,+%C3%A0+la+ferme,+Marne,+%C3%A0+une+heure+de+Paris+et+Epernay+Jacuzzi+priv%C3%A9./data=!4m10!3m9!1s0x47e92b3b99c97cb9:0xbc1338b6be584285!5m2!4m1!1i2!8m2!3d48.7110269!4d3.5780241!16s%2Fg%2F11rq9lg6m4!19sChIJuXzJmTsr6UcRhUJYvrY4E7w?authuser=0&hl=fr&rclk=1"
Wabi Sabi Lodge_spa,4.9,,Wabi Sabi Lodge_spa,,Bétaille+France,Hôtel avec spa,https://www.google.com/maps/place/Wabi+Sabi+Lodge_spa/data=!4m10!3m9!1s0x47f89f009ef5257b:0xfc16b4d7c5b6aad8!5m2!4m1!1i2!8m2!3d45.0459277!4d1.580563!16s%2Fg%2F11k9pnwbz_!19sChIJeyX1ngCf-EcR2Kq2xde0Fvw?authuser=0&hl=fr&rclk=1
Demeure de Manneville,4.6,,Demeure de Manneville,,Merville-Franceville-Plage+France,Hôtel avec spa,https://www.google.com/maps/place/Demeure+de+Manneville/data=!4m10!3m9!1s0x480a7c0861eccd07:0x15d840f5a2245de8!5m2!4m1!1i2!8m2!3d49.2865038!4d-0.09868!16s%2Fg%2F1tn4xk8n!19sChIJB83sYQh8CkgR6F0kovVA2BU?authuser=0&hl=fr&rclk=1
La Réserve de l’Aube (Hébergements Insolites),5.0,,La Réserve de l’Aube (Hébergements Insolites),,Escardes+France,Hôtel avec spa,https://www.google.com/maps/place/La+R%C3%A9serve+de+l%E2%80%99Aube+%28H%C3%A9bergements+Insolites%29/data=!4m10!3m9!1s0x47eed5c069a81319:0xc93abc385fc7bd8!5m2!4m1!1i2!8m2!3d48.5965626!4d3.5543463!16s%2Fg%2F11nrvvq2t8!19sChIJGROoacDV7kcR2Hv8hcOrkww?authuser=0&hl=fr&rclk=1
Hôtel La Glycine,4.3,,Hôtel La Glycine,,Merville-Franceville-Plage+France,Hôtel avec spa,https://www.google.com/maps/place/H%C3%B4tel+La+Glycine/data=!4m10!3m9!1s0x480a668967a844d5:0x355b2e2879db3cd2!5m2!4m1!1i2!8m2!3d49.247027!4d-0.2764627!16s%2Fg%2F1tscnd2f!19sChIJ1USoZ4lmCkgR0jzbeSguWzU?authuser=0&hl=fr&rclk=1
Domaine Valenquercy,5.0,,Domaine Valenquercy,,Bétaille+France,Hôtel avec spa,https://www.google.com/maps/place/Domaine+Valenquercy/data=!4m10!3m9!1s0x47f89dccfabdc409:0xf4c08a9687ac3b1c!5m2!4m1!1i2!8m2!3d44.9944987!4d1.6329841!16s%2Fg%2F11wbhjd0nr!19sChIJCcS9-syd-EcRHDush5aKwPQ?authuser=0&hl=fr&rclk=1
Domaine de la Calotine,4.2,,Domaine de la Calotine,,Merville-Franceville-Plage+France,Hôtel avec spa,https://www.google.com/maps/place/Domaine+de+la+Calotine/data=!4m10!3m9!1s0x480a7d78aee19253:0xcb80059e7c48cf45!5m2!4m1!1i2!8m2!3d49.2930396!4d-0.0915314!16s%2Fg%2F11h55wqrwh!19sChIJU5Lhrnh9CkgRRc9IfJ4FgMs?authuser=0&hl=fr&rclk=1
VIP REFUGE - hébergement insolite,4.9,,VIP REFUGE - hébergement insolite,,Bétaille+France,Hôtel avec spa,https://www.google.com/maps/place/VIP+REFUGE+-+h%C3%A9bergement+insolite/data=!4m10!3m9!1s0x12accdb1fee751b1:0xd2f36574a9381985!5m2!4m1!1i2!8m2!3d44.9767097!4d1.6100011!16s%2Fg%2F11strb_n__!19sChIJsVHn_rHNrBIRhRk4qXRl89I?authuser=0&hl=fr&rclk=1
Les Ricochets 46 - Jacuzzi Piscine Massages,4.7,,Les Ricochets 46 - Jacuzzi Piscine Massages,,Bétaille+France,Hôtel avec spa,https://www.google.com/maps/place/Les+Ricochets+46+-+Jacuzzi+Piscine+Massages/data=!4m10!3m9!1s0x12accdc8a2fa2b8f:0xad031fc950dce6b!5m2!4m1!1i2!8m2!3d44.9285892!4d1.6463513!16s%2Fg%2F11bxjg5v72!19sChIJjyv6osjNrBIRa84Nlfwx0Ao?authuser=0&hl=fr&rclk=1
Hotel & Spa Xalet Bringué,4.7,,SponsoriséPar Booking.com,,Bestiac+France,Hôtel avec spa,https://www.google.com/maps/place/Hotel+%26+Spa+Xalet+Bringu%C3%A9/data=!4m10!3m9!1s0x12af674aa650e82d:0x23631949ecf44b3f!5m2!4m1!1i2!8m2!3d42.619771!4d1.54005!16s%2Fg%2F11r98hcxt!19sChIJLehQpkpnrxIRP0v07EkZYyM?authuser=0&hl=fr&rclk=1
Relais Spa Val d'Europe,4.3,,SponsoriséPar Booking.com,,Saint-Germain-sous-Doue+France,Hôtel avec spa,https://www.google.com/maps/place/Relais+Spa+Val+d%27Europe/data=!4m10!3m9!1s0x47e61cd81ae8b1fb:0xa71b56438fd1a1d7!5m2!4m1!1i2!8m2!3d48.857325!4d2.772843!16s%2Fg%2F1q6n2st09!19sChIJ-7HoGtgc5kcR16HRj0NWG6c?authuser=0&hl=fr&rclk=1
Hôtel Restaurant du Donon,4.0,,SponsoriséPar Booking.com,,Merviller+France,Hôtel avec spa,https://www.google.com/maps/place/H%C3%B4tel+Restaurant+du+Donon/data=!4m10!3m9!1s0x479407836d0e2da5:0x71593fc2d708dd38!5m2!4m1!1i2!8m2!3d48.506027!4d7.142199!16s%2Fg%2F12ml2xywk!19sChIJpS0ObYMHlEcRON0I18I_WXE?authuser=0&hl=fr&rclk=1
La Licorne,3.8,,SponsoriséPar Booking.com,,Saint-Germain-sous-Cailly+France,Hôtel avec spa,https://www.google.com/maps/place/La+Licorne/data=!4m10!3m9!1s0x47e72bb49caffffd:0x16a3c180f4593ba4!5m2!4m1!1i2!8m2!3d49.398407!4d1.476569!16s%2Fg%2F12qgxpjhn!19sChIJ_f-vnLQr50cRpDtZ9IDBoxY?authuser=0&hl=fr&rclk=1
La maison du rocher,4.5,,La maison du rocher,,Bétaille+France,Hôtel avec spa,https://www.google.com/maps/place/La+maison+du+rocher/data=!4m10!3m9!1s0x12acd3d67ec441db:0x4c66d46376dc865!5m2!4m1!1i2!8m2!3d44.913831!4d1.718692!16s%2Fg%2F11h4trsjk8!19sChIJ20HEftbTrBIRZchtN0ZtxgQ?authuser=0&hl=fr&rclk=1
Residence Le Grand Tétras,4.3,,Residence Le Grand Tétras,,Bestiac+France,Hôtel avec spa,https://www.google.com/maps/place/Residence+Le+Grand+T%C3%A9tras/data=!4m10!3m9!1s0x12af9d64dcb47bd1:0xf280fa0d0364aa59!5m2!4m1!1i2!8m2!3d42.7205724!4d1.8391689!16s%2Fg%2F1tcy1590!19sChIJ0Xu03GSdrxIRWapkAw36gPI?authuser=0&hl=fr&rclk=1
Disneyland Hotel,4.5,,SponsoriséPar Travelocity.com,,Saint-Germain-sous-Doue+France,Hôtel avec spa,https://www.google.com/maps/place/Disneyland+Hotel/data=!4m10!3m9!1s0x47e61d1ec70c9ff1:0x1a635ad691123731!5m2!4m1!1i2!8m2!3d48.870412!4d2.779707!16zL20vMGZwbHYy!19sChIJ8Z8Mxx4d5kcRMTcSkdZaYxo?authuser=0&hl=fr&rclk=1
Logis Hôtel le Relais Vosgien,4.3,,SponsoriséPar Booking.com,,Merviller+France,Hôtel avec spa,https://www.google.com/maps/place/Logis+H%C3%B4tel+le+Relais+Vosgien/data=!4m10!3m9!1s0x479383e9349d4347:0x2613e25d4ec9522b!5m2!4m1!1i2!8m2!3d48.437729!4d6.576357!16s%2Fg%2F113gfmq6z!19sChIJR0OdNOmDk0cRK1LJTl3iEyY?authuser=0&hl=fr&rclk=1
Manoir de Laroque Delprat Chambres d'Hôtes,4.9,,Manoir de Laroque Delprat Chambres d'Hôtes,,Bétaille+France,Hôtel avec spa,https://www.google.com/maps/place/Manoir+de+Laroque+Delprat+Chambres+d%27H%C3%B4tes/data=!4m10!3m9!1s0x12acd78e2fadd005:0x7b26686eeb128672!5m2!4m1!1i2!8m2!3d44.853118!4d1.8206916!16s%2Fg%2F11t2dywsth!19sChIJBdCtL47XrBIRcoYS625oJns?authuser=0&hl=fr&rclk=1
Hôtel de Dieppe 1880 Rouen Best Western Plus,4.3,,SponsoriséPar Expedia.fr,,Saint-Germain-sous-Cailly+France,Hôtel avec spa,https://www.google.com/maps/place/H%C3%B4tel+de+Dieppe+1880+Rouen+Best+Western+Plus/data=!4m10!3m9!1s0x47e0ddd092d3de75:0x2b9e4ca9f276b436!5m2!4m1!1i2!8m2!3d49.448303!4d1.093463!16s%2Fg%2F1thx3b0r!19sChIJdd7TktDd4EcRNrR28qlMnis?authuser=0&hl=fr&rclk=1
Domaine Fournié - Gites et chambres d'hôtes de charme,4.9,,Domaine Fournié - Gites et chambres d'hôtes de charme,,Bestiac+France,Hôtel avec spa,https://www.google.com/maps/place/Domaine+Fourni%C3%A9+-+Gites+et+chambres+d%27h%C3%B4tes+de+charme/data=!4m10!3m9!1s0x12af14b2d2958ba1:0xa371303c42ccf462!5m2!4m1!1i2!8m2!3d42.8534083!4d1.5865717!16s%2Fg%2F1w44h82_!19sChIJoYuV0rIUrxIRYvTMQjwwcaM?authuser=0&hl=fr&rclk=1
Le Moulin de Pommeuse | Domaine pittoresque | Mariages et séminaires,4.4,,Le Moulin de Pommeuse | Domaine pittoresque | Mariages et séminaires,,Saint-Germain-sous-Doue+France,Hôtel avec spa,https://www.google.com/maps/place/Le+Moulin+de+Pommeuse+%7C+Domaine+pittoresque+%7C+Mariages+et+s%C3%A9minaires/data=!4m10!3m9!1s0x47e8b03e0e0f527d:0x97e01d28dacd7221!5m2!4m1!1i2!8m2!3d48.8197807!4d3.0152287!16s%2Fg%2F1trcfrjv!19sChIJfVIPDj6w6EcRIXLN2igd4Jc?authuser=0&hl=fr&rclk=1
Logis Hôtel Altitude et Spa,4.8,,Logis Hôtel Altitude et Spa,,Merviller+France,Hôtel avec spa,https://www.google.com/maps/place/Logis+H%C3%B4tel+Altitude+et+Spa/data=!4m10!3m9!1s0x4793f5d923b3c6ff:0xd1dfe4270dc9149e!5m2!4m1!1i2!8m2!3d48.46825!4d6.93202!16s%2Fg%2F11s2zl1vj7!19sChIJ_8azI9n1k0cRnhTJDSfk39E?authuser=0&hl=fr&rclk=1
Fred & Jules,4.9,,Fred & Jules,,Bétaille+France,Hôtel avec spa,https://www.google.com/maps/place/Fred+%26+Jules/data=!4m10!3m9!1s0x47f8800e19e29c33:0x802e8b8b0062ff76!5m2!4m1!1i2!8m2!3d44.9985545!4d1.8234912!16s%2Fg%2F11bttpdzpn!19sChIJM5ziGQ6A-EcRdv9iAIuLLoA?authuser=0&hl=fr&rclk=1
Best Western Plus hôtel le Conquérant,4.7,,Best Western Plus hôtel le Conquérant,,Saint-Germain-sous-Cailly+France,Hôtel avec spa,https://www.google.com/maps/place/Best+Western+Plus+h%C3%B4tel+le+Conqu%C3%A9rant/data=!4m10!3m9!1s0x47e0dc5211f138b3:0x8b1a817487c68010!5m2!4m1!1i2!8m2!3d49.474047!4d1.1080216!16s%2Fg%2F11q8wyslsx!19sChIJszjxEVLc4EcREIDGh3SBGos?authuser=0&hl=fr&rclk=1
Gîte du Pech cathare - Le Fourcat,4.8,,Gîte du Pech cathare - Le Fourcat,,Bestiac+France,Hôtel avec spa,https://www.google.com/maps/place/G%C3%AEte+du+Pech+cathare+-+Le+Fourcat/data=!4m10!3m9!1s0x12af0f0fcfd80263:0x6abe3604f2b64c0a!5m2!4m1!1i2!8m2!3d42.9452708!4d1.7257936!16s%2Fg%2F11fk4_sb5f!19sChIJYwLYzw8PrxIRCky28gQ2vmo?authuser=0&hl=fr&rclk=1
Maison et détente - Spa privatif,4.7,,Maison et détente - Spa privatif,,Saint-Germain-sous-Doue+France,Hôtel avec spa,https://www.google.com/maps/place/Maison+et+d%C3%A9tente+-+Spa+privatif/data=!4m10!3m9!1s0x47e8b343390829cf:0x7149b243512fdd0c!5m2!4m1!1i2!8m2!3d48.7354888!4d2.9939252!16s%2Fg%2F11j0svzw9w!19sChIJzykIOUOz6EcRDN0vUUOySXE?authuser=0&hl=fr&rclk=1
Logis Hôtel le Relais Vosgien,4.3,,Logis Hôtel le Relais Vosgien,,Merviller+France,Hôtel avec spa,https://www.google.com/maps/place/Logis+H%C3%B4tel+le+Relais+Vosgien/data=!4m10!3m9!1s0x479383eeb6af92ad:0x2613e25d4ec9522b!5m2!4m1!1i2!8m2!3d48.4377285!4d6.5763571!16s%2Fg%2F113gfmq6z!19sChIJrZKvtu6Dk0cRK1LJTl3iEyY?authuser=0&hl=fr&rclk=1
Au champ de l'insolite,4.8,,Au champ de l'insolite,,Bétaille+France,Hôtel avec spa,https://www.google.com/maps/place/Au+champ+de+l%27insolite/data=!4m10!3m9!1s0x12acd19c6473ff05:0xc73a6fab1100f21c!5m2!4m1!1i2!8m2!3d44.8381548!4d1.7166716!16s%2Fg%2F11jb4ws0zm!19sChIJBf9zZJzRrBIRHPIAEatvOsc?authuser=0&hl=fr&rclk=1
Hôtel de Bourgtheroulde,4.4,,Hôtel de Bourgtheroulde,,Saint-Germain-sous-Cailly+France,Hôtel avec spa,https://www.google.com/maps/place/H%C3%B4tel+de+Bourgtheroulde/data=!4m10!3m9!1s0x47e0ddd89aeed1a1:0xc6fa965c10db39d5!5m2!4m1!1i2!8m2!3d49.4419918!4d1.0882674!16s%2Fg%2F121x70ms!19sChIJodHumtjd4EcR1TnbEFyW-sY?authuser=0&hl=fr&rclk=1
Domaine du Bois des Anges,4.6,,Domaine du Bois des Anges,,Saint-Germain-sous-Doue+France,Hôtel avec spa,https://www.google.com/maps/place/Domaine+du+Bois+des+Anges/data=!4m10!3m9!1s0x47e8a2164ad9f62d:0x9c18e47870bce67a!5m2!4m1!1i2!8m2!3d48.9849408!4d2.9364811!16s%2Fg%2F11f4wvg9qq!19sChIJLfbZShai6EcReua8cHjkGJw?authuser=0&hl=fr&rclk=1
Etat Nature,4.5,,Etat Nature,,Merviller+France,Hôtel avec spa,https://www.google.com/maps/place/Etat+Nature/data=!4m10!3m9!1s0x479383da38deb1bd:0x1e6a53ebb4357441!5m2!4m1!1i2!8m2!3d48.4449004!4d6.5576757!16s%2Fg%2F1v3dr1g3!19sChIJvbHeONqDk0cRQXQ1tOtTah4?authuser=0&hl=fr&rclk=1
Les Contes Bed and Breakfast,4.8,,Les Contes Bed and Breakfast,,Bestiac+France,Hôtel avec spa,https://www.google.com/maps/place/Les+Contes+Bed+and+Breakfast/data=!4m10!3m9!1s0x12afa111f79c2bcf:0x290675e9bafef805!5m2!4m1!1i2!8m2!3d42.8830707!4d1.8733845!16s%2Fg%2F11qh784yb7!19sChIJzyuc9xGhrxIRBfj-uul1Bik?authuser=0&hl=fr&rclk=1
"Radisson Blu Hotel, Rouen Centre",4.6,,"Radisson Blu Hotel, Rouen Centre",,Saint-Germain-sous-Cailly+France,Hôtel avec spa,"https://www.google.com/maps/place/Radisson+Blu+Hotel,+Rouen+Centre/data=!4m10!3m9!1s0x47e0ddd0cda2f5bd:0xff4f3d586bef93db!5m2!4m1!1i2!8m2!3d49.4466914!4d1.0939852!16s%2Fg%2F11gdzthnl_!19sChIJvfWizdDd4EcR25Pva1g9T_8?authuser=0&hl=fr&rclk=1"
Nos Nuits Romantiques,4.9,,Nos Nuits Romantiques,,Merviller+France,Hôtel avec spa,https://www.google.com/maps/place/Nos+Nuits+Romantiques/data=!4m10!3m9!1s0x47938972db597e6f:0x86c5c0c8ee980292!5m2!4m1!1i2!8m2!3d48.4455363!4d6.7480904!16s%2Fg%2F11wy1dbqhm!19sChIJb35Z23KJk0cRkgKY7sjAxYY?authuser=0&hl=fr&rclk=1
"Belambra Clubs ""Les Portes de Dordogne""",4.3,,"Belambra Clubs ""Les Portes de Dordogne""",,Bétaille+France,Hôtel avec spa,https://www.google.com/maps/place/Belambra+Clubs+%22Les+Portes+de+Dordogne%22/data=!4m10!3m9!1s0x12acdab3c0e3e571:0x74f6f9dd5443d836!5m2!4m1!1i2!8m2!3d44.825125!4d1.6814!16s%2Fg%2F1tgzk8qs!19sChIJceXjwLParBIRNthDVN359nQ?authuser=0&hl=fr&rclk=1
La Grignotière Lodge & Spa,5.0,,La Grignotière Lodge & Spa,,Saint-Germain-sous-Doue+France,Hôtel avec spa,https://www.google.com/maps/place/La+Grignoti%C3%A8re+Lodge+%26+Spa/data=!4m10!3m9!1s0x47e8a510697b304b:0x2f73701f55b75dd8!5m2!4m1!1i2!8m2!3d48.8565897!4d2.9342702!16s%2Fg%2F11n5hnzg7f!19sChIJSzB7aRCl6EcR2F23VR9wcy8?authuser=0&hl=fr&rclk=1
Hyatt Place Rouen,4.2,,Hyatt Place Rouen,,Saint-Germain-sous-Cailly+France,Hôtel avec spa,https://www.google.com/maps/place/Hyatt+Place+Rouen/data=!4m10!3m9!1s0x47e0dde5a7fa80cd:0xa13f67b0a2e03019!5m2!4m1!1i2!8m2!3d49.453168!4d1.0989047!16s%2Fg%2F11l34zy44b!19sChIJzYD6p-Xd4EcRGTDgorBnP6E?authuser=0&hl=fr&rclk=1
Domaine des Graminées,5.0,,Domaine des Graminées,,Merviller+France,Hôtel avec spa,https://www.google.com/maps/place/Domaine+des+Gramin%C3%A9es/data=!4m10!3m9!1s0x479391888b501a63:0xfec60e36578101f8!5m2!4m1!1i2!8m2!3d48.3367235!4d6.6843364!16s%2Fg%2F11fmncw891!19sChIJYxpQi4iRk0cR-AGBVzYOxv4?authuser=0&hl=fr&rclk=1
Maison en location avec jaccuzi à Collonges la Rouge,5.0,,Maison en location avec jaccuzi à Collonges la Rouge,,Bétaille+France,Hôtel avec spa,https://www.google.com/maps/place/Maison+en+location+avec+jaccuzi+%C3%A0+Collonges+la+Rouge/data=!4m10!3m9!1s0x47f89b9c7b738a5b:0xebbc6974a44d9e24!5m2!4m1!1i2!8m2!3d45.0706188!4d1.6336628!16s%2Fg%2F11s8bchd7d!19sChIJW4pze5yb-EcRJJ5NpHRpvOs?authuser=0&hl=fr&rclk=1
Les Cabanes du Moulin - Cabanes spa,4.6,,Les Cabanes du Moulin - Cabanes spa,,Saint-Germain-sous-Doue+France,Hôtel avec spa,https://www.google.com/maps/place/Les+Cabanes+du+Moulin+-+Cabanes+spa/data=!4m10!3m9!1s0x47e8c7482c8c86a3:0x80323f451993631c!5m2!4m1!1i2!8m2!3d48.9079219!4d3.2129506!16s%2Fg%2F1vspqtzf!19sChIJo4aMLEjH6EcRHGOTGUU_MoA?authuser=0&hl=fr&rclk=1
Terres de France - Appart Hotel Rouen Flaubert,3.9,,Terres de France - Appart Hotel Rouen Flaubert,,Saint-Germain-sous-Cailly+France,Hôtel avec spa,https://www.google.com/maps/place/Terres+de+France+-+Appart+Hotel+Rouen+Flaubert/data=!4m10!3m9!1s0x47e0de0c5bdaabbf:0x8efca354808c605f!5m2!4m1!1i2!8m2!3d49.4346483!4d1.0767938!16s%2Fg%2F11b6dh72mc!19sChIJv6vaWwze4EcRX2CMgFSj_I4?authuser=0&hl=fr&rclk=1
Center Parcs Les Trois Forêts,4.0,,Center Parcs Les Trois Forêts,,Merviller+France,Hôtel avec spa,https://www.google.com/maps/place/Center+Parcs+Les+Trois+For%C3%AAts/data=!4m10!3m9!1s0x47940cf9c809f3d7:0xd44e7620bb32e6be!5m2!4m1!1i2!8m2!3d48.6212428!4d6.9832282!16s%2Fg%2F1hb_dz28r!19sChIJ1_MJyPkMlEcRvuYyuyB2TtQ?authuser=0&hl=fr&rclk=1
"Sous la Glycine, chambre d'hôtes avec jacuzzi",4.9,,"Sous la Glycine, chambre d'hôtes avec jacuzzi",,Bétaille+France,Hôtel avec spa,"https://www.google.com/maps/place/Sous+la+Glycine,+chambre+d%27h%C3%B4tes+avec+jacuzzi/data=!4m10!3m9!1s0x47f89fe9f0d11dcd:0xf78480179d4ec3de!5m2!4m1!1i2!8m2!3d45.0196797!4d1.5861118!16s%2Fg%2F11vf5fpynp!19sChIJzR3R8Omf-EcR3sNOnReAhPc?authuser=0&hl=fr&rclk=1"
Grand Mess Rouen,5.0,,Grand Mess Rouen,,Saint-Germain-sous-Cailly+France,Hôtel avec spa,https://www.google.com/maps/place/Grand+Mess+Rouen/data=!4m10!3m9!1s0x47e0dfef9f49cad9:0x2cf56eb864d8550c!5m2!4m1!1i2!8m2!3d49.4400652!4d1.0769633!16s%2Fg%2F11vdtq8tcb!19sChIJ2cpJn-_f4EcRDFXYZLhu9Sw?authuser=0&hl=fr&rclk=1
Au plaisir Vosgien,3.8,,Au plaisir Vosgien,,Merviller+France,Hôtel avec spa,https://www.google.com/maps/place/Au+plaisir+Vosgien/data=!4m10!3m9!1s0x47938db09dd64203:0x7705621233f262b8!5m2!4m1!1i2!8m2!3d48.4067797!4d6.8418895!16s%2Fg%2F11tnj__yd9!19sChIJA0LWnbCNk0cRuGLyMxJiBXc?authuser=0&hl=fr&rclk=1
Camping Village du Port - chez Sophie,4.6,,Camping Village du Port - chez Sophie,,Bétaille+France,Hôtel avec spa,https://www.google.com/maps/place/Camping+Village+du+Port+-+chez+Sophie/data=!4m10!3m9!1s0x12acc91de94fbdb1:0x99d79ba5032c377c!5m2!4m1!1i2!8m2!3d44.8777419!4d1.5709767!16s%2Fg%2F1tgcv6wx!19sChIJsb1P6R3JrBIRfDcsA6Wb15k?authuser=0&hl=fr&rclk=1
Le gîte du Papillon,5.0,,Le gîte du Papillon,,Saint-Germain-sous-Cailly+France,Hôtel avec spa,https://www.google.com/maps/place/Le+g%C3%AEte+du+Papillon/data=!4m10!3m9!1s0x47e74b1e7067f9dd:0xe3c1c3c6e51aec29!5m2!4m1!1i2!8m2!3d49.7226677!4d1.4511281!16s%2Fg%2F11rfnm96z9!19sChIJ3flncB5L50cRKewa5cbDweM?authuser=0&hl=fr&rclk=1
Chambre d'hôtes dans les Vosges - La Maison VJM,4.9,,Chambre d'hôtes dans les Vosges - La Maison VJM,,Merviller+France,Hôtel avec spa,https://www.google.com/maps/place/Chambre+d%27h%C3%B4tes+dans+les+Vosges+-+La+Maison+VJM/data=!4m10!3m9!1s0x4793edc1dbb4817f:0x675f3e50288d9109!5m2!4m1!1i2!8m2!3d48.3188096!4d6.8839418!16s%2Fg%2F11sq_zszy7!19sChIJf4G028Htk0cRCZGNKFA-X2c?authuser=0&hl=fr&rclk=1
Gîtes La cambrière,4.5,,Gîtes La cambrière,,Saint-Germain-sous-Cailly+France,Hôtel avec spa,https://www.google.com/maps/place/G%C3%AEtes+La+cambri%C3%A8re/data=!4m10!3m9!1s0x47e0c277e42fac89:0x7fd3e51a16652f20!5m2!4m1!1i2!8m2!3d49.5714693!4d1.0503322!16s%2Fg%2F1tjjnnl3!19sChIJiawv5HfC4EcRIC9lFhrl038?authuser=0&hl=fr&rclk=1
Les accacias chambre d'hôte,4.8,,Les accacias chambre d'hôte,,Merviller+France,Hôtel avec spa,https://www.google.com/maps/place/Les+accacias+chambre+d%27h%C3%B4te/data=!4m10!3m9!1s0x4793f24e8e53e3a7:0x75c884e55a8a0de2!5m2!4m1!1i2!8m2!3d48.392195!4d6.941101!16s%2Fg%2F1xn_m9xg!19sChIJp-NTjk7yk0cR4g2KWuWEyHU?authuser=0&hl=fr&rclk=1
Saint-Germain-sur-Avre,,,Saint-Germain-sur-Avre,,Saint-Germain-sur-Avre+France,Centre thermal,https://www.google.com/maps/place/Saint-Germain-sur-Avre/data=!4m7!3m6!1s0x47e156dd08d67357:0x40c14484fbb9330!8m2!3d48.76859!4d1.2605!16s%2Fm%2F03nqlyv!19sChIJV3PWCN1W4UcRMJO7T0gUDAQ?authuser=0&hl=fr&rclk=1
Thermes de Cransac,4.6,,Thermes de Cransac,,Escandolières+France,Centre thermal,https://www.google.com/maps/place/Thermes+de+Cransac/data=!4m7!3m6!1s0x12ad7a600548e54f:0x5b8458629e85474b!8m2!3d44.5293152!4d2.275503!16s%2Fg%2F1thzx400!19sChIJT-VIBWB6rRIRS0eFnmJYhFs?authuser=0&hl=fr&rclk=1
Thermes de Cambo-les-Bains,4.5,,Thermes de Cambo-les-Bains,,Escanecrabe+France,Centre thermal,https://www.google.com/maps/place/Thermes+de+Cambo-les-Bains/data=!4m7!3m6!1s0xd513a54ea1828dd:0xa3f3e8da5cddbf6!8m2!3d43.3546709!4d-1.3876673!16s%2Fg%2F1td1l9mm!19sChIJ3SgY6lQ6UQ0R9tvNpY0-Pwo?authuser=0&hl=fr&rclk=1
Caleden - Complexe thermal et thermoludique de Chaudes-Aigues,3.9,,Caleden - Complexe thermal et thermoludique de Chaudes-Aigues,,Escandolières+France,Centre thermal,https://www.google.com/maps/place/Caleden+-+Complexe+thermal+et+thermoludique+de+Chaudes-Aigues/data=!4m7!3m6!1s0x12b2d126d6223a33:0x66429c0ec5170e7e!8m2!3d44.8509511!4d3.0029591!16s%2Fg%2F11bbrgf65m!19sChIJMzoi1ibRshIRfg4XxQ6cQmY?authuser=0&hl=fr&rclk=1
Station thermale La Chaldette,4.3,,Station thermale La Chaldette,,Escandolières+France,Centre thermal,https://www.google.com/maps/place/Station+thermale+La+Chaldette/data=!4m7!3m6!1s0x12b2d9a8ac0ab745:0x3f01413553cc168a!8m2!3d44.7720195!4d3.0433149!16s%2Fg%2F1tkp1vx_!19sChIJRbcKrKjZshIRihbMUzVBAT8?authuser=0&hl=fr&rclk=1
Centre thermal de Castéra-Verduzan,4.2,,Centre thermal de Castéra-Verduzan,,Escanecrabe+France,Centre thermal,https://www.google.com/maps/place/Centre+thermal+de+Cast%C3%A9ra-Verduzan/data=!4m7!3m6!1s0x12aa27ecaba7bd8f:0x835bc780faaa11dc!8m2!3d43.804431!4d0.4312649!16s%2Fg%2F11c1v04wbc!19sChIJj72nq-wnqhIR3BGq-oDHW4M?authuser=0&hl=fr&rclk=1
Les thermes de Jeannot,4.0,,Les thermes de Jeannot,,Escandolières+France,Centre thermal,https://www.google.com/maps/place/Les+thermes+de+Jeannot/data=!4m7!3m6!1s0x12ad71f3715a2135:0xab330a1811c3e5a1!8m2!3d44.5243693!4d2.2831182!16s%2Fg%2F11pz8s6t10!19sChIJNSFacfNxrRIRoeXDERgKM6s?authuser=0&hl=fr&rclk=1
Thermes de Salies du Salat,4.2,,Thermes de Salies du Salat,,Escanecrabe+France,Centre thermal,https://www.google.com/maps/place/Thermes+de+Salies+du+Salat/data=!4m7!3m6!1s0x12a8de9a3584ba71:0xe334c5756d223c3a!8m2!3d43.1007807!4d0.9562864!16s%2Fg%2F11b6df9tg5!19sChIJcbqENZreqBIROjwibXXFNOM?authuser=0&hl=fr&rclk=1
Thermes de Luchon,3.7,,Thermes de Luchon,,Escanecrabe+France,Centre thermal,https://www.google.com/maps/place/Thermes+de+Luchon/data=!4m7!3m6!1s0x12a861f8885d651d:0x4d4d7f5209c82c03!8m2!3d42.7849172!4d0.5939473!16s%2Fg%2F11b6t28t7g!19sChIJHWVdiPhhqBIRAyzICVJ_TU0?authuser=0&hl=fr&rclk=1
Thermes de Cransac,4.6,,Thermes de Cransac,,Escanecrabe+France,Centre thermal,https://www.google.com/maps/place/Thermes+de+Cransac/data=!4m7!3m6!1s0x12ad7a600548e54f:0x5b8458629e85474b!8m2!3d44.5293152!4d2.275503!16s%2Fg%2F1thzx400!19sChIJT-VIBWB6rRIRS0eFnmJYhFs?authuser=0&hl=fr&rclk=1
Aquensis,4.2,,Aquensis,,Escanecrabe+France,Centre thermal,https://www.google.com/maps/place/Aquensis/data=!4m7!3m6!1s0x12a82e2936608799:0x511a30cdf7b50b6c!8m2!3d43.064136!4d0.1454991!16s%2Fg%2F121dplk2!19sChIJmYdgNikuqBIRbAu1980wGlE?authuser=0&hl=fr&rclk=1
Thermes de Bourbonne-les-Bains - Institut et spa,4.1,,Thermes de Bourbonne-les-Bains - Institut et spa,,Betaucourt+France,Centre thermal,https://www.google.com/maps/place/Thermes+de+Bourbonne-les-Bains+-+Institut+et+spa/data=!4m7!3m6!1s0x479329e96677531b:0xc398ea10722e2ae!8m2!3d47.9510442!4d5.7467987!16s%2Fg%2F11xfbkzfk!19sChIJG1N3Zukpk0cRruIiB6GOOQw?authuser=0&hl=fr&rclk=1
Thermes de Luxeuil-les-Bains,4.2,,Thermes de Luxeuil-les-Bains,,Betaucourt+France,Centre thermal,https://www.google.com/maps/place/Thermes+de+Luxeuil-les-Bains/data=!4m10!3m9!1s0x4792560be5a65763:0xf277bfd34a33fff8!5m2!4m1!1i2!8m2!3d47.8206642!4d6.3770605!16s%2Fg%2F1tczcttj!19sChIJY1em5QtWkkcR-P8zStO_d_I?authuser=0&hl=fr&rclk=1
Etablissement Thermal,4.0,2,Etablissement Thermal,,Betaucourt+France,Centre thermal,https://www.google.com/maps/place/Etablissement+Thermal/data=!4m7!3m6!1s0x479329e967e9976f:0x28e67bb3c14949b!8m2!3d47.951155!4d5.746341!16s%2Fg%2F11b6dp65t6!19sChIJb5fpZ-kpk0cRm5QUPLtnjgI?authuser=0&hl=fr&rclk=1
Thermes d'Ussat-les-Bains,4.5,,Thermes d'Ussat-les-Bains,,Mervilla+France,Centre thermal,https://www.google.com/maps/place/Thermes+d%27Ussat-les-Bains/data=!4m7!3m6!1s0x12af6cf05e078671:0x1702ba0ea54bf78b!8m2!3d42.8221208!4d1.6233741!16s%2Fg%2F11b6d4cnn0!19sChIJcYYHXvBsrxIRi_dLpQ66Ahc?authuser=0&hl=fr&rclk=1
Centre thermal de Castéra-Verduzan,4.2,,Centre thermal de Castéra-Verduzan,,Mervilla+France,Centre thermal,https://www.google.com/maps/place/Centre+thermal+de+Cast%C3%A9ra-Verduzan/data=!4m7!3m6!1s0x12aa27ecaba7bd8f:0x835bc780faaa11dc!8m2!3d43.804431!4d0.4312649!16s%2Fg%2F11c1v04wbc!19sChIJj72nq-wnqhIR3BGq-oDHW4M?authuser=0&hl=fr&rclk=1
Thermes de Cambo-les-Bains,4.5,,Thermes de Cambo-les-Bains,,Mervilla+France,Centre thermal,https://www.google.com/maps/place/Thermes+de+Cambo-les-Bains/data=!4m7!3m6!1s0xd513a54ea1828dd:0xa3f3e8da5cddbf6!8m2!3d43.3546709!4d-1.3876673!16s%2Fg%2F1td1l9mm!19sChIJ3SgY6lQ6UQ0R9tvNpY0-Pwo?authuser=0&hl=fr&rclk=1
Thermes de Salies du Salat,4.2,,Thermes de Salies du Salat,,Mervilla+France,Centre thermal,https://www.google.com/maps/place/Thermes+de+Salies+du+Salat/data=!4m7!3m6!1s0x12a8de9a3584ba71:0xe334c5756d223c3a!8m2!3d43.1007807!4d0.9562864!16s%2Fg%2F11b6df9tg5!19sChIJcbqENZreqBIROjwibXXFNOM?authuser=0&hl=fr&rclk=1
Plage de Saint Germain sur Ay,4.6,,Plage de Saint Germain sur Ay,,Saint-Germain-sur-Ay+France,Centre thermal,https://www.google.com/maps/place/Plage+de+Saint+Germain+sur+Ay/data=!4m7!3m6!1s0x480c6589a19af7e5:0x524d9342ebfad544!8m2!3d49.2289736!4d-1.647116!16s%2Fg%2F11qptl9nfv!19sChIJ5feaoYllDEgRRNX660KTTVI?authuser=0&hl=fr&rclk=1
Plage naturiste DE LA POINTE DU BANC,4.6,,Plage naturiste DE LA POINTE DU BANC,,Saint-Germain-sur-Ay+France,Centre thermal,https://www.google.com/maps/place/Plage+naturiste+DE+LA+POINTE+DU+BANC/data=!4m7!3m6!1s0x480c6574c379f43d:0x5f08975ad4386a5f!8m2!3d49.2109545!4d-1.6250253!16s%2Fg%2F11c4837sg3!19sChIJPfR5w3RlDEgRX2o41FqXCF8?authuser=0&hl=fr&rclk=1
Camping Aux Grands Espaces,3.8,,Camping Aux Grands Espaces,,Saint-Germain-sur-Ay+France,Centre thermal,https://www.google.com/maps/place/Camping+Aux+Grands+Espaces/data=!4m7!3m6!1s0x480c655e9d7b8a11:0x7f7ef6d20e0f47e7!8m2!3d49.2365822!4d-1.6409139!16s%2Fg%2F11gxf6fxq6!19sChIJEYp7nV5lDEgR50cPDtL2fn8?authuser=0&hl=fr&rclk=1
St Germain sur ay,4.3,,St Germain sur ay,,Saint-Germain-sur-Ay+France,Centre thermal,https://www.google.com/maps/place/St+Germain+sur+ay/data=!4m7!3m6!1s0x480c654f0e3334c9:0xbcc22c5f3cff1f0d!8m2!3d49.2163433!4d-1.628242!16s%2Fg%2F11sht2xkyx!19sChIJyTQzDk9lDEgRDR__PF8swrw?authuser=0&hl=fr&rclk=1
Plage de Franceville,4.6,,Plage de Franceville,,Merville-Franceville-Plage+France,Centre thermal,https://www.google.com/maps/place/Plage+de+Franceville/data=!4m7!3m6!1s0x480a6387d38ba82d:0xe46ba8cc3bdd8bba!8m2!3d49.2862903!4d-0.1994346!16s%2Fg%2F11g072q9y0!19sChIJLaiL04djCkgRuovdO8yoa-Q?authuser=0&hl=fr&rclk=1
FACE A LA MER - Hôtel & Spa,4.7,,FACE A LA MER - Hôtel & Spa,,Merville-Franceville-Plage+France,Centre thermal,https://www.google.com/maps/place/FACE+A+LA+MER+-+H%C3%B4tel+%26+Spa/data=!4m10!3m9!1s0x480a6360de423ff7:0x4aa97926c42879ce!5m2!4m1!1i2!8m2!3d49.2853312!4d-0.203284!16s%2Fg%2F11pxk_k_km!19sChIJ9z9C3mBjCkgRznkoxCZ5qUo?authuser=0&hl=fr&rclk=1
Thalassothérapie Thalazur Cabourg,4.4,,Thalassothérapie Thalazur Cabourg,,Merville-Franceville-Plage+France,Centre thermal,https://www.google.com/maps/place/Thalassoth%C3%A9rapie+Thalazur+Cabourg/data=!4m10!3m9!1s0x480a7c7e4a3ba075:0x8c29abd62af81cc!5m2!4m1!1i2!8m2!3d49.2895822!4d-0.131407!16s%2Fg%2F1hjhgbcqr!19sChIJdaA7Sn58CkgRzIGvYr2awgg?authuser=0&hl=fr&rclk=1
Thalassothérapie Thalazur Ouistreham,4.2,,Thalassothérapie Thalazur Ouistreham,,Merville-Franceville-Plage+France,Centre thermal,https://www.google.com/maps/place/Thalassoth%C3%A9rapie+Thalazur+Ouistreham/data=!4m7!3m6!1s0x480a63fde4eb0a83:0x808f021d9d237d10!8m2!3d49.2895063!4d-0.2602236!16s%2Fg%2F1hc2ngcsl!19sChIJgwrr5P1jCkgREH0jnR0Cj4A?authuser=0&hl=fr&rclk=1
Centre Aquatique L'Ondine,4.3,,Centre Aquatique L'Ondine,,Merville+France,Parc aquatique,https://www.google.com/maps/place/Centre+Aquatique+L%27Ondine/data=!4m7!3m6!1s0x47dd20a8443a1067:0x3336910a80fd33e!8m2!3d50.646201!4d2.703877!16s%2Fg%2F11gf9f2tsb!19sChIJZxA6RKgg3UcRPtMPqBBpMwM?authuser=0&hl=fr&rclk=1
Office de tourisme de Merville-Franceville-Plage,4.5,,Office de tourisme de Merville-Franceville-Plage,,Merville-Franceville-Plage+France,Centre thermal,https://www.google.com/maps/place/Office+de+tourisme+de+Merville-Franceville-Plage/data=!4m7!3m6!1s0x410b7dcec43de611:0x73f3ca077c08c470!8m2!3d49.2792368!4d-0.2039373!16s%2Fg%2F11b5wlmhsn!19sChIJEeY9xM59C0ERcMQIfAfK83M?authuser=0&hl=fr&rclk=1
Bellewaerde Aquapark,3.7,,Bellewaerde Aquapark,,Merville+France,Parc aquatique,https://www.google.com/maps/place/Bellewaerde+Aquapark/data=!4m7!3m6!1s0x47dccdd66065eb35:0xd7bce226f25e684b!8m2!3d50.8463824!4d2.9487755!16s%2Fg%2F11g0wgkx_9!19sChIJNetlYNbN3EcRS2he8ibivNc?authuser=0&hl=fr&rclk=1
b’o resort thermal & spa,4.0,,b’o resort thermal & spa,,Merville-Franceville-Plage+France,Centre thermal,https://www.google.com/maps/place/b%E2%80%99o+resort+thermal+%26+spa/data=!4m7!3m6!1s0x4809920fb7cde013:0xb9f68bb714bc27fa!8m2!3d48.5541499!4d-0.4163055!16s%2Fg%2F1223wsxy!19sChIJE-DNtw-SCUgR-ie8FLeL9rk?authuser=0&hl=fr&rclk=1
Camping de la Mer,4.3,,Camping de la Mer,,Merville-Franceville-Plage+France,Centre thermal,https://www.google.com/maps/place/Camping+de+la+Mer/data=!4m10!3m9!1s0x480a6358bce91961:0x4d3fedffd8478fd6!5m2!4m1!1i2!8m2!3d49.2842977!4d-0.1869737!16s%2Fg%2F1tff6_q3!19sChIJYRnpvFhjCkgR1o9H2P_tP00?authuser=0&hl=fr&rclk=1
Saint-Germain-sous-Cailly,,,Saint-Germain-sous-Cailly,,Saint-Germain-sous-Cailly+France,Centre thermal,https://www.google.com/maps/place/Saint-Germain-sous-Cailly/data=!4m7!3m6!1s0x47e0c5b8397ac79b:0x40c14484fb67080!8m2!3d49.578453!4d1.205925!16s%2Fm%2F03qgh9j!19sChIJm8d6ObjF4EcRgHC2T0gUDAQ?authuser=0&hl=fr&rclk=1
Saint-Germain-sous-Doue,,,Saint-Germain-sous-Doue,,Saint-Germain-sous-Doue+France,Centre thermal,https://www.google.com/maps/place/Saint-Germain-sous-Doue/data=!4m7!3m6!1s0x47e8b8338fd482e7:0x40b82c3688c4d00!8m2!3d48.851895!4d3.145099!16s%2Fm%2F02rr2fb!19sChIJ54LUjzO46EcRAE2MaMOCCwQ?authuser=0&hl=fr&rclk=1
Thalazur Ouistreham,4.3,,Thalazur Ouistreham,,Merville-Franceville-Plage+France,Centre thermal,https://www.google.com/maps/place/Thalazur+Ouistreham/data=!4m10!3m9!1s0x480a63fdfa8bc931:0xaeb34bda84efe482!5m2!4m1!1i2!8m2!3d49.28945!4d-0.260289!16s%2Fg%2F11cm0g53y1!19sChIJMcmL-v1jCkgRguTvhNpLs64?authuser=0&hl=fr&rclk=1
Redoute de Merville (dite de Vauban),3.7,,Redoute de Merville (dite de Vauban),,Merville-Franceville-Plage+France,Centre thermal,https://www.google.com/maps/place/Redoute+de+Merville+%28dite+de+Vauban%29/data=!4m7!3m6!1s0x480a65d39808fb59:0x2cb64f70d04aa60c!8m2!3d49.2824785!4d-0.2187784!16s%2Fg%2F11t64kkldc!19sChIJWfsImNNlCkgRDKZK0HBPtiw?authuser=0&hl=fr&rclk=1
Poste de secours Merville Franceville,4.8,,Poste de secours Merville Franceville,,Merville-Franceville-Plage+France,Centre thermal,https://www.google.com/maps/place/Poste+de+secours+Merville+Franceville/data=!4m7!3m6!1s0x480a63b8649cb06d:0xc2a226b7e7d17b27!8m2!3d49.2860221!4d-0.203522!16s%2Fg%2F11rsq8szhy!19sChIJbbCcZLhjCkgRJ3vR57cmosI?authuser=0&hl=fr&rclk=1
Centre Thermal Saint-Eloy Amnéville,4.3,,Centre Thermal Saint-Eloy Amnéville,,Merviller+France,Centre thermal,https://www.google.com/maps/place/Centre+Thermal+Saint-Eloy+Amn%C3%A9ville/data=!4m7!3m6!1s0x479527aca6f93495:0x94878c99d8dee5e6!8m2!3d49.2421515!4d6.1354468!16s%2Fg%2F1tkc5mb4!19sChIJlTT5pqwnlUcR5uXe2JmMh5Q?authuser=0&hl=fr&rclk=1
La Source Wake Park - Wakeboard Aquapark Stand-Up Paddle - Toulouse Sud,4.4,,La Source Wake Park - Wakeboard Aquapark Stand-Up Paddle - Toulouse Sud,,Escanecrabe+France,Parc aquatique,https://www.google.com/maps/place/La+Source+Wake+Park+-+Wakeboard+Aquapark+Stand-Up+Paddle+-+Toulouse+Sud/data=!4m7!3m6!1s0x12a92d5d439f9409:0x8f885f23d6c70e49!8m2!3d43.3124236!4d1.1915274!16s%2Fg%2F11b88n051b!19sChIJCZSfQ10tqRIRSQ7H1iNfiI8?authuser=0&hl=fr&rclk=1
Aquapark 31,4.5,,Aquapark 31,,Escanecrabe+France,Parc aquatique,https://www.google.com/maps/place/Aquapark+31/data=!4m7!3m6!1s0x12ae8d38b20efc09:0xf9834f96c04ef058!8m2!3d43.5284896!4d1.7474743!16s%2Fg%2F11nwn3rs82!19sChIJCfwOsjiNrhIRWPBOwJZPg_k?authuser=0&hl=fr&rclk=1
Thermes de Contrexéville,4.2,,Thermes de Contrexéville,,Merviller+France,Centre thermal,https://www.google.com/maps/place/Thermes+de+Contrex%C3%A9ville/data=!4m7!3m6!1s0x479338e0606640f3:0xfb0090a79bad37a7!8m2!3d48.1808916!4d5.8942795!16s%2Fg%2F1tfjzszt!19sChIJ80BmYOA4k0cRpzetm6eQAPs?authuser=0&hl=fr&rclk=1
AQUAPARC Toulouse,4.3,,AQUAPARC Toulouse,,Escanecrabe+France,Parc aquatique,https://www.google.com/maps/place/AQUAPARC+Toulouse/data=!4m7!3m6!1s0x12aeefb2a4b1c9c5:0x179fb3ebc84ef26!8m2!3d43.3538398!4d1.6452629!16s%2Fg%2F11cn5g97lv!19sChIJxcmxpLLvrhIRJu-EvD77eQE?authuser=0&hl=fr&rclk=1
Camping Oasis,3.8,,Camping Oasis,,Merville-Franceville-Plage+France,Centre thermal,https://www.google.com/maps/place/Camping+Oasis/data=!4m10!3m9!1s0x480a658aa827aaf7:0x3cda09abf8d2bf5a!5m2!4m1!1i2!8m2!3d49.2833997!4d-0.1901599!16s%2Fg%2F11jw9jwg9v!19sChIJ96onqIplCkgRWr_S-KsJ2jw?authuser=0&hl=fr&rclk=1
Nancy Thermal - Espace Santé (Cures),3.6,,Nancy Thermal - Espace Santé (Cures),,Merviller+France,Centre thermal,https://www.google.com/maps/place/Nancy+Thermal+-+Espace+Sant%C3%A9+%28Cures%29/data=!4m7!3m6!1s0x4794992952f132ad:0x239c76997302e014!8m2!3d48.6800241!4d6.1686315!16s%2Fg%2F11kb_ftjj3!19sChIJrTLxUimZlEcRFOACc5l2nCM?authuser=0&hl=fr&rclk=1
AquaPlayPark – Parc Aquatique Toulouse,4.3,,AquaPlayPark – Parc Aquatique Toulouse,,Escanecrabe+France,Parc aquatique,https://www.google.com/maps/place/AquaPlayPark+%E2%80%93+Parc+Aquatique+Toulouse/data=!4m7!3m6!1s0x12aee3edcec6572f:0x5dcc3f7d5a0e87cf!8m2!3d43.2291198!4d1.6138812!16s%2Fg%2F11c5fy7q54!19sChIJL1fGzu3jrhIRz4cOWn0_zF0?authuser=0&hl=fr&rclk=1
Hôtel le Vauban,4.5,,Hôtel le Vauban,,Merville-Franceville-Plage+France,Centre thermal,https://www.google.com/maps/place/H%C3%B4tel+le+Vauban/data=!4m10!3m9!1s0x480a649b46db0f6b:0xcf7b6acd111d461d!5m2!4m1!1i2!8m2!3d49.2778248!4d-0.2053458!16s%2Fg%2F1wcxcgy5!19sChIJaw_bRptkCkgRHUYdEc1qe88?authuser=0&hl=fr&rclk=1
AquaParc Pyrénées,4.8,,AquaParc Pyrénées,,Escanecrabe+France,Parc aquatique,https://www.google.com/maps/place/AquaParc+Pyr%C3%A9n%C3%A9es/data=!4m7!3m6!1s0x12a857bfe3a31d47:0x663f4b407c4b7b38!8m2!3d43.0784518!4d0.5643329!16s%2Fg%2F11h126c_wp!19sChIJRx2j479XqBIROHtLfEBLP2Y?authuser=0&hl=fr&rclk=1
ValVital - Thermes & Institut Thermal Morsbronn-les-Bains,4.3,,ValVital - Thermes & Institut Thermal Morsbronn-les-Bains,,Merviller+France,Centre thermal,https://www.google.com/maps/place/ValVital+-+Thermes+%26+Institut+Thermal+Morsbronn-les-Bains/data=!4m7!3m6!1s0x479692709b499319:0x7402b4f745edd20d!8m2!3d48.9068204!4d7.7479046!16s%2Fg%2F1ptwk127v!19sChIJGZNJm3CSlkcRDdLtRfe0AnQ?authuser=0&hl=fr&rclk=1
Thermes d'Ussat-les-Bains,4.5,,Thermes d'Ussat-les-Bains,,Bestiac+France,Centre thermal,https://www.google.com/maps/place/Thermes+d%27Ussat-les-Bains/data=!4m7!3m6!1s0x12af6cf05e078671:0x1702ba0ea54bf78b!8m2!3d42.8221208!4d1.6233741!16s%2Fg%2F11b6d4cnn0!19sChIJcYYHXvBsrxIRi_dLpQ66Ahc?authuser=0&hl=fr&rclk=1
Parc aquatique Aqua Mundo - Center Parcs Domaine Les Bois-Francs,4.0,,Parc aquatique Aqua Mundo - Center Parcs Domaine Les Bois-Francs,,Saint-Germain-sur-Avre+France,Parc aquatique,https://www.google.com/maps/place/Parc+aquatique+Aqua+Mundo+-+Center+Parcs+Domaine+Les+Bois-Francs/data=!4m7!3m6!1s0x47e17d43a8ed690d:0xf300cd76ca0653ec!8m2!3d48.728902!4d0.840066!16s%2Fg%2F11cnmwmkff!19sChIJDWntqEN94UcR7FMGynbNAPM?authuser=0&hl=fr&rclk=1
Waterfun Monclar,4.4,,Waterfun Monclar,,Escanecrabe+France,Parc aquatique,https://www.google.com/maps/place/Waterfun+Monclar/data=!4m7!3m6!1s0x12ac3c875165910b:0xa2c85143eb8a1c3c!8m2!3d43.9706497!4d1.5942331!16s%2Fg%2F11g9gqw6pn!19sChIJC5FlUYc8rBIRPByK60NRyKI?authuser=0&hl=fr&rclk=1
Les Bains du Couloubret,4.2,,Les Bains du Couloubret,,Bestiac+France,Centre thermal,https://www.google.com/maps/place/Les+Bains+du+Couloubret/data=!4m7!3m6!1s0x12af9d64dbaa51d3:0x6693a24cbdd595e7!8m2!3d42.7212912!4d1.8392512!16s%2Fg%2F1tk40hm0!19sChIJ01Gq22SdrxIR55XVvUyik2Y?authuser=0&hl=fr&rclk=1
Chez Marion,4.2,,Chez Marion,,Merville-Franceville-Plage+France,Centre thermal,https://www.google.com/maps/place/Chez+Marion/data=!4m10!3m9!1s0x480a6361f9f38e97:0xeee77403145ee616!5m2!4m1!1i2!8m2!3d49.2844246!4d-0.2007688!16s%2Fg%2F1v2d_xb0!19sChIJl47z-WFjCkgRFuZeFAN05-4?authuser=0&hl=fr&rclk=1
Aquapark de l'Aveyron,4.5,,Aquapark de l'Aveyron,,Escandolières+France,Parc aquatique,https://www.google.com/maps/place/Aquapark+de+l%27Aveyron/data=!4m7!3m6!1s0x12b261d5e4e1932b:0x6ad20041c428eea3!8m2!3d44.2952052!4d2.7271716!16s%2Fg%2F11w3htsfqv!19sChIJK5Ph5NVhshIRo-4oxEEA0mo?authuser=0&hl=fr&rclk=1
Center Parcs Les Bois-Francs,3.5,,Center Parcs Les Bois-Francs,,Saint-Germain-sur-Avre+France,Parc aquatique,https://www.google.com/maps/place/Center+Parcs+Les+Bois-Francs/data=!4m10!3m9!1s0x47e17d76a225418f:0x5f085864083140b2!5m2!4m1!1i2!8m2!3d48.7240023!4d0.8339364!16s%2Fg%2F1hc1ht8r6!19sChIJj0ElonZ94UcRskAxCGRYCF8?authuser=0&hl=fr&rclk=1
Thermes du Teich,4.3,,Thermes du Teich,,Bestiac+France,Centre thermal,https://www.google.com/maps/place/Thermes+du+Teich/data=!4m7!3m6!1s0x12af9d64c16f8b7f:0xc836a35d8fa0dfa1!8m2!3d42.7184803!4d1.8384595!16s%2Fg%2F11b6czb_pj!19sChIJf4tvwWSdrxIRod-gj12jNsg?authuser=0&hl=fr&rclk=1
Aquaparc du Louron,4.7,,Aquaparc du Louron,,Escanecrabe+France,Parc aquatique,https://www.google.com/maps/place/Aquaparc+du+Louron/data=!4m7!3m6!1s0x12a86905b87b2fe3:0xe705fbf004ff8aa8!8m2!3d42.8068255!4d0.4051837!16s%2Fg%2F11q8jpff8z!19sChIJ4y97uAVpqBIRqIr_BPD7Bec?authuser=0&hl=fr&rclk=1
Thermapolis Amnéville,3.9,,Thermapolis Amnéville,,Merviller+France,Centre thermal,https://www.google.com/maps/place/Thermapolis+Amn%C3%A9ville/data=!4m7!3m6!1s0x479527b296f74ec7:0x855227a6a698d37e!8m2!3d49.2424102!4d6.1285742!16s%2Fg%2F1tknjcxt!19sChIJx073lrInlUcRftOYpqYnUoU?authuser=0&hl=fr&rclk=1
Mairie de Merville-Franceville-Plage,3.4,,Mairie de Merville-Franceville-Plage,,Merville-Franceville-Plage+France,Centre thermal,https://www.google.com/maps/place/Mairie+de+Merville-Franceville-Plage/data=!4m7!3m6!1s0x480a649b820e71df:0xb9c60e4c8bcfd48c!8m2!3d49.2786751!4d-0.2033723!16s%2Fg%2F1tcv5pzj!19sChIJ33EOgptkCkgRjNTPi0wOxrk?authuser=0&hl=fr&rclk=1
Agglocéane Saint-Rémy-sur-Avre,3.9,,Agglocéane Saint-Rémy-sur-Avre,,Saint-Germain-sur-Avre+France,Parc aquatique,https://www.google.com/maps/place/Aggloc%C3%A9ane+Saint-R%C3%A9my-sur-Avre/data=!4m7!3m6!1s0x47e1576d92909b89:0x7ac45e289bcdbc81!8m2!3d48.7662168!4d1.2257713!16s%2Fg%2F1pp2tyn1d!19sChIJiZuQkm1X4UcRgbzNmyhexHo?authuser=0&hl=fr&rclk=1
Domaine Thermal d’Ussat,4.0,,Domaine Thermal d’Ussat,,Bestiac+France,Centre thermal,https://www.google.com/maps/place/Domaine+Thermal+d%E2%80%99Ussat/data=!4m7!3m6!1s0x12af6dd798ff993b:0xb7a1f97ec9152791!8m2!3d42.820938!4d1.6263132!16s%2Fg%2F11h0_7fldv!19sChIJO5n_mNdtrxIRkScVyX75obc?authuser=0&hl=fr&rclk=1
Aqua'splash Pareloup,4.7,,Aqua'splash Pareloup,,Escandolières+France,Parc aquatique,https://www.google.com/maps/place/Aqua%27splash+Pareloup/data=!4m7!3m6!1s0x12b2693aabfac6db:0x1c36632f6eea361c!8m2!3d44.2068761!4d2.711051!16s%2Fg%2F11rspb9vx2!19sChIJ28b6qzppshIRHDbqbi9jNhw?authuser=0&hl=fr&rclk=1
Pôle Thermal d'Amnéville,4.2,,Pôle Thermal d'Amnéville,,Merviller+France,Centre thermal,https://www.google.com/maps/place/P%C3%B4le+Thermal+d%27Amn%C3%A9ville/data=!4m7!3m6!1s0x4795265401700045:0x28895a49ec22ecb7!8m2!3d49.242547!4d6.1289381!16s%2Fg%2F11rd24ll_!19sChIJRQBwAVQmlUcRt-wi7ElaiSg?authuser=0&hl=fr&rclk=1
Hôtel Club de la Plage,4.1,,Hôtel Club de la Plage,,Merville-Franceville-Plage+France,Centre thermal,https://www.google.com/maps/place/H%C3%B4tel+Club+de+la+Plage/data=!4m10!3m9!1s0x480a636077583407:0xee07cd268a78b3ce!5m2!4m1!1i2!8m2!3d49.2854956!4d-0.1957137!16s%2Fg%2F1w6_n6hv!19sChIJBzRYd2BjCkgRzrN4iibNB-4?authuser=0&hl=fr&rclk=1
Parc aquatique et base nautique Aqu’aloa,4.0,,Parc aquatique et base nautique Aqu’aloa,,Escandolières+France,Parc aquatique,https://www.google.com/maps/place/Parc+aquatique+et+base+nautique+Aqu%E2%80%99aloa/data=!4m7!3m6!1s0x12b29750417bfbbd:0x5aa56d77d1d97fae!8m2!3d44.6673721!4d2.6792726!16s%2Fg%2F11hyt6yfkn!19sChIJvft7QVCXshIRrn_Z0XdtpVo?authuser=0&hl=fr&rclk=1
Parc aquatique du Perche,4.1,,Parc aquatique du Perche,,Saint-Germain-sur-Avre+France,Parc aquatique,https://www.google.com/maps/place/Parc+aquatique+du+Perche/data=!4m7!3m6!1s0x47e3c27e95a0d4e5:0xef2895d8afed7b11!8m2!3d48.5126247!4d1.0193802!16s%2Fg%2F1tf6fy9q!19sChIJ5dSglX7C40cREXvtr9iVKO8?authuser=0&hl=fr&rclk=1
Secretariat desThermes d'Aulus-les-Bains,3.3,,Secretariat desThermes d'Aulus-les-Bains,,Bestiac+France,Centre thermal,https://www.google.com/maps/place/Secretariat+desThermes+d%27Aulus-les-Bains/data=!4m7!3m6!1s0x12af48dadfc14991:0x10a9b918cf3622ae!8m2!3d42.7908405!4d1.3345257!16s%2Fg%2F11q4jxn2px!19sChIJkUnB39pIrxIRriI2zxi5qRA?authuser=0&hl=fr&rclk=1
Nancy Thermal,3.6,,Nancy Thermal,,Merviller+France,Centre thermal,https://www.google.com/maps/place/Nancy+Thermal/data=!4m10!3m9!1s0x4794987f34769591:0x6e2ea9eefeea9b26!5m2!4m1!1i2!8m2!3d48.6790048!4d6.168811!16s%2Fg%2F11bzz_nqyp!19sChIJkZV2NH-YlEcRJpvq_u6pLm4?authuser=0&hl=fr&rclk=1
Ludolac,3.8,,Ludolac,,Betaucourt+France,Parc aquatique,https://www.google.com/maps/place/Ludolac/data=!4m7!3m6!1s0x4792ed64c5a9c3ef:0x1231fad180e76307!8m2!3d47.629659!4d6.1246246!16s%2Fg%2F1wzt199_!19sChIJ78OpxWTtkkcRB2PngNH6MRI?authuser=0&hl=fr&rclk=1
"Renacland, aquaparc & locations.",4.3,,"Renacland, aquaparc & locations.",,Escandolières+France,Parc aquatique,"https://www.google.com/maps/place/Renacland,+aquaparc+%26+locations./data=!4m7!3m6!1s0x12ad4b84383268e3:0xc786055ed3e7669d!8m2!3d44.9339485!4d2.2205415!16s%2Fg%2F11cnpj210d!19sChIJ42gyOIRLrRIRnWbn014Fhsc?authuser=0&hl=fr&rclk=1"
Le Dôme,4.3,,Le Dôme,,Saint-Germain-sur-Avre+France,Parc aquatique,https://www.google.com/maps/place/Le+D%C3%B4me/data=!4m7!3m6!1s0x47e17d69db837cbb:0x3f355f2ea5f3736c!8m2!3d48.7284774!4d0.8399143!16s%2Fg%2F11g8dk9ss1!19sChIJu3yD22l94UcRbHPzpS5fNT8?authuser=0&hl=fr&rclk=1
"Résidence Thermale du Parc, Ariège, Pyrénées",4.3,,"Résidence Thermale du Parc, Ariège, Pyrénées",,Bestiac+France,Centre thermal,"https://www.google.com/maps/place/R%C3%A9sidence+Thermale+du+Parc,+Ari%C3%A8ge,+Pyr%C3%A9n%C3%A9es/data=!4m10!3m9!1s0x12af6cf1bef14e67:0x699bfab94b837569!5m2!4m1!1i2!8m2!3d42.8221225!4d1.6233802!16s%2Fg%2F1vb9g3dq!19sChIJZ07xvvFsrxIRaXWDS7n6m2k?authuser=0&hl=fr&rclk=1"
Nancy Thermal,3.6,,Nancy Thermal,,Merviller+France,Centre thermal,https://www.google.com/maps/place/Nancy+Thermal/data=!4m7!3m6!1s0x4794987ee751ef4b:0x23e382d67abb64a5!8m2!3d48.6791636!4d6.1684781!16s%2Fg%2F1213v2rd!19sChIJS-9R536YlEcRpWS7etaC4yM?authuser=0&hl=fr&rclk=1
Aqua Bubble Boom Brognard,4.5,,Aqua Bubble Boom Brognard,,Betaucourt+France,Parc aquatique,https://www.google.com/maps/place/Aqua+Bubble+Boom+Brognard/data=!4m7!3m6!1s0x4792171b6c1854ad:0xb1127f95cac6c50b!8m2!3d47.5299008!4d6.8566597!16s%2Fg%2F11fll51rn7!19sChIJrVQYbBsXkkcRC8XGypV_ErE?authuser=0&hl=fr&rclk=1
Aquapark Parisot 82 (Base nautique et Buvette),4.6,,Aquapark Parisot 82 (Base nautique et Buvette),,Escandolières+France,Parc aquatique,https://www.google.com/maps/place/Aquapark+Parisot+82+%28Base+nautique+et+Buvette%29/data=!4m7!3m6!1s0x12adad2fa4e28bfd:0xd9c83c4e3b3aef8e!8m2!3d44.2706383!4d1.8682246!16s%2Fg%2F11vxgqjyh9!19sChIJ_YvipC-trRIRju86O048yNk?authuser=0&hl=fr&rclk=1
ValVital - Thermes & Institut Thermal Niederbronn-les-Bains,4.4,,ValVital - Thermes & Institut Thermal Niederbronn-les-Bains,,Merviller+France,Centre thermal,https://www.google.com/maps/place/ValVital+-+Thermes+%26+Institut+Thermal+Niederbronn-les-Bains/data=!4m7!3m6!1s0x47968fd8bbcff41b:0xf7a8e6a9e9cd6600!8m2!3d48.950703!4d7.642767!16s%2Fg%2F1ptxw1cyv!19sChIJG_TPu9iPlkcRAGbN6anmqPc?authuser=0&hl=fr&rclk=1
Parc aquatique Aqua Mundo Center Parcs Les Trois Forêts,4.2,,Parc aquatique Aqua Mundo Center Parcs Les Trois Forêts,,Betaucourt+France,Parc aquatique,https://www.google.com/maps/place/Parc+aquatique+Aqua+Mundo+Center+Parcs+Les+Trois+For%C3%AAts/data=!4m7!3m6!1s0x47940cf9c809f3d7:0xa06e64f07391c86b!8m2!3d48.6213789!4d6.9838248!16s%2Fg%2F11cm057dqd!19sChIJ1_MJyPkMlEcRa8iRc_BkbqA?authuser=0&hl=fr&rclk=1
Aquaparc Isis,3.7,,Aquaparc Isis,,Betaucourt+France,Parc aquatique,https://www.google.com/maps/place/Aquaparc+Isis/data=!4m7!3m6!1s0x478d4b42216b628b:0x763b50c273681fc1!8m2!3d47.072283!4d5.4863406!16s%2Fg%2F1tp1xqjy!19sChIJi2JrIUJLjUcRwR9oc8JQO3Y?authuser=0&hl=fr&rclk=1
Parc aquatique Aqua Mundo Center Parcs Le Lac d'Ailette,4.1,,Parc aquatique Aqua Mundo Center Parcs Le Lac d'Ailette,,Betaucourt+France,Parc aquatique,https://www.google.com/maps/place/Parc+aquatique+Aqua+Mundo+Center+Parcs+Le+Lac+d%27Ailette/data=!4m7!3m6!1s0x47e84fa4d3b4450b:0xa8391a3bc77196f0!8m2!3d49.464759!4d3.68093!16s%2Fg%2F11f4vchj6_!19sChIJC0W006RP6EcR8JZxxzsaOag?authuser=0&hl=fr&rclk=1
Aquafly,4.4,,Aquafly,,Betaucourt+France,Parc aquatique,https://www.google.com/maps/place/Aquafly/data=!4m7!3m6!1s0x4793b592c462ee4b:0x1ef97aea022754de!8m2!3d47.9514789!4d6.7536738!16s%2Fg%2F11fhng54g4!19sChIJS-5ixJK1k0cR3lQnAup6-R4?authuser=0&hl=fr&rclk=1
Complexe aquatique des Jardins de l'Etang,4.0,,Complexe aquatique des Jardins de l'Etang,,Betaucourt+France,Parc aquatique,https://www.google.com/maps/place/Complexe+aquatique+des+Jardins+de+l%27Etang/data=!4m7!3m6!1s0x4792950b0eb17205:0x728af9a7f0e5b755!8m2!3d47.573345!4d5.9545009!16s%2Fg%2F11by_n9k3y!19sChIJBXKxDguVkkcRVbfl8Kf5inI?authuser=0&hl=fr&rclk=1
Centre Aquatique des Bords de Saône,3.9,,Centre Aquatique des Bords de Saône,,Betaucourt+France,Parc aquatique,https://www.google.com/maps/place/Centre+Aquatique+des+Bords+de+Sa%C3%B4ne/data=!4m7!3m6!1s0x4792ea43ee804a09:0x796907e711bc0835!8m2!3d47.661116!4d5.9778479!16s%2Fg%2F11by_nklwl!19sChIJCUqA7kPqkkcRNQi8EecHaXk?authuser=0&hl=fr&rclk=1
Complexe aquatique de Dampierre sur Linotte,4.1,,Complexe aquatique de Dampierre sur Linotte,,Betaucourt+France,Parc aquatique,https://www.google.com/maps/place/Complexe+aquatique+de+Dampierre+sur+Linotte/data=!4m7!3m6!1s0x479289655e9bd397:0x838fc7eeb5d3e89b!8m2!3d47.507862!4d6.2286753!16s%2Fg%2F11cm8dzb3r!19sChIJl9ObXmWJkkcRm-jTte7Hj4M?authuser=0&hl=fr&rclk=1
Oasis Parc,4.9,,Oasis Parc,,Escamps+France,Parc aquatique,https://www.google.com/maps/place/Oasis+Parc/data=!4m7!3m6!1s0x47ef0f7c85b66fdf:0xb93fdfc535cb2dcc!8m2!3d48.1705614!4d3.2728163!16s%2Fg%2F11xmc2qz6x!19sChIJ32-2hXwP70cRzC3LNcXfP7k?authuser=0&hl=fr&rclk=1
AQUAPARC Toulouse,4.3,,AQUAPARC Toulouse,,Mervilla+France,Parc aquatique,https://www.google.com/maps/place/AQUAPARC+Toulouse/data=!4m7!3m6!1s0x12aeefb2a4b1c9c5:0x179fb3ebc84ef26!8m2!3d43.3538398!4d1.6452629!16s%2Fg%2F11cn5g97lv!19sChIJxcmxpLLvrhIRJu-EvD77eQE?authuser=0&hl=fr&rclk=1
Cold water spring Les Marceaux,3.0,,Cold water spring Les Marceaux,,Escamps+France,Parc aquatique,https://www.google.com/maps/place/Cold+water+spring+Les+Marceaux/data=!4m7!3m6!1s0x47f189d3623536a1:0x7c936eff46884e03!8m2!3d46.955684!4d3.966746!16s%2Fg%2F11q8v03d4x!19sChIJoTY1YtOJ8UcRA06IRv9uk3w?authuser=0&hl=fr&rclk=1
Aquapark 31,4.5,,Aquapark 31,,Mervilla+France,Parc aquatique,https://www.google.com/maps/place/Aquapark+31/data=!4m7!3m6!1s0x12ae8d38b20efc09:0xf9834f96c04ef058!8m2!3d43.5284896!4d1.7474743!16s%2Fg%2F11nwn3rs82!19sChIJCfwOsjiNrhIRWPBOwJZPg_k?authuser=0&hl=fr&rclk=1
AquaPlayPark – Parc Aquatique Toulouse,4.3,,AquaPlayPark – Parc Aquatique Toulouse,,Mervilla+France,Parc aquatique,https://www.google.com/maps/place/AquaPlayPark+%E2%80%93+Parc+Aquatique+Toulouse/data=!4m7!3m6!1s0x12aee3edcec6572f:0x5dcc3f7d5a0e87cf!8m2!3d43.2291198!4d1.6138812!16s%2Fg%2F11c5fy7q54!19sChIJL1fGzu3jrhIRz4cOWn0_zF0?authuser=0&hl=fr&rclk=1
Waterfun Monclar,4.4,,Waterfun Monclar,,Mervilla+France,Parc aquatique,https://www.google.com/maps/place/Waterfun+Monclar/data=!4m7!3m6!1s0x12ac3c875165910b:0xa2c85143eb8a1c3c!8m2!3d43.9706497!4d1.5942331!16s%2Fg%2F11g9gqw6pn!19sChIJC5FlUYc8rBIRPByK60NRyKI?authuser=0&hl=fr&rclk=1
WAM PARK - Toulouse - Sesquières,4.7,,WAM PARK - Toulouse - Sesquières,,Mervilla+France,Parc aquatique,https://www.google.com/maps/place/WAM+PARK+-+Toulouse+-+Sesqui%C3%A8res/data=!4m7!3m6!1s0x12aea58895647e89:0x1a80452ff8011105!8m2!3d43.6514305!4d1.4196711!16s%2Fg%2F11h71n1slp!19sChIJiX5klYilrhIRBREB-C9FgBo?authuser=0&hl=fr&rclk=1
Parc aquatique Aqua Mundo Center Parcs Le Lac d'Ailette,4.1,,Parc aquatique Aqua Mundo Center Parcs Le Lac d'Ailette,,Escardes+France,Parc aquatique,https://www.google.com/maps/place/Parc+aquatique+Aqua+Mundo+Center+Parcs+Le+Lac+d%27Ailette/data=!4m7!3m6!1s0x47e84fa4d3b4450b:0xa8391a3bc77196f0!8m2!3d49.464759!4d3.68093!16s%2Fg%2F11f4vchj6_!19sChIJC0W006RP6EcR8JZxxzsaOag?authuser=0&hl=fr&rclk=1
Camping Aux Grands Espaces,3.8,,Camping Aux Grands Espaces,,Saint-Germain-sur-Ay+France,Parc aquatique,https://www.google.com/maps/place/Camping+Aux+Grands+Espaces/data=!4m7!3m6!1s0x480c655e9d7b8a11:0x7f7ef6d20e0f47e7!8m2!3d49.2365822!4d-1.6409139!16s%2Fg%2F11gxf6fxq6!19sChIJEYp7nV5lDEgR50cPDtL2fn8?authuser=0&hl=fr&rclk=1
Beaver Aquapark,4.4,,Beaver Aquapark,,Escardes+France,Parc aquatique,https://www.google.com/maps/place/Beaver+Aquapark/data=!4m7!3m6!1s0x47ec23335c3beb43:0xc86e8dff3fbccc31!8m2!3d48.262844!4d4.3442435!16s%2Fg%2F11hdqjdbfr!19sChIJQ-s7XDMj7EcRMcy8P_-Nbsg?authuser=0&hl=fr&rclk=1
Parc aquatique Aqua Mundo - Center Parcs Domaine Les Bois-Francs,4.0,,Parc aquatique Aqua Mundo - Center Parcs Domaine Les Bois-Francs,,Saint-Germain-sur-Ay+France,Parc aquatique,https://www.google.com/maps/place/Parc+aquatique+Aqua+Mundo+-+Center+Parcs+Domaine+Les+Bois-Francs/data=!4m7!3m6!1s0x47e17d43a8ed690d:0xf300cd76ca0653ec!8m2!3d48.728902!4d0.840066!16s%2Fg%2F11cnmwmkff!19sChIJDWntqEN94UcR7FMGynbNAPM?authuser=0&hl=fr&rclk=1
Aqua Der,4.1,,Aqua Der,,Escardes+France,Parc aquatique,https://www.google.com/maps/place/Aqua+Der/data=!4m7!3m6!1s0x47ec77ebe53a1827:0xaa4c791e4ec3e17d!8m2!3d48.6061173!4d4.7454766!16s%2Fg%2F11q7_0kt2s!19sChIJJxg65et37EcRfeHDTh55TKo?authuser=0&hl=fr&rclk=1
Île de Loisirs de Buthiers,4.1,,Île de Loisirs de Buthiers,,Escardes+France,Parc aquatique,https://www.google.com/maps/place/%C3%8Ele+de+Loisirs+de+Buthiers/data=!4m7!3m6!1s0x47e5967598eae305:0xba9b3477ab847a9e!8m2!3d48.2932517!4d2.4328276!16s%2Fg%2F120qwbxz!19sChIJBePqmHWW5UcRnnqEq3c0m7o?authuser=0&hl=fr&rclk=1
Ange Michel - Parc d'attractions,4.2,,Ange Michel - Parc d'attractions,,Saint-Germain-sur-Ay+France,Parc aquatique,https://www.google.com/maps/place/Ange+Michel+-+Parc+d%27attractions/data=!4m7!3m6!1s0x4809500a49ec21e5:0x6d23af0aac5db2cc!8m2!3d48.5689665!4d-1.2027811!16s%2Fg%2F1tdclbmj!19sChIJ5SHsSQpQCUgRzLJdrAqvI20?authuser=0&hl=fr&rclk=1
Centre aquatique l'Aquadick,4.2,,Centre aquatique l'Aquadick,,Saint-Germain-sur-Ay+France,Parc aquatique,https://www.google.com/maps/place/Centre+aquatique+l%27Aquadick/data=!4m7!3m6!1s0x480b83310aaa5e9f:0xc0e9e4acd43a5f4f!8m2!3d49.3052242!4d-1.2380661!16s%2Fg%2F1hc4p983t!19sChIJn16qCjGDC0gRT1861Kzk6cA?authuser=0&hl=fr&rclk=1
Parc aquatique Aqua Mundo - Center Parcs Domaine Les Bois-Francs,4.0,,Parc aquatique Aqua Mundo - Center Parcs Domaine Les Bois-Francs,,Escardes+France,Parc aquatique,https://www.google.com/maps/place/Parc+aquatique+Aqua+Mundo+-+Center+Parcs+Domaine+Les+Bois-Francs/data=!4m7!3m6!1s0x47e17d43a8ed690d:0xf300cd76ca0653ec!8m2!3d48.728902!4d0.840066!16s%2Fg%2F11cnmwmkff!19sChIJDWntqEN94UcR7FMGynbNAPM?authuser=0&hl=fr&rclk=1
Parc aquatique Aqua Mundo Center Parcs Les Hauts de Bruyères,4.2,,Parc aquatique Aqua Mundo Center Parcs Les Hauts de Bruyères,,Escardes+France,Parc aquatique,https://www.google.com/maps/place/Parc+aquatique+Aqua+Mundo+Center+Parcs+Les+Hauts+de+Bruy%C3%A8res/data=!4m7!3m6!1s0x47e4d99a9638a48f:0x9187dc0642c71afd!8m2!3d47.6202!4d1.934931!16s%2Fg%2F11cmccytdq!19sChIJj6Q4lprZ5EcR_RrHQgbch5E?authuser=0&hl=fr&rclk=1
Aquaboulevard de Paris,3.7,,Aquaboulevard de Paris,,Escardes+France,Parc aquatique,https://www.google.com/maps/place/Aquaboulevard+de+Paris/data=!4m7!3m6!1s0x47e6718b1fbcd4fd:0xa7968d889eb5402a!8m2!3d48.8318042!4d2.2762627!16s%2Fg%2F120hhrtz!19sChIJ_dS8H4tx5kcRKkC1noiNlqc?authuser=0&hl=fr&rclk=1
Base de Loisirs de Souppes sur Loing,3.9,,Base de Loisirs de Souppes sur Loing,,Escardes+France,Parc aquatique,https://www.google.com/maps/place/Base+de+Loisirs+de+Souppes+sur+Loing/data=!4m7!3m6!1s0x47e587970b8b10a3:0x6d1e23dba5385a75!8m2!3d48.1779478!4d2.7336337!16s%2Fg%2F1tj7_82s!19sChIJoxCLC5eH5UcRdVo4pdsjHm0?authuser=0&hl=fr&rclk=1
Aqua slide park,4.4,,Aqua slide park,,Escardes+France,Parc aquatique,https://www.google.com/maps/place/Aqua+slide+park/data=!4m7!3m6!1s0x47e64978801ac977:0x27ac01f1cd194be5!8m2!3d49.2110331!4d2.4127098!16s%2Fg%2F11w3_m7x5w!19sChIJd8kagHhJ5kcR5UsZzfEBrCc?authuser=0&hl=fr&rclk=1
WAM PARK - Fontainebleau - La Grande Paroisse,4.0,,WAM PARK - Fontainebleau - La Grande Paroisse,,Escardes+France,Parc aquatique,https://www.google.com/maps/place/WAM+PARK+-+Fontainebleau+-+La+Grande+Paroisse/data=!4m7!3m6!1s0x47ef5d9c58ece64f:0xef2f7065145151ff!8m2!3d48.3745329!4d2.9016044!16s%2Fg%2F11bw3dl2xf!19sChIJT-bsWJxd70cR_1FRFGVwL-8?authuser=0&hl=fr&rclk=1
Parc aquatique Aqua Mundo - Center Parcs Domaine Les Bois-Francs,4.0,,Parc aquatique Aqua Mundo - Center Parcs Domaine Les Bois-Francs,,Saint-Germain-sous-Doue+France,Parc aquatique,https://www.google.com/maps/place/Parc+aquatique+Aqua+Mundo+-+Center+Parcs+Domaine+Les+Bois-Francs/data=!4m7!3m6!1s0x47e17d43a8ed690d:0xf300cd76ca0653ec!8m2!3d48.728902!4d0.840066!16s%2Fg%2F11cnmwmkff!19sChIJDWntqEN94UcR7FMGynbNAPM?authuser=0&hl=fr&rclk=1
Aquaboulevard de Paris,3.7,,Aquaboulevard de Paris,,Saint-Germain-sous-Doue+France,Parc aquatique,https://www.google.com/maps/place/Aquaboulevard+de+Paris/data=!4m7!3m6!1s0x47e6718b1fbcd4fd:0xa7968d889eb5402a!8m2!3d48.8318042!4d2.2762627!16s%2Fg%2F120hhrtz!19sChIJ_dS8H4tx5kcRKkC1noiNlqc?authuser=0&hl=fr&rclk=1
Parc aquatique Aqua Mundo - Center Parcs Domaine Les Bois-Francs,4.0,,Parc aquatique Aqua Mundo - Center Parcs Domaine Les Bois-Francs,,Saint-Germain-sous-Cailly+France,Parc aquatique,https://www.google.com/maps/place/Parc+aquatique+Aqua+Mundo+-+Center+Parcs+Domaine+Les+Bois-Francs/data=!4m7!3m6!1s0x47e17d43a8ed690d:0xf300cd76ca0653ec!8m2!3d48.728902!4d0.840066!16s%2Fg%2F11cnmwmkff!19sChIJDWntqEN94UcR7FMGynbNAPM?authuser=0&hl=fr&rclk=1
Espace aquatique,2.3,,Espace aquatique,,Escardes+France,Parc aquatique,https://www.google.com/maps/place/Espace+aquatique/data=!4m7!3m6!1s0x47e97b8e86a67351:0x2559db641dfd0324!8m2!3d49.1687076!4d4.2081693!16s%2Fg%2F11j53lrtjs!19sChIJUXOmho576UcRJAP9HWTbWSU?authuser=0&hl=fr&rclk=1
Center Parcs Villages Nature Paris,3.5,,Center Parcs Villages Nature Paris,,Saint-Germain-sous-Doue+France,Parc aquatique,https://www.google.com/maps/place/Center+Parcs+Villages+Nature+Paris/data=!4m10!3m9!1s0x47e8a81a1098e0a5:0xf1cba4098c5ae3f0!5m2!4m1!1i2!8m2!3d48.8322069!4d2.8271913!16s%2Fg%2F122_sff4!19sChIJpeCYEBqo6EcR8ONajAmky_E?authuser=0&hl=fr&rclk=1
aquajump27,4.3,,aquajump27,,Saint-Germain-sous-Cailly+France,Parc aquatique,https://www.google.com/maps/place/aquajump27/data=!4m7!3m6!1s0x47e1277fb4efb353:0xa9de3b3f2137dc1e!8m2!3d49.3017272!4d1.2148916!16s%2Fg%2F11np3mrkks!19sChIJU7PvtH8n4UcRHtw3IT873qk?authuser=0&hl=fr&rclk=1
My Little Wake Park,4.7,,My Little Wake Park,,Escardes+France,Parc aquatique,https://www.google.com/maps/place/My+Little+Wake+Park/data=!4m7!3m6!1s0x47e5e5867372cf8f:0x6c0a941574a6dc10!8m2!3d48.535082!4d2.553009!16s%2Fg%2F11cnx_q5h8!19sChIJj89yc4bl5UcRENymdBWUCmw?authuser=0&hl=fr&rclk=1
Aquazone,4.5,,Aquazone,,Saint-Germain-sous-Doue+France,Parc aquatique,https://www.google.com/maps/place/Aquazone/data=!4m7!3m6!1s0xd513e0de8265e47:0x432c8e4342c5dc0a!8m2!3d43.3440699!4d-1.5260338!16s%2Fg%2F11c3100g23!19sChIJR14m6A0-UQ0RCtzFQkOOLEM?authuser=0&hl=fr&rclk=1
Center Parcs Les Bois-Francs,3.5,,Center Parcs Les Bois-Francs,,Saint-Germain-sous-Cailly+France,Parc aquatique,https://www.google.com/maps/place/Center+Parcs+Les+Bois-Francs/data=!4m10!3m9!1s0x47e17d76a225418f:0x5f085864083140b2!5m2!4m1!1i2!8m2!3d48.7240023!4d0.8339364!16s%2Fg%2F1hc1ht8r6!19sChIJj0ElonZ94UcRskAxCGRYCF8?authuser=0&hl=fr&rclk=1
Parc aquatique Aqua Mundo Center Parcs Les Trois Forêts,4.2,,Parc aquatique Aqua Mundo Center Parcs Les Trois Forêts,,Escardes+France,Parc aquatique,https://www.google.com/maps/place/Parc+aquatique+Aqua+Mundo+Center+Parcs+Les+Trois+For%C3%AAts/data=!4m7!3m6!1s0x47940cf9c809f3d7:0xa06e64f07391c86b!8m2!3d48.6213789!4d6.9838248!16s%2Fg%2F11cm057dqd!19sChIJ1_MJyPkMlEcRa8iRc_BkbqA?authuser=0&hl=fr&rclk=1
PROJET X Aquapark,4.3,,PROJET X Aquapark,,Saint-Germain-sous-Doue+France,Parc aquatique,https://www.google.com/maps/place/PROJET+X+Aquapark/data=!4m7!3m6!1s0x47e68b08cc3d4475:0x662c701b3b21771f!8m2!3d49.0320545!4d2.0459579!16s%2Fg%2F11vynptzpc!19sChIJdUQ9zAiL5kcRH3chOxtwLGY?authuser=0&hl=fr&rclk=1
AQUAPARC MADINE,4.8,,AQUAPARC MADINE,,Escardes+France,Parc aquatique,https://www.google.com/maps/place/AQUAPARC+MADINE/data=!4m7!3m6!1s0x47eb35eb10fc55e1:0x303b22a5e7f50929!8m2!3d48.9257777!4d5.7558006!16s%2Fg%2F11h1m2fbdh!19sChIJ4VX8EOs160cRKQn156UiOzA?authuser=0&hl=fr&rclk=1
Centre aquatique O'CAPE - Bien-être & Forme,3.9,,Centre aquatique O'CAPE - Bien-être & Forme,,Saint-Germain-sous-Cailly+France,Parc aquatique,https://www.google.com/maps/place/Centre+aquatique+O%27CAPE+-+Bien-%C3%AAtre+%26+Forme/data=!4m7!3m6!1s0x47e0d9006d41ff7f:0xe77523760c48a4c7!8m2!3d49.3978796!4d1.1588899!16s%2Fg%2F11xrm_95t0!19sChIJf_9BbQDZ4EcRx6RIDHYjdec?authuser=0&hl=fr&rclk=1
Parc d'Attractions Aquatic Landes / Labenne,3.6,,Parc d'Attractions Aquatic Landes / Labenne,,Saint-Germain-sous-Doue+France,Parc aquatique,https://www.google.com/maps/place/Parc+d%27Attractions+Aquatic+Landes+%2F+Labenne/data=!4m7!3m6!1s0xd514488fe12707f:0xcb6cf6d5bdb04aed!8m2!3d43.5948793!4d-1.4533072!16s%2Fg%2F1tczx7_d!19sChIJf3AS_ohEUQ0R7UqwvdX2bMs?authuser=0&hl=fr&rclk=1
Aquaparc de l'étang du puits,4.3,,Aquaparc de l'étang du puits,,Escardes+France,Parc aquatique,https://www.google.com/maps/place/Aquaparc+de+l%27%C3%A9tang+du+puits/data=!4m7!3m6!1s0x47e547deea014ecb:0x8a03be80daa38935!8m2!3d47.585039!4d2.375206!16s%2Fg%2F11g9m59bs0!19sChIJy04B6t5H5UcRNYmj2oC-A4o?authuser=0&hl=fr&rclk=1
Le Dôme,4.3,,Le Dôme,,Saint-Germain-sous-Cailly+France,Parc aquatique,https://www.google.com/maps/place/Le+D%C3%B4me/data=!4m7!3m6!1s0x47e17d69db837cbb:0x3f355f2ea5f3736c!8m2!3d48.7284774!4d0.8399143!16s%2Fg%2F11g8dk9ss1!19sChIJu3yD22l94UcRbHPzpS5fNT8?authuser=0&hl=fr&rclk=1
Le Dôme,4.3,,Le Dôme,,Saint-Germain-sous-Doue+France,Parc aquatique,https://www.google.com/maps/place/Le+D%C3%B4me/data=!4m7!3m6!1s0x47e17d69db837cbb:0x3f355f2ea5f3736c!8m2!3d48.7284774!4d0.8399143!16s%2Fg%2F11g8dk9ss1!19sChIJu3yD22l94UcRbHPzpS5fNT8?authuser=0&hl=fr&rclk=1
Atlantic Toboggan,4.0,,Atlantic Toboggan,,Saint-Germain-sous-Doue+France,Parc aquatique,https://www.google.com/maps/place/Atlantic+Toboggan/data=!4m7!3m6!1s0x4804561d5e901d67:0x258896fd4f24c06b!8m2!3d46.7586033!4d-2.024573!16s%2Fg%2F1tdc956c!19sChIJZx2QXh1WBEgRa8AkT_2WiCU?authuser=0&hl=fr&rclk=1
Piscine Le Dôme Saint-Germain-en-Laye,3.5,,Piscine Le Dôme Saint-Germain-en-Laye,,Saint-Germain-sous-Doue+France,Parc aquatique,https://www.google.com/maps/place/Piscine+Le+D%C3%B4me+Saint-Germain-en-Laye/data=!4m7!3m6!1s0x47e689d39f5d1df5:0x51852a2143d130d3!8m2!3d48.9041204!4d2.0953953!16s%2Fg%2F1tdcl8g6!19sChIJ9R1dn9OJ5kcR0zDRQyEqhVE?authuser=0&hl=fr&rclk=1
Centre Aquatique l'Effet Bleu,3.9,,Centre Aquatique l'Effet Bleu,,Saint-Germain-sous-Cailly+France,Parc aquatique,https://www.google.com/maps/place/Centre+Aquatique+l%27Effet+Bleu/data=!4m7!3m6!1s0x47e04937d278efeb:0x62646aa38cef2c29!8m2!3d49.5245295!4d0.3615423!16s%2Fg%2F11h565v22l!19sChIJ6-940jdJ4EcRKSzvjKNqZGI?authuser=0&hl=fr&rclk=1
Aquaclub de Belle Dune,3.7,,Aquaclub de Belle Dune,,Saint-Germain-sous-Doue+France,Parc aquatique,https://www.google.com/maps/place/Aquaclub+de+Belle+Dune/data=!4m7!3m6!1s0x47dde757c63161c9:0x1f3b423d2646af74!8m2!3d50.3307365!4d1.5662156!16s%2Fg%2F1wg5x8s0!19sChIJyWExxlfn3UcRdK9GJj1COx8?authuser=0&hl=fr&rclk=1
Aqua Mundo -Villages Nature,4.2,,Aqua Mundo -Villages Nature,,Saint-Germain-sous-Cailly+France,Parc aquatique,https://www.google.com/maps/place/Aqua+Mundo+-Villages+Nature/data=!4m7!3m6!1s0x47e8a8b117e14b23:0x5a0e6789e8354b1e!8m2!3d48.82876!4d2.817801!16s%2Fg%2F11ddx46b47!19sChIJI0vhF7Go6EcRHks16IlnDlo?authuser=0&hl=fr&rclk=1
Base nautique de Longueil-Sainte-Marie,3.7,,Base nautique de Longueil-Sainte-Marie,,Saint-Germain-sous-Doue+France,Parc aquatique,https://www.google.com/maps/place/Base+nautique+de+Longueil-Sainte-Marie/data=!4m7!3m6!1s0x47e7d2e894a7db81:0xc75a7ac04a685c29!8m2!3d49.3409384!4d2.7151725!16s%2Fg%2F1td7h1fz!19sChIJgdunlOjS50cRKVxoSsB6Wsc?authuser=0&hl=fr&rclk=1
Ange Michel - Parc d'attractions,4.2,,Ange Michel - Parc d'attractions,,Saint-Germain-sous-Cailly+France,Parc aquatique,https://www.google.com/maps/place/Ange+Michel+-+Parc+d%27attractions/data=!4m7!3m6!1s0x4809500a49ec21e5:0x6d23af0aac5db2cc!8m2!3d48.5689665!4d-1.2027811!16s%2Fg%2F1tdclbmj!19sChIJ5SHsSQpQCUgRzLJdrAqvI20?authuser=0&hl=fr&rclk=1
Aquaparc Bases de Loisirs,4.0,,Aquaparc Bases de Loisirs,,Saint-Germain-sous-Doue+France,Parc aquatique,https://www.google.com/maps/place/Aquaparc+Bases+de+Loisirs/data=!4m7!3m6!1s0x47f547b77dac6785:0xc62ba156241ed609!8m2!3d45.174253!4d4.883139!16s%2Fg%2F11gzs6w23x!19sChIJhWesfbdH9UcRCdYeJFahK8Y?authuser=0&hl=fr&rclk=1
Tolysland,4.3,,Tolysland,,Saint-Germain-sous-Cailly+France,Parc aquatique,https://www.google.com/maps/place/Tolysland/data=!4m7!3m6!1s0x47e12d18b93b3ab5:0x7e81e24ee65b5fdb!8m2!3d49.23229!4d1.378945!16s%2Fg%2F1tfdy40n!19sChIJtTo7uRgt4UcR219b5k7igX4?authuser=0&hl=fr&rclk=1
Slidesparc,4.3,,Slidesparc,,Saint-Germain-sous-Doue+France,Parc aquatique,https://www.google.com/maps/place/Slidesparc/data=!4m7!3m6!1s0x47f54726b5f33711:0xeb894e0ea847cd7!8m2!3d45.1757396!4d4.883282!16s%2Fg%2F11h6rr_jnq!19sChIJETfztSZH9UcR13yE6uCUuA4?authuser=0&hl=fr&rclk=1
Aquaboulevard de Paris,3.7,,Aquaboulevard de Paris,,Saint-Germain-sous-Cailly+France,Parc aquatique,https://www.google.com/maps/place/Aquaboulevard+de+Paris/data=!4m7!3m6!1s0x47e6718b1fbcd4fd:0xa7968d889eb5402a!8m2!3d48.8318042!4d2.2762627!16s%2Fg%2F120hhrtz!19sChIJ_dS8H4tx5kcRKkC1noiNlqc?authuser=0&hl=fr&rclk=1
Aquasplash,3.2,,Aquasplash,,Saint-Germain-sous-Doue+France,Parc aquatique,https://www.google.com/maps/place/Aquasplash/data=!4m7!3m6!1s0x12cdd4e53094e195:0x3231a5821eee6141!8m2!3d43.615356!4d7.124161!16s%2Fg%2F12hmcfpvc!19sChIJleGUMOXUzRIRQWHuHoKlMTI?authuser=0&hl=fr&rclk=1
Centre Aquatique du Val d'Europe,3.8,,Centre Aquatique du Val d'Europe,,Saint-Germain-sous-Cailly+France,Parc aquatique,https://www.google.com/maps/place/Centre+Aquatique+du+Val+d%27Europe/data=!4m7!3m6!1s0x47e602b4a4e66d7f:0xfc0df1ec37675e43!8m2!3d48.845385!4d2.8003076!16s%2Fg%2F11c2l9lfy9!19sChIJf23mpLQC5kcRQ15nN-zxDfw?authuser=0&hl=fr&rclk=1
La Bouscarasse,4.0,,La Bouscarasse,,Saint-Germain-sous-Doue+France,Parc aquatique,https://www.google.com/maps/place/La+Bouscarasse/data=!4m7!3m6!1s0x12b44a442540f613:0xd473ab87bdc05214!8m2!3d44.037433!4d4.3262812!16s%2Fg%2F1tctzm7q!19sChIJE_ZAJURKtBIRFFLAvYerc9Q?authuser=0&hl=fr&rclk=1
Parc aquatique du Perche,4.1,,Parc aquatique du Perche,,Saint-Germain-sous-Cailly+France,Parc aquatique,https://www.google.com/maps/place/Parc+aquatique+du+Perche/data=!4m7!3m6!1s0x47e3c27e95a0d4e5:0xef2895d8afed7b11!8m2!3d48.5126247!4d1.0193802!16s%2Fg%2F1tf6fy9q!19sChIJ5dSglX7C40cREXvtr9iVKO8?authuser=0&hl=fr&rclk=1
AquaParc Pyrénées,4.8,,AquaParc Pyrénées,,Saint-Germain-sous-Doue+France,Parc aquatique,https://www.google.com/maps/place/AquaParc+Pyr%C3%A9n%C3%A9es/data=!4m7!3m6!1s0x12a857bfe3a31d47:0x663f4b407c4b7b38!8m2!3d43.0784518!4d0.5643329!16s%2Fg%2F11h126c_wp!19sChIJRx2j479XqBIROHtLfEBLP2Y?authuser=0&hl=fr&rclk=1
Centre aquatique La Piscine,3.9,,Centre aquatique La Piscine,,Saint-Germain-sous-Cailly+France,Parc aquatique,https://www.google.com/maps/place/Centre+aquatique+La+Piscine/data=!4m7!3m6!1s0x47e06b6d63d4b387:0xa893fe1f92f26ba0!8m2!3d49.7542609!4d0.3870957!16s%2Fg%2F1tdj3hg2!19sChIJh7PUY21r4EcRoGvykh_-k6g?authuser=0&hl=fr&rclk=1
Aqua Béarn,4.0,,Aqua Béarn,,Saint-Germain-sous-Doue+France,Parc aquatique,https://www.google.com/maps/place/Aqua+B%C3%A9arn/data=!4m7!3m6!1s0xd5655b13e21ab0f:0xf57e639b47660755!8m2!3d43.2259503!4d-0.5693305!16s%2Fg%2F1tfg8_l8!19sChIJD6shPrFVVg0RVQdmR5tjfvU?authuser=0&hl=fr&rclk=1
Aqualand Port Leucate - Parc Aquatique,3.1,,Aqualand Port Leucate - Parc Aquatique,,Saint-Germain-sous-Doue+France,Parc aquatique,https://www.google.com/maps/place/Aqualand+Port+Leucate+-+Parc+Aquatique/data=!4m7!3m6!1s0x12b05e40c9370957:0x32c9e89de02084e6!8m2!3d42.841277!4d3.041954!16s%2Fg%2F1tg_0kb3!19sChIJVwk3yUBesBIR5oQg4J3oyTI?authuser=0&hl=fr&rclk=1
Western Splash,4.1,,Western Splash,,Saint-Germain-sous-Doue+France,Parc aquatique,https://www.google.com/maps/place/Western+Splash/data=!4m7!3m6!1s0x12d73b4d61fa9be3:0x523abb0348a8ffb8!8m2!3d42.6286629!4d9.4455083!16s%2Fg%2F11cp5f__2q!19sChIJ45v6YU071xIRuP-oSAO7OlI?authuser=0&hl=fr&rclk=1
Vila Sozinha,5.0,,Vila Sozinha,,Escames+France,Hôtel avec spa,https://www.google.com/maps/place/Vila+Sozinha/data=!4m10!3m9!1s0x47e717476522b769:0x5ebb98d81299d61a!5m2!4m1!1i2!8m2!3d49.578591!4d1.8139164!16s%2Fg%2F11yghk3p_b!19sChIJabciZUcX50cRGtaZEtiYu14?authuser=0&hl=fr&rclk=1
Maison d'Hôtes La Cimentelle,4.7,,Maison d'Hôtes La Cimentelle,,Bessy-sur-Cure+France,Hôtel avec spa,https://www.google.com/maps/place/Maison+d%27H%C3%B4tes+La+Cimentelle/data=!4m10!3m9!1s0x47ee1aaba86d94d1:0x82f24638238f9c3c!5m2!4m1!1i2!8m2!3d47.536766!4d3.9191904!16s%2Fg%2F1thcrp2r!19sChIJ0ZRtqKsa7kcRPJyPIzhG8oI?authuser=0&hl=fr&rclk=1
AquaPlayPark – Parc Aquatique Toulouse,4.3,,AquaPlayPark – Parc Aquatique Toulouse,,Bestiac+France,Parc aquatique,https://www.google.com/maps/place/AquaPlayPark+%E2%80%93+Parc+Aquatique+Toulouse/data=!4m7!3m6!1s0x12aee3edcec6572f:0x5dcc3f7d5a0e87cf!8m2!3d43.2291198!4d1.6138812!16s%2Fg%2F11c5fy7q54!19sChIJL1fGzu3jrhIRz4cOWn0_zF0?authuser=0&hl=fr&rclk=1
EOLE Aventure,4.4,,EOLE Aventure,,Merville-Franceville-Plage+France,Parc aquatique,https://www.google.com/maps/place/EOLE+Aventure/data=!4m7!3m6!1s0x480a6589a5f9f74d:0x73534d443e65a716!8m2!3d49.205516!4d-0.2256631!16s%2Fg%2F11b6dm_nqm!19sChIJTff5pYllCkgRFqdlPkRNU3M?authuser=0&hl=fr&rclk=1
Aqualand Sainte-Maxime - Parc Aquatique,3.4,,Aqualand Sainte-Maxime - Parc Aquatique,,Saint-Germain-sous-Doue+France,Parc aquatique,https://www.google.com/maps/place/Aqualand+Sainte-Maxime+-+Parc+Aquatique/data=!4m7!3m6!1s0x12ceb8fa05c5d783:0xc7f1bbca1eee4595!8m2!3d43.328348!4d6.618087!16s%2Fg%2F1td3_1wd!19sChIJg9fFBfq4zhIRlUXuHsq78cc?authuser=0&hl=fr&rclk=1
Logis Le Rabelais - Hôtel Restaurant Spa,4.6,,Logis Le Rabelais - Hôtel Restaurant Spa,,Mervent+France,Hôtel avec spa,https://www.google.com/maps/place/Logis+Le+Rabelais+-+H%C3%B4tel+Restaurant+Spa/data=!4m10!3m9!1s0x4806dcd29de62ca5:0x4b8cac4826132dd6!5m2!4m1!1i2!8m2!3d46.465551!4d-0.791378!16s%2Fg%2F1tqtx7z1!19sChIJpSzmndLcBkgR1i0TJkisjEs?authuser=0&hl=fr&rclk=1
Hotel-Restaurant Le Chatel,4.2,,SponsoriséPar Booking.com,,Saint-Germain-près-Herment+France,Hôtel avec spa,https://www.google.com/maps/place/Hotel-Restaurant+Le+Chatel/data=!4m10!3m9!1s0x47f71a48f34f10b7:0x4dab26fb1f1264ca!5m2!4m1!1i2!8m2!3d45.76559!4d3.053435!16s%2Fg%2F1tfj2j7q!19sChIJtxBP80ga90cRymQSH_smq00?authuser=0&hl=fr&rclk=1
Demeures et Châteaux Le Moulin des Templiers,4.5,,Demeures et Châteaux Le Moulin des Templiers,,Bessy-sur-Cure+France,Hôtel avec spa,https://www.google.com/maps/place/Demeures+et+Ch%C3%A2teaux+Le+Moulin+des+Templiers/data=!4m10!3m9!1s0x47ee1ba6f5b1db59:0xcd793dac7e9d8a34!5m2!4m1!1i2!8m2!3d47.489322!4d3.866589!16s%2Fg%2F1tffnp4s!19sChIJWdux9aYb7kcRNIqdfqw9ec0?authuser=0&hl=fr&rclk=1
Gite Romantique avec Spa : La Maison du Bonheur Saint Germer de Fly #Oise #Picardie #Normandie,4.9,,Gite Romantique avec Spa : La Maison du Bonheur Saint Germer de Fly #Oise #Picardie #Normandie,,Escames+France,Hôtel avec spa,https://www.google.com/maps/place/Gite+Romantique+avec+Spa+:+La+Maison+du+Bonheur+Saint+Germer+de+Fly+%23Oise+%23Picardie+%23Normandie/data=!4m10!3m9!1s0x47e719f46fc29e1b:0xa0064785c1711576!5m2!4m1!1i2!8m2!3d49.4474137!4d1.8041393!16s%2Fg%2F11rqx5h01w!19sChIJG57Cb_QZ50cRdhVxwYVHBqA?authuser=0&hl=fr&rclk=1
"Aqua Diva - Centre Aqualudique, Fitness et Bien-être à Cabourg",3.9,,"Aqua Diva - Centre Aqualudique, Fitness et Bien-être à Cabourg",,Merville-Franceville-Plage+France,Parc aquatique,"https://www.google.com/maps/place/Aqua+Diva+-+Centre+Aqualudique,+Fitness+et+Bien-%C3%AAtre+%C3%A0+Cabourg/data=!4m7!3m6!1s0x480a7d0013f92ed5:0x3f424be1a59f08da!8m2!3d49.2852116!4d-0.1239!16s%2Fg%2F11y5z7hnv9!19sChIJ1S75EwB9CkgR2gifpeFLQj8?authuser=0&hl=fr&rclk=1"
AQUAPARC Toulouse,4.3,,AQUAPARC Toulouse,,Bestiac+France,Parc aquatique,https://www.google.com/maps/place/AQUAPARC+Toulouse/data=!4m7!3m6!1s0x12aeefb2a4b1c9c5:0x179fb3ebc84ef26!8m2!3d43.3538398!4d1.6452629!16s%2Fg%2F11cn5g97lv!19sChIJxcmxpLLvrhIRJu-EvD77eQE?authuser=0&hl=fr&rclk=1
Camping Les Vernières La Bourboule,4.4,,Camping Les Vernières La Bourboule,,Saint-Germain-près-Herment+France,Hôtel avec spa,https://www.google.com/maps/place/Camping+Les+Verni%C3%A8res+La+Bourboule/data=!4m10!3m9!1s0x47f7767392829e57:0x9778e3b1c2bfbf33!5m2!4m1!1i2!8m2!3d45.58985!4d2.752521!16s%2Fg%2F1tdjqhkz!19sChIJV56CknN290cRM7-_wrHjeJc?authuser=0&hl=fr&rclk=1
Domaine La Capitainerie,5.0,,Domaine La Capitainerie,,Mervent+France,Hôtel avec spa,https://www.google.com/maps/place/Domaine+La+Capitainerie/data=!4m10!3m9!1s0x4806ed3b2a3a4eeb:0xd4eb37f68b79349f!5m2!4m1!1i2!8m2!3d46.6574207!4d-0.9191662!16s%2Fg%2F11yl4h8c13!19sChIJ6046KjvtBkgRnzR5i_Y369Q?authuser=0&hl=fr&rclk=1
Château de Ribourdin : Chambres d’hôtes de charme,4.9,,Château de Ribourdin : Chambres d’hôtes de charme,,Bessy-sur-Cure+France,Hôtel avec spa,https://www.google.com/maps/place/Ch%C3%A2teau+de+Ribourdin+:+Chambres+d%E2%80%99h%C3%B4tes+de+charme/data=!4m10!3m9!1s0x47ee4bd336017a1d:0xf3e3b9bd22c44d89!5m2!4m1!1i2!8m2!3d47.7503002!4d3.4978559!16s%2Fg%2F1tf8sfc_!19sChIJHXoBNtNL7kcRiU3EIr254_M?authuser=0&hl=fr&rclk=1
Parc aquatique Aqua Mundo Center Parcs Les Trois Forêts,4.2,,Parc aquatique Aqua Mundo Center Parcs Les Trois Forêts,,Merviller+France,Parc aquatique,https://www.google.com/maps/place/Parc+aquatique+Aqua+Mundo+Center+Parcs+Les+Trois+For%C3%AAts/data=!4m7!3m6!1s0x47940cf9c809f3d7:0xa06e64f07391c86b!8m2!3d48.6213789!4d6.9838248!16s%2Fg%2F11cm057dqd!19sChIJ1_MJyPkMlEcRa8iRc_BkbqA?authuser=0&hl=fr&rclk=1
Parc aquatique Aqua Mundo - Center Parcs Domaine Les Bois-Francs,4.0,,Parc aquatique Aqua Mundo - Center Parcs Domaine Les Bois-Francs,,Merville-Franceville-Plage+France,Parc aquatique,https://www.google.com/maps/place/Parc+aquatique+Aqua+Mundo+-+Center+Parcs+Domaine+Les+Bois-Francs/data=!4m7!3m6!1s0x47e17d43a8ed690d:0xf300cd76ca0653ec!8m2!3d48.728902!4d0.840066!16s%2Fg%2F11cnmwmkff!19sChIJDWntqEN94UcR7FMGynbNAPM?authuser=0&hl=fr&rclk=1
Manoir de Séverine,5.0,,Manoir de Séverine,,Escames+France,Hôtel avec spa,https://www.google.com/maps/place/Manoir+de+S%C3%A9verine/data=!4m10!3m9!1s0x47e7390a07f060d7:0xb45613cea97bd228!5m2!4m1!1i2!8m2!3d49.600087!4d1.623264!16s%2Fg%2F11m616g389!19sChIJ12DwBwo550cRKNJ7qc4TVrQ?authuser=0&hl=fr&rclk=1
Centre aquatique de L'agglo Foix-Varilhes,4.3,,Centre aquatique de L'agglo Foix-Varilhes,,Bestiac+France,Parc aquatique,https://www.google.com/maps/place/Centre+aquatique+de+L%27agglo+Foix-Varilhes/data=!4m7!3m6!1s0x12af113a9e7bad11:0xc5f7c7ccecbc62eb!8m2!3d42.9612281!4d1.6088357!16s%2Fg%2F1tdqkj9f!19sChIJEa17njoRrxIR62K87MzH98U?authuser=0&hl=fr&rclk=1
Le Petit Paradis,4.9,,Le Petit Paradis,,Mervent+France,Hôtel avec spa,https://www.google.com/maps/place/Le+Petit+Paradis/data=!4m10!3m9!1s0x480720dcf4195f0f:0x5e9fef8536c5877a!5m2!4m1!1i2!8m2!3d46.4536412!4d-0.6005373!16s%2Fg%2F12ll2bvd9!19sChIJD18Z9NwgB0gReofFNoXvn14?authuser=0&hl=fr&rclk=1
Histoire d'Anges en Auvergne,5.0,,Histoire d'Anges en Auvergne,,Saint-Germain-près-Herment+France,Hôtel avec spa,https://www.google.com/maps/place/Histoire+d%27Anges+en+Auvergne/data=!4m10!3m9!1s0x47f77fa3f838daff:0xeac8ddb163f2c5b6!5m2!4m1!1i2!8m2!3d45.5785527!4d2.5735384!16s%2Fg%2F11t11lwwzj!19sChIJ_9o4-KN_90cRtsXyY7HdyOo?authuser=0&hl=fr&rclk=1
GrandBleu WakePark PAM,4.3,,GrandBleu WakePark PAM,,Merviller+France,Parc aquatique,https://www.google.com/maps/place/GrandBleu+WakePark+PAM/data=!4m7!3m6!1s0x4794c71dbe520f79:0x1c84eae5f1dabafc!8m2!3d48.9442291!4d6.0605854!16s%2Fg%2F11px8x585h!19sChIJeQ9Svh3HlEcR_Lra8eXqhBw?authuser=0&hl=fr&rclk=1
Au domaine cru,5.0,,Au domaine cru,,Escames+France,Hôtel avec spa,https://www.google.com/maps/place/Au+domaine+cru/data=!4m10!3m9!1s0x47e71b92ace7467f:0xf707dfc78dfc87c9!5m2!4m1!1i2!8m2!3d49.46228!4d1.9599303!16s%2Fg%2F11tnvz9kd1!19sChIJf0bnrJIb50cRyYf8jcffB_c?authuser=0&hl=fr&rclk=1
Aquapark 31,4.5,,Aquapark 31,,Bestiac+France,Parc aquatique,https://www.google.com/maps/place/Aquapark+31/data=!4m7!3m6!1s0x12ae8d38b20efc09:0xf9834f96c04ef058!8m2!3d43.5284896!4d1.7474743!16s%2Fg%2F11nwn3rs82!19sChIJCfwOsjiNrhIRWPBOwJZPg_k?authuser=0&hl=fr&rclk=1
Le perchoir nocturne - Vendée,4.7,,Le perchoir nocturne - Vendée,,Mervent+France,Hôtel avec spa,https://www.google.com/maps/place/Le+perchoir+nocturne+-+Vend%C3%A9e/data=!4m10!3m9!1s0x4806de2adbec0001:0x937a88113992751c!5m2!4m1!1i2!8m2!3d46.5122274!4d-0.6749657!16s%2Fg%2F11pzyqsn7v!19sChIJAQDs2yreBkgRHHWSORGIepM?authuser=0&hl=fr&rclk=1
Hôtel le Castelet,4.6,,Hôtel le Castelet,,Saint-Germain-près-Herment+France,Hôtel avec spa,https://www.google.com/maps/place/H%C3%B4tel+le+Castelet/data=!4m10!3m9!1s0x47f7756ff1506121:0x7e27b194497ef0cc!5m2!4m1!1i2!8m2!3d45.5764688!4d2.8084016!16s%2Fg%2F1tgw982h!19sChIJIWFQ8W9190cRzPB-SZSxJ34?authuser=0&hl=fr&rclk=1
La Piscine Aquabella,3.4,,La Piscine Aquabella,,Merville-Franceville-Plage+France,Parc aquatique,https://www.google.com/maps/place/La+Piscine+Aquabella/data=!4m7!3m6!1s0x480a63fe876cab19:0x7401e3338967958!8m2!3d49.2891721!4d-0.2569553!16s%2Fg%2F11cnc_0w8g!19sChIJGatsh_5jCkgRWHmWODMeQAc?authuser=0&hl=fr&rclk=1
AQUAPARC MADINE,4.8,,AQUAPARC MADINE,,Merviller+France,Parc aquatique,https://www.google.com/maps/place/AQUAPARC+MADINE/data=!4m7!3m6!1s0x47eb35eb10fc55e1:0x303b22a5e7f50929!8m2!3d48.9257777!4d5.7558006!16s%2Fg%2F11h1m2fbdh!19sChIJ4VX8EOs160cRKQn156UiOzA?authuser=0&hl=fr&rclk=1
Centre Aquatique du Couserans,4.2,,Centre Aquatique du Couserans,,Bestiac+France,Parc aquatique,https://www.google.com/maps/place/Centre+Aquatique+du+Couserans/data=!4m7!3m6!1s0x12a8cdd16b28d0e7:0x297054958e32c025!8m2!3d42.986536!4d1.1397132!16s%2Fg%2F11bzv2qln1!19sChIJ59Aoa9HNqBIRJcAyjpVUcCk?authuser=0&hl=fr&rclk=1
La Tour Pom’Pin : chambre et table d'hôtes avec spa à La Bourboule,4.8,,La Tour Pom’Pin : chambre et table d'hôtes avec spa à La Bourboule,,Saint-Germain-près-Herment+France,Hôtel avec spa,https://www.google.com/maps/place/La+Tour+Pom%E2%80%99Pin+:+chambre+et+table+d%27h%C3%B4tes+avec+spa+%C3%A0+La+Bourboule/data=!4m10!3m9!1s0x47f77614ada40001:0xb98c85b5af951a9c!5m2!4m1!1i2!8m2!3d45.5866422!4d2.7415141!16s%2Fg%2F11gh6bsk0p!19sChIJAQCkrRR290cRnBqVr7WFjLk?authuser=0&hl=fr&rclk=1
Château Talence 1870,5.0,,Château Talence 1870,,Mervent+France,Hôtel avec spa,https://www.google.com/maps/place/Ch%C3%A2teau+Talence+1870/data=!4m10!3m9!1s0x48071d27e8b2d507:0x5db9482d39486ccd!5m2!4m1!1i2!8m2!3d46.6323951!4d-0.570414!16s%2Fg%2F11zb3llrp1!19sChIJB9Wy6CcdB0gRzWxIOS1IuV0?authuser=0&hl=fr&rclk=1
Plage de Franceville,4.6,,Plage de Franceville,,Merville-Franceville-Plage+France,Parc aquatique,https://www.google.com/maps/place/Plage+de+Franceville/data=!4m7!3m6!1s0x480a6387d38ba82d:0xe46ba8cc3bdd8bba!8m2!3d49.2862903!4d-0.1994346!16s%2Fg%2F11g072q9y0!19sChIJLaiL04djCkgRuovdO8yoa-Q?authuser=0&hl=fr&rclk=1
Aquafly,4.4,,Aquafly,,Merviller+France,Parc aquatique,https://www.google.com/maps/place/Aquafly/data=!4m7!3m6!1s0x4793b592c462ee4b:0x1ef97aea022754de!8m2!3d47.9514789!4d6.7536738!16s%2Fg%2F11fhng54g4!19sChIJS-5ixJK1k0cR3lQnAup6-R4?authuser=0&hl=fr&rclk=1
"La villa François Premier, séjour bien être, spa et massages à La Bourboule",4.8,,"La villa François Premier, séjour bien être, spa et massages à La Bourboule",,Saint-Germain-près-Herment+France,Hôtel avec spa,"https://www.google.com/maps/place/La+villa+Fran%C3%A7ois+Premier,+s%C3%A9jour+bien+%C3%AAtre,+spa+et+massages+%C3%A0+La+Bourboule/data=!4m10!3m9!1s0x47f777766bfe4e7f:0x8cda7fca032e3633!5m2!4m1!1i2!8m2!3d45.586747!4d2.7417626!16s%2Fg%2F11hfyn6bb0!19sChIJf07-a3Z390cRMzYuA8p_2ow?authuser=0&hl=fr&rclk=1"
AquaParc Pyrénées,4.8,,AquaParc Pyrénées,,Bestiac+France,Parc aquatique,https://www.google.com/maps/place/AquaParc+Pyr%C3%A9n%C3%A9es/data=!4m7!3m6!1s0x12a857bfe3a31d47:0x663f4b407c4b7b38!8m2!3d43.0784518!4d0.5643329!16s%2Fg%2F11h126c_wp!19sChIJRx2j479XqBIROHtLfEBLP2Y?authuser=0&hl=fr&rclk=1
Echo d'Eau Host & Coach,5.0,,Echo d'Eau Host & Coach,,Mervent+France,Hôtel avec spa,https://www.google.com/maps/place/Echo+d%27Eau+Host+%26+Coach/data=!4m10!3m9!1s0x4806ed57d28fee39:0xe3f2ae8e0a28d26f!5m2!4m1!1i2!8m2!3d46.6659146!4d-0.9519601!16s%2Fg%2F11g0m572sv!19sChIJOe6P0lftBkgRb9IoCo6u8uM?authuser=0&hl=fr&rclk=1
Aire de jeux,4.7,,Aire de jeux,,Merville-Franceville-Plage+France,Parc aquatique,https://www.google.com/maps/place/Aire+de+jeux/data=!4m7!3m6!1s0x480a63f5abbc8f63:0xfd58a77991222040!8m2!3d49.2854619!4d-0.2054715!16s%2Fg%2F11qpxpnlw7!19sChIJY4-8q_VjCkgRQCAikXmnWP0?authuser=0&hl=fr&rclk=1
Aqua'Gonfle,4.8,,Aqua'Gonfle,,Merviller+France,Parc aquatique,https://www.google.com/maps/place/Aqua%27Gonfle/data=!4m7!3m6!1s0x479167635b473cfd:0xe35ec87a9f0efde2!8m2!3d48.1130685!4d7.3774881!16s%2Fg%2F11nmnqwy09!19sChIJ_TxHW2NnkUcR4v0On3rIXuM?authuser=0&hl=fr&rclk=1
"Gîte pour groupes scolaires , Clubs sportifs avec Spa TRIFATA , Mariages, Séminaires, Restaurant de Groupe",4.1,,"Gîte pour groupes scolaires , Clubs sportifs avec Spa TRIFATA , Mariages, Séminaires, Restaurant de Groupe",,Saint-Germain-près-Herment+France,Hôtel avec spa,"https://www.google.com/maps/place/G%C3%AEte+pour+groupes+scolaires+,+Clubs+sportifs+avec+Spa+TRIFATA+,+Mariages,+S%C3%A9minaires,+Restaurant+de+Groupe/data=!4m10!3m9!1s0x47f776470f7f79bb:0x2750cd354d3bacb8!5m2!4m1!1i2!8m2!3d45.5888772!4d2.7300034!16s%2Fg%2F1td41vqg!19sChIJu3l_D0d290cRuKw7TTXNUCc?authuser=0&hl=fr&rclk=1"
La Source Wake Park - Wakeboard Aquapark Stand-Up Paddle - Toulouse Sud,4.4,,La Source Wake Park - Wakeboard Aquapark Stand-Up Paddle - Toulouse Sud,,Bestiac+France,Parc aquatique,https://www.google.com/maps/place/La+Source+Wake+Park+-+Wakeboard+Aquapark+Stand-Up+Paddle+-+Toulouse+Sud/data=!4m7!3m6!1s0x12a92d5d439f9409:0x8f885f23d6c70e49!8m2!3d43.3124236!4d1.1915274!16s%2Fg%2F11b88n051b!19sChIJCZSfQ10tqRIRSQ7H1iNfiI8?authuser=0&hl=fr&rclk=1
Centre d'Activités Nautiques de Ouistreham Riva-Bella,4.9,,Centre d'Activités Nautiques de Ouistreham Riva-Bella,,Merville-Franceville-Plage+France,Parc aquatique,https://www.google.com/maps/place/Centre+d%27Activit%C3%A9s+Nautiques+de+Ouistreham+Riva-Bella/data=!4m7!3m6!1s0x480a6585d2ee54f7:0xfd0940d03491b3e8!8m2!3d49.2802717!4d-0.2470386!16s%2Fg%2F11m2y1fs4h!19sChIJ91Tu0oVlCkgR6LORNNBACf0?authuser=0&hl=fr&rclk=1
Aquapark Total-jump,4.4,,Aquapark Total-jump,,Merviller+France,Parc aquatique,https://www.google.com/maps/place/Aquapark+Total-jump/data=!4m7!3m6!1s0x4796bf49e765b5d3:0xd0771f29618fb8d8!8m2!3d48.9677611!4d8.1641098!16s%2Fg%2F11b6g8nr04!19sChIJ07Vl50m_lkcR2LiPYSkfd9A?authuser=0&hl=fr&rclk=1
Camping Le Colombier,4.4,,Camping Le Colombier,,Mervent+France,Hôtel avec spa,https://www.google.com/maps/place/Camping+Le+Colombier/data=!4m10!3m9!1s0x48069344a3ab2ee7:0xad177f415cb4105e!5m2!4m1!1i2!8m2!3d46.597644!4d-0.969516!16s%2Fg%2F1tgfphq_!19sChIJ5y6ro0STBkgRXhC0XEF_F60?authuser=0&hl=fr&rclk=1
Cabanes dans les Arbres : La Guinguette,4.8,,Cabanes dans les Arbres : La Guinguette,,Saint-Germain-près-Herment+France,Hôtel avec spa,https://www.google.com/maps/place/Cabanes+dans+les+Arbres+:+La+Guinguette/data=!4m10!3m9!1s0x47f7803602329afb:0x140683e0a44b6de6!5m2!4m1!1i2!8m2!3d45.5568185!4d2.5467819!16s%2Fg%2F11c1pcybj4!19sChIJ-5oyAjaA90cR5m1LpOCDBhQ?authuser=0&hl=fr&rclk=1
Ange Michel - Parc d'attractions,4.2,,Ange Michel - Parc d'attractions,,Merville-Franceville-Plage+France,Parc aquatique,https://www.google.com/maps/place/Ange+Michel+-+Parc+d%27attractions/data=!4m7!3m6!1s0x4809500a49ec21e5:0x6d23af0aac5db2cc!8m2!3d48.5689665!4d-1.2027811!16s%2Fg%2F1tdclbmj!19sChIJ5SHsSQpQCUgRzLJdrAqvI20?authuser=0&hl=fr&rclk=1
Aquaparc du Louron,4.7,,Aquaparc du Louron,,Bestiac+France,Parc aquatique,https://www.google.com/maps/place/Aquaparc+du+Louron/data=!4m7!3m6!1s0x12a86905b87b2fe3:0xe705fbf004ff8aa8!8m2!3d42.8068255!4d0.4051837!16s%2Fg%2F11q8jpff8z!19sChIJ4y97uAVpqBIRqIr_BPD7Bec?authuser=0&hl=fr&rclk=1
Waterjump Grand-Est,4.4,,Waterjump Grand-Est,,Merviller+France,Parc aquatique,https://www.google.com/maps/place/Waterjump+Grand-Est/data=!4m7!3m6!1s0x4793b5a403fb72f7:0x7493f7385e12de73!8m2!3d47.9514566!4d6.7530513!16s%2Fg%2F11qppjlyc9!19sChIJ93L7A6S1k0cRc94SXjj3k3Q?authuser=0&hl=fr&rclk=1
Logis Hôtel Régina,3.8,,Logis Hôtel Régina,,Saint-Germain-près-Herment+France,Hôtel avec spa,https://www.google.com/maps/place/Logis+H%C3%B4tel+R%C3%A9gina/data=!4m10!3m9!1s0x47f7766c8b9e20fb:0x8305ab639b5ca50!5m2!4m1!1i2!8m2!3d45.5890192!4d2.7439961!16s%2Fg%2F1tm8dbdd!19sChIJ-yCei2x290cRUMq1ObZaMAg?authuser=0&hl=fr&rclk=1
Centre aquatique La Piscine,3.9,,Centre aquatique La Piscine,,Merville-Franceville-Plage+France,Parc aquatique,https://www.google.com/maps/place/Centre+aquatique+La+Piscine/data=!4m7!3m6!1s0x47e06b6d63d4b387:0xa893fe1f92f26ba0!8m2!3d49.7542609!4d0.3870957!16s%2Fg%2F1tdj3hg2!19sChIJh7PUY21r4EcRoGvykh_-k6g?authuser=0&hl=fr&rclk=1
Aqualand Port Leucate - Parc Aquatique,3.1,,Aqualand Port Leucate - Parc Aquatique,,Bestiac+France,Parc aquatique,https://www.google.com/maps/place/Aqualand+Port+Leucate+-+Parc+Aquatique/data=!4m7!3m6!1s0x12b05e40c9370957:0x32c9e89de02084e6!8m2!3d42.841277!4d3.041954!16s%2Fg%2F1tg_0kb3!19sChIJVwk3yUBesBIR5oQg4J3oyTI?authuser=0&hl=fr&rclk=1
"Chalet Pom'Pin, chalet 5 étoiles au Mont-Dore",4.6,,"Chalet Pom'Pin, chalet 5 étoiles au Mont-Dore",,Saint-Germain-près-Herment+France,Hôtel avec spa,"https://www.google.com/maps/place/Chalet+Pom%27Pin,+chalet+5+%C3%A9toiles+au+Mont-Dore/data=!4m10!3m9!1s0x47f7759b79b3a34f:0xf51f85930aa0669d!5m2!4m1!1i2!8m2!3d45.5779838!4d2.7917239!16s%2Fg%2F11c1p94b0m!19sChIJT6OzeZt190cRnWagCpOFH_U?authuser=0&hl=fr&rclk=1"
ibis Montlhéry Paris Sud,4.2,,SponsoriséPar Booking.com,,Bessy+France,Hôtel avec spa,https://www.google.com/maps/place/ibis+Montlh%C3%A9ry+Paris+Sud/data=!4m10!3m9!1s0x47e5d9dab1641259:0x1adc6b8e0f488192!5m2!4m1!1i2!8m2!3d48.645805!4d2.271017!16s%2Fg%2F11jcgwnsmg!19sChIJWRJksdrZ5UcRkoFID45r3Bo?authuser=0&hl=fr&rclk=1
Bar du Mini Golf Piscine crepes glaces gaufres,4.3,,Bar du Mini Golf Piscine crepes glaces gaufres,,Merville-Franceville-Plage+France,Parc aquatique,https://www.google.com/maps/place/Bar+du+Mini+Golf+Piscine+crepes+glaces+gaufres/data=!4m7!3m6!1s0x480a6362ee8a4a6f:0xf336326305976ffa!8m2!3d49.2856484!4d-0.2039662!16s%2Fg%2F12hkn5thn!19sChIJb0qK7mJjCkgR-m-XBWMyNvM?authuser=0&hl=fr&rclk=1
"Chambres d'hôtes, Gîtes et Yourtes Les Etangs",4.7,,"Chambres d'hôtes, Gîtes et Yourtes Les Etangs",,Saint-Germain-près-Herment+France,Hôtel avec spa,"https://www.google.com/maps/place/Chambres+d%27h%C3%B4tes,+G%C3%AEtes+et+Yourtes+Les+Etangs/data=!4m10!3m9!1s0x47f777f2ba0dc77f:0xd744a4a3ff817fa2!5m2!4m1!1i2!8m2!3d45.5859909!4d2.6888489!16s%2Fg%2F11btlzdhxp!19sChIJf8cNuvJ390cRon-B_6OkRNc?authuser=0&hl=fr&rclk=1"
Abbaye de Reigny - Esprit de France,,,SponsoriséPar Expedia.fr,,Bessy+France,Hôtel avec spa,https://www.google.com/maps/place/Abbaye+de+Reigny+-+Esprit+de+France/data=!4m10!3m9!1s0x47ee3e423ed352b1:0x6e36d15a5845de09!5m2!4m1!1i2!8m2!3d47.64569!4d3.72903!16s%2Fg%2F11z71bss6r!19sChIJsVLTPkI-7kcRCd5FWFrRNm4?authuser=0&hl=fr&rclk=1
"Varafrogs club de plage, cours de natation",4.5,,"Varafrogs club de plage, cours de natation",,Merville-Franceville-Plage+France,Parc aquatique,"https://www.google.com/maps/place/Varafrogs+club+de+plage,+cours+de+natation/data=!4m7!3m6!1s0x480a7dc76269b7c1:0x3096f8e09c8f6ec!8m2!3d49.2873707!4d-0.1540595!16s%2Fg%2F11h037vs6r!19sChIJwbdpYsd9CkgR7PbICY5vCQM?authuser=0&hl=fr&rclk=1"
"La Picote, gite de groupe et maraichage bio",4.8,,"La Picote, gite de groupe et maraichage bio",,Saint-Germain-près-Herment+France,Hôtel avec spa,"https://www.google.com/maps/place/La+Picote,+gite+de+groupe+et+maraichage+bio/data=!4m10!3m9!1s0x47f768c05b9756df:0xdbc007bdbc1ef3d!5m2!4m1!1i2!8m2!3d45.81273!4d2.719326!16s%2Fg%2F11f3xmlzq_!19sChIJ31aXW8Bo90cRPe_B23sAvA0?authuser=0&hl=fr&rclk=1"
Célestins Spa Thermal & Hôtel,4.1,,Célestins Spa Thermal & Hôtel,,Bessy+France,Hôtel avec spa,https://www.google.com/maps/place/C%C3%A9lestins+Spa+Thermal+%26+H%C3%B4tel/data=!4m10!3m9!1s0x47f6cd0c948550a1:0x3ac3c7af96d11cfa!5m2!4m1!1i2!8m2!3d46.1258346!4d3.4170022!16s%2Fg%2F1tdf0q51!19sChIJoVCFlAzN9kcR-hzRlq_Hwzo?authuser=0&hl=fr&rclk=1
Aquaboulevard de Paris,3.7,,Aquaboulevard de Paris,,Merville-Franceville-Plage+France,Parc aquatique,https://www.google.com/maps/place/Aquaboulevard+de+Paris/data=!4m7!3m6!1s0x47e6718b1fbcd4fd:0xa7968d889eb5402a!8m2!3d48.8318042!4d2.2762627!16s%2Fg%2F120hhrtz!19sChIJ_dS8H4tx5kcRKkC1noiNlqc?authuser=0&hl=fr&rclk=1
Alti'Pic Hôtel,4.8,,Alti'Pic Hôtel,,Saint-Germain-près-Herment+France,Hôtel avec spa,https://www.google.com/maps/place/Alti%27Pic+H%C3%B4tel/data=!4m10!3m9!1s0x47f775614b7100e5:0x2019cca74e05696d!5m2!4m1!1i2!8m2!3d45.5709496!4d2.8123364!16s%2Fg%2F1txc6d3c!19sChIJ5QBxS2F190cRbWkFTqfMGSA?authuser=0&hl=fr&rclk=1
"Logis Hôtel Domaine de la Forêt d'Orient, Restaurant, Spa & Golf",4.1,,"Logis Hôtel Domaine de la Forêt d'Orient, Restaurant, Spa & Golf",,Bessy+France,Hôtel avec spa,"https://www.google.com/maps/place/Logis+H%C3%B4tel+Domaine+de+la+For%C3%AAt+d%27Orient,+Restaurant,+Spa+%26+Golf/data=!4m10!3m9!1s0x47ec1f5d30c06bdf:0x6b9895b1a0520763!5m2!4m1!1i2!8m2!3d48.3241459!4d4.3054077!16s%2Fg%2F12qh2rzvy!19sChIJ32vAMF0f7EcRYwdSoLGVmGs?authuser=0&hl=fr&rclk=1"
Camping Clicochic - Peupliers (Brise de Cabourg),4.2,,Camping Clicochic - Peupliers (Brise de Cabourg),,Merville-Franceville-Plage+France,Parc aquatique,https://www.google.com/maps/place/Camping+Clicochic+-+Peupliers+%28Brise+de+Cabourg%29/data=!4m7!3m6!1s0x480a7b55e5539ed3:0xbde22749ad2b4a18!8m2!3d49.282302!4d-0.1710415!16s%2Fg%2F1tdf0rb5!19sChIJ055T5VV7CkgRGEorrUkn4r0?authuser=0&hl=fr&rclk=1
CITOTEL Côté Hôtel,4.1,,SponsoriséPar Booking.com,,Saint-Germain-Nuelles+France,Hôtel avec spa,https://www.google.com/maps/place/CITOTEL+C%C3%B4t%C3%A9+H%C3%B4tel/data=!4m10!3m9!1s0x47f4899539a24869:0xe4e7ae200e0270b5!5m2!4m1!1i2!8m2!3d45.906353!4d4.574978!16s%2Fg%2F1tm8jy86!19sChIJaUiiOZWJ9EcRtXACDiCu5-Q?authuser=0&hl=fr&rclk=1
Réserve ornithologique du Gros Banc,4.4,,Réserve ornithologique du Gros Banc,,Merville-Franceville-Plage+France,Parc aquatique,https://www.google.com/maps/place/R%C3%A9serve+ornithologique+du+Gros+Banc/data=!4m7!3m6!1s0x480a647d73c78309:0xcea1a1330a01610a!8m2!3d49.2755685!4d-0.2179794!16s%2Fg%2F11dxb1rj1j!19sChIJCYPHc31kCkgRCmEBCjOhoc4?authuser=0&hl=fr&rclk=1
Contact Hôtels Le Savigny & Spa,4.5,,Contact Hôtels Le Savigny & Spa,,Bessy+France,Hôtel avec spa,https://www.google.com/maps/place/Contact+H%C3%B4tels+Le+Savigny+%26+Spa/data=!4m10!3m9!1s0x47f486b119ac0c21:0xcc4169c3c05d9212!5m2!4m1!1i2!8m2!3d46.0323306!4d4.6437568!16s%2Fg%2F1thtcgx0!19sChIJIQysGbGG9EcREpJdwMNpQcw?authuser=0&hl=fr&rclk=1
Logis Hôtel le Chatard,4.4,,SponsoriséPar Expedia.fr,,Saint-Germain-Nuelles+France,Hôtel avec spa,https://www.google.com/maps/place/Logis+H%C3%B4tel+le+Chatard/data=!4m10!3m9!1s0x47f48a101f1eabd5:0x106b0c992b88ce85!5m2!4m1!1i2!8m2!3d45.878756!4d4.559277!16s%2Fg%2F1tdq0gz4!19sChIJ1aseHxCK9EcRhc6IK5kMaxA?authuser=0&hl=fr&rclk=1
Center Parcs Les Bois-Francs,3.5,,Center Parcs Les Bois-Francs,,Merville-Franceville-Plage+France,Parc aquatique,https://www.google.com/maps/place/Center+Parcs+Les+Bois-Francs/data=!4m10!3m9!1s0x47e17d76a225418f:0x5f085864083140b2!5m2!4m1!1i2!8m2!3d48.7240023!4d0.8339364!16s%2Fg%2F1hc1ht8r6!19sChIJj0ElonZ94UcRskAxCGRYCF8?authuser=0&hl=fr&rclk=1
Le Clos des Anges.fr,4.8,,Le Clos des Anges.fr,,Saint-Germain-Nuelles+France,Hôtel avec spa,https://www.google.com/maps/place/Le+Clos+des+Anges.fr/data=!4m10!3m9!1s0x47f4893b8394dcb5:0xdbc172bd4763ce96!5m2!4m1!1i2!8m2!3d45.9125612!4d4.6235701!16s%2Fg%2F1th86gl6!19sChIJtdyUgzuJ9EcRls5jR71ywds?authuser=0&hl=fr&rclk=1
Office de tourisme de Merville-Franceville-Plage,4.5,,Office de tourisme de Merville-Franceville-Plage,,Merville-Franceville-Plage+France,Parc aquatique,https://www.google.com/maps/place/Office+de+tourisme+de+Merville-Franceville-Plage/data=!4m7!3m6!1s0x410b7dcec43de611:0x73f3ca077c08c470!8m2!3d49.2792368!4d-0.2039373!16s%2Fg%2F11b5wlmhsn!19sChIJEeY9xM59C0ERcMQIfAfK83M?authuser=0&hl=fr&rclk=1
Sweet dreams jacuzzi- hôtel avec spa privatif,4.7,,Sweet dreams jacuzzi- hôtel avec spa privatif,,Saint-Germain-Nuelles+France,Hôtel avec spa,https://www.google.com/maps/place/Sweet+dreams+jacuzzi-+h%C3%B4tel+avec+spa+privatif/data=!4m10!3m9!1s0x47f48bbba3694b9b:0xe695b7da2b58b4aa!5m2!4m1!1i2!8m2!3d45.894611!4d4.595859!16s%2Fg%2F11gr3thmrl!19sChIJm0tpo7uL9EcRqrRYK9q3leY?authuser=0&hl=fr&rclk=1
Domaine des Vignes d'hôtes,4.5,,Domaine des Vignes d'hôtes,,Saint-Germain-Nuelles+France,Hôtel avec spa,https://www.google.com/maps/place/Domaine+des+Vignes+d%27h%C3%B4tes/data=!4m10!3m9!1s0x47f48911188f4feb:0x7558835056d3b430!5m2!4m1!1i2!8m2!3d45.9129239!4d4.6112723!16s%2Fg%2F1th09sh0!19sChIJ60-PGBGJ9EcRMLTTVlCDWHU?authuser=0&hl=fr&rclk=1
Les jardins de la source dorée,4.8,378,Les jardins de la source dorée,,Saint-Germain-Nuelles+France,Hôtel avec spa,https://www.google.com/maps/place/Les+jardins+de+la+source+dor%C3%A9e/data=!4m10!3m9!1s0x47f4f4bf591f6ecb:0x343572d8c2ff8eb7!5m2!4m1!1i2!8m2!3d45.7981136!4d4.6012275!16s%2Fg%2F1tr16x_6!19sChIJy24fWb_09EcRt47_wthyNTQ?authuser=0&hl=fr&rclk=1
Château de Champlong,4.7,,SponsoriséPar Booking.com,,Saint-Germain-Lespinasse+France,Hôtel avec spa,https://www.google.com/maps/place/Ch%C3%A2teau+de+Champlong/data=!4m10!3m9!1s0x47f4052463f32051:0xcac5a6c12c2bbec3!5m2!4m1!1i2!8m2!3d45.999287!4d4.019798!16s%2Fg%2F1tc_kgz7!19sChIJUSDzYyQF9EcRw74rLMGmxco?authuser=0&hl=fr&rclk=1
Aux Tilleuls de Renaison,5.0,,Aux Tilleuls de Renaison,,Saint-Germain-Lespinasse+France,Hôtel avec spa,https://www.google.com/maps/place/Aux+Tilleuls+de+Renaison/data=!4m10!3m9!1s0x47f403191dcb7fc7:0xbf660e3c9b58a657!5m2!4m1!1i2!8m2!3d46.0510533!4d3.9209858!16s%2Fg%2F11ltry33j9!19sChIJx3_LHRkD9EcRV6ZYmzwOZr8?authuser=0&hl=fr&rclk=1
L'Ancrage Romantique,5.0,,L'Ancrage Romantique,,Saint-Germain-Lespinasse+France,Hôtel avec spa,https://www.google.com/maps/place/L%27Ancrage+Romantique/data=!4m10!3m9!1s0x47f40f06e51f8749:0x7d0105affcc51c7f!5m2!4m1!1i2!8m2!3d46.0388398!4d4.0817101!16s%2Fg%2F11wj28t_v8!19sChIJSYcf5QYP9EcRfxzF_K8FAX0?authuser=0&hl=fr&rclk=1
"Hôtel Causse Comtal Rodez, The Originals Relais",4.2,,SponsoriséPar Booking.com,,Bessuéjouls+France,Hôtel avec spa,"https://www.google.com/maps/place/H%C3%B4tel+Causse+Comtal+Rodez,+The+Originals+Relais/data=!4m10!3m9!1s0x12b28916953c8803:0x372b9ab2eaefb74c!5m2!4m1!1i2!8m2!3d44.421332!4d2.67236!16s%2Fg%2F1tcy_2j0!19sChIJA4g8lRaJshIRTLfv6rKaKzc?authuser=0&hl=fr&rclk=1"
Chambres d'hôtes Le Moulin Juste - Logement Ambierle,,,Chambres d'hôtes Le Moulin Juste - Logement Ambierle,,Saint-Germain-Lespinasse+France,Hôtel avec spa,https://www.google.com/maps/place/Chambres+d%27h%C3%B4tes+Le+Moulin+Juste+-+Logement+Ambierle/data=!4m10!3m9!1s0x47f401dd34254369:0xe24f19ff0e3c1921!5m2!4m1!1i2!8m2!3d46.0901112!4d3.9052719!16s%2Fg%2F11t6y4r80p!19sChIJaUMlNN0B9EcRIRk8Dv8ZT-I?authuser=0&hl=fr&rclk=1
Hôtel la Rivière,3.8,,SponsoriséPar Booking.com,,Bessuéjouls+France,Hôtel avec spa,https://www.google.com/maps/place/H%C3%B4tel+la+Rivi%C3%A8re/data=!4m10!3m9!1s0x12b298edc6900073:0xd4d1690e5cadb65d!5m2!4m1!1i2!8m2!3d44.649285!4d2.567669!16s%2Fg%2F1tgkqvf1!19sChIJcwCQxu2YshIRXbatXA5p0dQ?authuser=0&hl=fr&rclk=1
Hôtel & Spa le Dracy,4.5,,SponsoriséPar Booking.com,,Mervans+France,Hôtel avec spa,https://www.google.com/maps/place/H%C3%B4tel+%26+Spa+le+Dracy/data=!4m10!3m9!1s0x47f2feabd1325627:0xd2059671f1983ced!5m2!4m1!1i2!8m2!3d46.798591!4d4.782528!16s%2Fg%2F1tsyp3g1!19sChIJJ1Yy0av-8kcR7TyY8XGWBdI?authuser=0&hl=fr&rclk=1
"Hôtel Causse Comtal Rodez, The Originals Relais",4.2,,"Hôtel Causse Comtal Rodez, The Originals Relais",,Bessuéjouls+France,Hôtel avec spa,"https://www.google.com/maps/place/H%C3%B4tel+Causse+Comtal+Rodez,+The+Originals+Relais/data=!4m10!3m9!1s0x12b28a2f2919cced:0x372b9ab2eaefb74c!5m2!4m1!1i2!8m2!3d44.421332!4d2.67236!16s%2Fg%2F1tcy_2j0!19sChIJ7cwZKS-KshIRTLfv6rKaKzc?authuser=0&hl=fr&rclk=1"
Hôtel Saint-Georges & Spa & Brasserie Le Terminus,4.2,,SponsoriséPar Expedia.fr,,Mervans+France,Hôtel avec spa,https://www.google.com/maps/place/H%C3%B4tel+Saint-Georges+%26+Spa+%26+Brasserie+Le+Terminus/data=!4m10!3m9!1s0x47f2fc94a1fca52d:0x95a6c5ad86a2cbcc!5m2!4m1!1i2!8m2!3d46.782328!4d4.844255!16s%2Fg%2F1tdvz6xw!19sChIJLaX8oZT88kcRzMuihq3FppU?authuser=0&hl=fr&rclk=1
Domaine La Baronne / Les Vergers de Notre Dame,4.4,,SponsoriséPar Booking.com,,Escalquens+France,Hôtel avec spa,https://www.google.com/maps/place/Domaine+La+Baronne+%2F+Les+Vergers+de+Notre+Dame/data=!4m10!3m9!1s0x12ac27808c805cd5:0x37e76a59f9861c7a!5m2!4m1!1i2!8m2!3d43.780171!4d1.639953!16s%2Fg%2F1tgv9stf!19sChIJ1VyAjIAnrBIRehyG-Vlq5zc?authuser=0&hl=fr&rclk=1
Hôtel la Rivière,3.8,,Hôtel la Rivière,,Bessuéjouls+France,Hôtel avec spa,https://www.google.com/maps/place/H%C3%B4tel+la+Rivi%C3%A8re/data=!4m10!3m9!1s0x12b298ee7d6b5477:0xd4d1690e5cadb65d!5m2!4m1!1i2!8m2!3d44.6492849!4d2.5676686!16s%2Fg%2F1tgkqvf1!19sChIJd1Rrfe6YshIRXbatXA5p0dQ?authuser=0&hl=fr&rclk=1
Château de Saint Germain du Plain,5.0,,Château de Saint Germain du Plain,,Mervans+France,Hôtel avec spa,https://www.google.com/maps/place/Ch%C3%A2teau+de+Saint+Germain+du+Plain/data=!4m10!3m9!1s0x47f31e30c777c7cf:0x2031d86377f8d268!5m2!4m1!1i2!8m2!3d46.7024075!4d4.9809926!16s%2Fg%2F1v8gbc3h!19sChIJz8d3xzAe80cRaNL4d2PYMSA?authuser=0&hl=fr&rclk=1
Le Moulin d'Hauterive,4.6,,Le Moulin d'Hauterive,,Mervans+France,Hôtel avec spa,https://www.google.com/maps/place/Le+Moulin+d%27Hauterive/data=!4m10!3m9!1s0x47f2ebf91a69fe95:0x8041940a8c766a33!5m2!4m1!1i2!8m2!3d46.9565658!4d4.9936213!16s%2Fg%2F1tq8hx4x!19sChIJlf5pGvnr8kcRM2p2jAqUQYA?authuser=0&hl=fr&rclk=1
AKA LoveRoom TOULOUSE / ALBI,4.7,,SponsoriséPar Booking.com,,Escalquens+France,Hôtel avec spa,https://www.google.com/maps/place/AKA+LoveRoom+TOULOUSE+%2F+ALBI/data=!4m10!3m9!1s0x12ae874fdcfcfb39:0x32fd6e40c9974066!5m2!4m1!1i2!8m2!3d43.691558!4d1.821594!16s%2Fg%2F11y5_rrfyc!19sChIJOfv83E-HrhIRZkCXyUBu_TI?authuser=0&hl=fr&rclk=1
Hôtel de la Tabletterie,4.7,,SponsoriséPar Booking.com,,Méru+France,Hôtel avec spa,https://www.google.com/maps/place/H%C3%B4tel+de+la+Tabletterie/data=!4m10!3m9!1s0x47e6563b644634af:0x1cb2f628c3576395!5m2!4m1!1i2!8m2!3d49.23861!4d2.139511!16s%2Fg%2F11d_vbbzdf!19sChIJrzRGZDtW5kcRlWNXwyj2shw?authuser=0&hl=fr&rclk=1
Château La Servayrie,4.5,,Château La Servayrie,,Bessuéjouls+France,Hôtel avec spa,https://www.google.com/maps/place/Ch%C3%A2teau+La+Servayrie/data=!4m10!3m9!1s0x12b28333dc6c4011:0x876e406bfec392b!5m2!4m1!1i2!8m2!3d44.5187214!4d2.5134383!16s%2Fg%2F12bfg5wdc!19sChIJEUBs3DODshIRKznsvwbkdgg?authuser=0&hl=fr&rclk=1
L'Escale,4.7,,L'Escale,,Mervans+France,Hôtel avec spa,https://www.google.com/maps/place/L%27Escale/data=!4m10!3m9!1s0x47f2e8f5948fffff:0xa63075450804f3cd!5m2!4m1!1i2!8m2!3d46.8934866!4d5.0233744!16s%2Fg%2F11s5tl7hd2!19sChIJ__-PlPXo8kcRzfMECEV1MKY?authuser=0&hl=fr&rclk=1
Ô Saveur de l'Instant,4.9,,Ô Saveur de l'Instant,,Mervans+France,Hôtel avec spa,https://www.google.com/maps/place/%C3%94+Saveur+de+l%27Instant/data=!4m10!3m9!1s0x47f2d620aa519879:0x87ae10923969679d!5m2!4m1!1i2!8m2!3d46.7040266!4d5.2749215!16s%2Fg%2F1hhwjk1mk!19sChIJeZhRqiDW8kcRnWdpOZIQroc?authuser=0&hl=fr&rclk=1
"Le Clos des Vignes - Hôtel, Spa & Restaurant",4.5,,SponsoriséPar Expedia.fr,,Méru+France,Hôtel avec spa,"https://www.google.com/maps/place/Le+Clos+des+Vignes+-+H%C3%B4tel,+Spa+%26+Restaurant/data=!4m10!3m9!1s0x47e6fa3b75c737e3:0x3a47f81646e7e936!5m2!4m1!1i2!8m2!3d49.211816!4d2.01979!16s%2Fg%2F1s04bt5_2!19sChIJ4zfHdTv65kcRNunnRhb4Rzo?authuser=0&hl=fr&rclk=1"
Château de Fiac Hôtel & Spa,4.9,,Château de Fiac Hôtel & Spa,,Escalquens+France,Hôtel avec spa,https://www.google.com/maps/place/Ch%C3%A2teau+de+Fiac+H%C3%B4tel+%26+Spa/data=!4m10!3m9!1s0x12ae7fdce359e44f:0xdb559da243e8126a!5m2!4m1!1i2!8m2!3d43.7023353!4d1.9048073!16s%2Fg%2F11q3rz7mht!19sChIJT-RZ49x_rhIRahLoQ6KdVds?authuser=0&hl=fr&rclk=1
Les Bulles du Gourg,4.7,,Les Bulles du Gourg,,Bessuéjouls+France,Hôtel avec spa,https://www.google.com/maps/place/Les+Bulles+du+Gourg/data=!4m10!3m9!1s0x12b2f1be7a9a52d9:0xa5779349d83e4b8f!5m2!4m1!1i2!8m2!3d44.507745!4d2.863332!16s%2Fg%2F11l1dk4ddr!19sChIJ2VKaer7xshIRj0s-2EmTd6U?authuser=0&hl=fr&rclk=1
Le Petit Sondebois,5.0,,Le Petit Sondebois,,Mervans+France,Hôtel avec spa,https://www.google.com/maps/place/Le+Petit+Sondebois/data=!4m10!3m9!1s0x47f2ede76be69147:0x7591e3e8a2ab19b8!5m2!4m1!1i2!8m2!3d46.9529673!4d4.9568746!16s%2Fg%2F11jg79vc0l!19sChIJR5Hma-ft8kcRuBmroujjkXU?authuser=0&hl=fr&rclk=1
Hôtel de la Tabletterie,4.7,,Hôtel de la Tabletterie,,Méru+France,Hôtel avec spa,https://www.google.com/maps/place/H%C3%B4tel+de+la+Tabletterie/data=!4m10!3m9!1s0x47e6563b5cc069c1:0x1cb2f628c3576395!5m2!4m1!1i2!8m2!3d49.2386099!4d2.1395113!16s%2Fg%2F11d_vbbzdf!19sChIJwWnAXDtW5kcRlWNXwyj2shw?authuser=0&hl=fr&rclk=1
Le Relais De Laguiole Hôtel & Spa,4.6,,Le Relais De Laguiole Hôtel & Spa,,Bessuéjouls+France,Hôtel avec spa,https://www.google.com/maps/place/Le+Relais+De+Laguiole+H%C3%B4tel+%26+Spa/data=!4m10!3m9!1s0x12b2c1f336639283:0xa48e3679263c78aa!5m2!4m1!1i2!8m2!3d44.6837212!4d2.8512184!16s%2Fg%2F1tf8w4qs!19sChIJg5JjNvPBshIRqng8Jnk2jqQ?authuser=0&hl=fr&rclk=1
La Cour des Consuls Hotel & Spa Toulouse,4.4,,La Cour des Consuls Hotel & Spa Toulouse,,Escalquens+France,Hôtel avec spa,https://www.google.com/maps/place/La+Cour+des+Consuls+Hotel+%26+Spa+Toulouse/data=!4m10!3m9!1s0x12aebb7d3217e32d:0xef44443391fc475f!5m2!4m1!1i2!8m2!3d43.5994493!4d1.4416423!16s%2Fg%2F11btxhwxhw!19sChIJLeMXMn27rhIRX0f8kTNERO8?authuser=0&hl=fr&rclk=1
"Le Clos des Vignes - Hôtel, Spa & Restaurant",4.5,,"Le Clos des Vignes - Hôtel, Spa & Restaurant",,Méru+France,Hôtel avec spa,"https://www.google.com/maps/place/Le+Clos+des+Vignes+-+H%C3%B4tel,+Spa+%26+Restaurant/data=!4m10!3m9!1s0x47e6fa3b0aec0d03:0x3a47f81646e7e936!5m2!4m1!1i2!8m2!3d49.2118165!4d2.0197904!16s%2Fg%2F1s04bt5_2!19sChIJAw3sCjv65kcRNunnRhb4Rzo?authuser=0&hl=fr&rclk=1"
La Maison au toit vert,4.9,,La Maison au toit vert,,Bessuéjouls+France,Hôtel avec spa,https://www.google.com/maps/place/La+Maison+au+toit+vert/data=!4m10!3m9!1s0x12b2938314998f85:0xfcb614d7de3105a0!5m2!4m1!1i2!8m2!3d44.525037!4d2.7644316!16s%2Fg%2F11xf073gq9!19sChIJhY-ZFIOTshIRoAUx3tcUtvw?authuser=0&hl=fr&rclk=1
"L'Insolite Spa Privatif : Love Room avec spa privatif, Love hôtel, séjour ou week-end romantique, à Toulouse et Albi",4.6,,"L'Insolite Spa Privatif : Love Room avec spa privatif, Love hôtel, séjour ou week-end romantique, à Toulouse et Albi",,Escalquens+France,Hôtel avec spa,"https://www.google.com/maps/place/L%27Insolite+Spa+Privatif+:+Love+Room+avec+spa+privatif,+Love+h%C3%B4tel,+s%C3%A9jour+ou+week-end+romantique,+%C3%A0+Toulouse+et+Albi/data=!4m10!3m9!1s0x12aea32d341ebd7f:0x978c886ed135346b!5m2!4m1!1i2!8m2!3d43.6480805!4d1.448623!16s%2Fg%2F11tnk4yd_d!19sChIJf70eNC2jrhIRazQ10W6IjJc?authuser=0&hl=fr&rclk=1"
Les Terrasses de Labade,4.9,,Les Terrasses de Labade,,Bessuéjouls+France,Hôtel avec spa,https://www.google.com/maps/place/Les+Terrasses+de+Labade/data=!4m10!3m9!1s0x12b29256e25c8b09:0x296d08dd8536b8c1!5m2!4m1!1i2!8m2!3d44.5484406!4d2.7344663!16s%2Fg%2F11b61qttsl!19sChIJCYtc4laSshIRwbg2hd0IbSk?authuser=0&hl=fr&rclk=1
Le Palladia,4.0,,Le Palladia,,Escalquens+France,Hôtel avec spa,https://www.google.com/maps/place/Le+Palladia/data=!4m10!3m9!1s0x12aebae139c4524b:0xf95780b09b8ee56d!5m2!4m1!1i2!8m2!3d43.6053379!4d1.4004292!16s%2Fg%2F1td2pvfl!19sChIJS1LEOeG6rhIRbeWOm7CAV_k?authuser=0&hl=fr&rclk=1
"Hôtel Les Monts d'Amara. Eco-Gite, Eco Lodge en Aveyron, Jacuzzi. Accueil pèlerins GR65.",4.8,,"Hôtel Les Monts d'Amara. Eco-Gite, Eco Lodge en Aveyron, Jacuzzi. Accueil pèlerins GR65.",,Bessuéjouls+France,Hôtel avec spa,"https://www.google.com/maps/place/H%C3%B4tel+Les+Monts+d%27Amara.+Eco-Gite,+Eco+Lodge+en+Aveyron,+Jacuzzi.+Accueil+p%C3%A8lerins+GR65./data=!4m10!3m9!1s0x12b29aee7aefcc0d:0xea9f15696eb6fc9f!5m2!4m1!1i2!8m2!3d44.5471484!4d2.5918945!16s%2Fg%2F11vyxq0y2q!19sChIJDczveu6ashIRn_y2bmkVn-o?authuser=0&hl=fr&rclk=1"
SEVENLINE Aparthotel - Work & Spa,4.7,,SEVENLINE Aparthotel - Work & Spa,,Escalquens+France,Hôtel avec spa,https://www.google.com/maps/place/SEVENLINE+Aparthotel+-+Work+%26+Spa/data=!4m10!3m9!1s0x12aebb4e7ee2dbfb:0xc073e05ac8b7498!5m2!4m1!1i2!8m2!3d43.6078194!4d1.40042!16s%2Fg%2F11lnnpnmqw!19sChIJ-9vifk67rhIRmHSLrAU-Bww?authuser=0&hl=fr&rclk=1
Château de Labro,4.5,,Château de Labro,,Bessuéjouls+France,Hôtel avec spa,https://www.google.com/maps/place/Ch%C3%A2teau+de+Labro/data=!4m10!3m9!1s0x12b28731a6f374eb:0x461ca8028cc6124!5m2!4m1!1i2!8m2!3d44.397436!4d2.546334!16s%2Fg%2F1vttzt1q!19sChIJ63TzpjGHshIRJGHMKIDKYQQ?authuser=0&hl=fr&rclk=1
L'Hotan,4.3,,L'Hotan,,Escalquens+France,Hôtel avec spa,https://www.google.com/maps/place/L%27Hotan/data=!4m10!3m9!1s0x12aeb9702fc738b9:0x8e2e4d313ee52824!5m2!4m1!1i2!8m2!3d43.5405293!4d1.413061!16s%2Fg%2F1tljnqmg!19sChIJuTjHL3C5rhIRJCjlPjFNLo4?authuser=0&hl=fr&rclk=1
B&B Manoir de la Fabrègues - Chambres d'hôtes & gîte,4.4,,B&B Manoir de la Fabrègues - Chambres d'hôtes & gîte,,Bessuéjouls+France,Hôtel avec spa,https://www.google.com/maps/place/B%26B+Manoir+de+la+Fabr%C3%A8gues+-+Chambres+d%27h%C3%B4tes+%26+g%C3%AEte/data=!4m10!3m9!1s0x12b29188f37d45a5:0x303664a16c2921c0!5m2!4m1!1i2!8m2!3d44.544935!4d2.695073!16s%2Fg%2F1vx70mdm!19sChIJpUV984iRshIRwCEpbKFkNjA?authuser=0&hl=fr&rclk=1
Espace evasions love room,4.9,,Espace evasions love room,,Escalquens+France,Hôtel avec spa,https://www.google.com/maps/place/Espace+evasions+love+room/data=!4m10!3m9!1s0x12aebbb76a92c835:0x93137d75543aa74d!5m2!4m1!1i2!8m2!3d43.606495!4d1.3892393!16s%2Fg%2F11l5vlcj00!19sChIJNciSare7rhIRTac6VHV9E5M?authuser=0&hl=fr&rclk=1
Gites les lauzes,4.9,,Gites les lauzes,,Bessuéjouls+France,Hôtel avec spa,https://www.google.com/maps/place/Gites+les+lauzes/data=!4m10!3m9!1s0x12b293e6b2226209:0x27643f6f6fe7fa7e!5m2!4m1!1i2!8m2!3d44.52089!4d2.7576297!16s%2Fg%2F11vwmyg6sp!19sChIJCWIisuaTshIRfvrnb28_ZCc?authuser=0&hl=fr&rclk=1
Logis Hôtel Aux Berges de l'Aveyron,4.6,,Logis Hôtel Aux Berges de l'Aveyron,,Bessuéjouls+France,Hôtel avec spa,https://www.google.com/maps/place/Logis+H%C3%B4tel+Aux+Berges+de+l%27Aveyron/data=!4m10!3m9!1s0x12b2881dba5e90e9:0x857ba6e564bf7062!5m2!4m1!1i2!8m2!3d44.3705541!4d2.6317113!16s%2Fg%2F1vfhk0lv!19sChIJ6ZBeuh2IshIRYnC_ZOWme4U?authuser=0&hl=fr&rclk=1
"La Maison de Justine, maison d'hôtes de charme",5.0,,"La Maison de Justine, maison d'hôtes de charme",,Bessuéjouls+France,Hôtel avec spa,"https://www.google.com/maps/place/La+Maison+de+Justine,+maison+d%27h%C3%B4tes+de+charme/data=!4m10!3m9!1s0x12b29f00386d24e5:0x4e24a9710f5f685f!5m2!4m1!1i2!8m2!3d44.651485!4d2.52624!16s%2Fg%2F11w9j23ls8!19sChIJ5SRtOACfshIRX2hfD3GpJE4?authuser=0&hl=fr&rclk=1"
Résidence Goélia Les Gorges de la Truyère,4.3,,Résidence Goélia Les Gorges de la Truyère,,Bessuéjouls+France,Hôtel avec spa,https://www.google.com/maps/place/R%C3%A9sidence+Go%C3%A9lia+Les+Gorges+de+la+Truy%C3%A8re/data=!4m10!3m9!1s0x12b298e4df6d2c3d:0x4977529f1778e4c8!5m2!4m1!1i2!8m2!3d44.6408785!4d2.5677008!16s%2Fg%2F1td8dz1p!19sChIJPSxt3-SYshIRyOR4F59Sd0k?authuser=0&hl=fr&rclk=1
Holiday Inn Calais - Coquelles,4.2,,SponsoriséPar Booking.com,,Escalles+France,Hôtel avec spa,https://www.google.com/maps/place/Holiday+Inn+Calais+-+Coquelles/data=!4m10!3m9!1s0x47dc3eb9c8ff0859:0xf0cd811c3e929b9b!5m2!4m1!1i2!8m2!3d50.926657!4d1.798829!16s%2Fg%2F1hc5n_ztr!19sChIJWQj_yLk-3EcRm5uSPhyBzfA?authuser=0&hl=fr&rclk=1
Le Cap d'Opale,4.0,,SponsoriséPar Booking.com,,Escalles+France,Hôtel avec spa,https://www.google.com/maps/place/Le+Cap+d%27Opale/data=!4m10!3m9!1s0x47dc2f6ae3049c2f:0x49d45c90dc87816d!5m2!4m1!1i2!8m2!3d50.815592!4d1.608348!16s%2Fg%2F12cntvsvw!19sChIJL5wE42ov3EcRbYGH3JBc1Ek?authuser=0&hl=fr&rclk=1
Holiday Inn Calais - Coquelles,4.2,,Holiday Inn Calais - Coquelles,,Escalles+France,Hôtel avec spa,https://www.google.com/maps/place/Holiday+Inn+Calais+-+Coquelles/data=!4m10!3m9!1s0x47dc3e9578cde7b1:0xf0cd811c3e929b9b!5m2!4m1!1i2!8m2!3d50.9266567!4d1.7988291!16s%2Fg%2F1hc5n_ztr!19sChIJsefNeJU-3EcRm5uSPhyBzfA?authuser=0&hl=fr&rclk=1
le Prieuré des Sources - le Spa Arcy sur Cure,4.8,,le Prieuré des Sources - le Spa Arcy sur Cure,,Bessy-sur-Cure+France,Centre thermal,https://www.google.com/maps/place/le+Prieur%C3%A9+des+Sources+-+le+Spa+Arcy+sur+Cure/data=!4m7!3m6!1s0x47ee161f2f20791d:0x6c6ac32dca27401e!8m2!3d47.6056147!4d3.7579867!16s%2Fg%2F11clr_ltwd!19sChIJHXkgLx8W7kcRHkAnyi3Damw?authuser=0&hl=fr&rclk=1
Hôtel l'Escale - Piscine & SPA - Cap Blanc Nez,4.6,,Hôtel l'Escale - Piscine & SPA - Cap Blanc Nez,,Escalles+France,Hôtel avec spa,https://www.google.com/maps/place/H%C3%B4tel+l%27Escale+-+Piscine+%26+SPA+-+Cap+Blanc+Nez/data=!4m10!3m9!1s0x47dc3c9ddc5b6f4b:0x5d742ac695a87d6!5m2!4m1!1i2!8m2!3d50.9179839!4d1.7131372!16s%2Fg%2F1tvm20n0!19sChIJS29b3J083EcR1odaaaxC1wU?authuser=0&hl=fr&rclk=1
Plan d'eau de Bessy sur Cure,4.8,,Plan d'eau de Bessy sur Cure,,Bessy-sur-Cure+France,Centre thermal,https://www.google.com/maps/place/Plan+d%27eau+de+Bessy+sur+Cure/data=!4m7!3m6!1s0x47ee3d6eeec5fc89:0x4fad73081d701952!8m2!3d47.6223119!4d3.7429653!16s%2Fg%2F11jmywrvkq!19sChIJifzF7m497kcRUhlwHQhzrU8?authuser=0&hl=fr&rclk=1
La Maison Blanche Appart/hôtel & Spa,4.4,,La Maison Blanche Appart/hôtel & Spa,,Escalles+France,Hôtel avec spa,https://www.google.com/maps/place/La+Maison+Blanche+Appart%2Fh%C3%B4tel+%26+Spa/data=!4m10!3m9!1s0x47dc3e580cfecb2f:0xeb6d88bca340467f!5m2!4m1!1i2!8m2!3d50.9432773!4d1.7441686!16s%2Fg%2F1thlmbt7!19sChIJL8v-DFg-3EcRf0ZAo7yIbes?authuser=0&hl=fr&rclk=1
Pasithéa Loft Spa Privatif,4.9,,Pasithéa Loft Spa Privatif,,Escalles+France,Hôtel avec spa,https://www.google.com/maps/place/Pasith%C3%A9a+Loft+Spa+Privatif/data=!4m10!3m9!1s0x47dc3fb946a02e39:0x9482ae28449b5a10!5m2!4m1!1i2!8m2!3d50.9568758!4d1.849013!16s%2Fg%2F11rq64yl79!19sChIJOS6gRrk_3EcREFqbRCiugpQ?authuser=0&hl=fr&rclk=1
"Maison d'hôtes Ferme ""les Flaquettes""",4.8,,"Maison d'hôtes Ferme ""les Flaquettes""",,Escalles+France,Hôtel avec spa,https://www.google.com/maps/place/Maison+d%27h%C3%B4tes+Ferme+%22les+Flaquettes%22/data=!4m10!3m9!1s0x47dc38488e8728fd:0xb14cf0d1e2adf0e4!5m2!4m1!1i2!8m2!3d50.8555836!4d1.8323185!16s%2Fg%2F11c5cnf81_!19sChIJ_SiHjkg43EcR5PCt4tHwTLE?authuser=0&hl=fr&rclk=1
Natur'Zoo De Mervent,4.4,,Natur'Zoo De Mervent,,Mervent+France,Centre thermal,https://www.google.com/maps/place/Natur%27Zoo+De+Mervent/data=!4m7!3m6!1s0x4806dd86701a5f7b:0xb40ce3128e3f260d!8m2!3d46.5110117!4d-0.7449922!16s%2Fg%2F1237k4gf!19sChIJe18acIbdBkgRDSY_jhLjDLQ?authuser=0&hl=fr&rclk=1
Base de Loisirs de Mervent,4.4,,Base de Loisirs de Mervent,,Mervent+France,Centre thermal,https://www.google.com/maps/place/Base+de+Loisirs+de+Mervent/data=!4m7!3m6!1s0x4806e77921fc490b:0x758d4a3ba7752231!8m2!3d46.5189933!4d-0.7521442!16s%2Fg%2F1tjdfkz4!19sChIJC0n8IXnnBkgRMSJ1pztKjXU?authuser=0&hl=fr&rclk=1
Parc de Pierre Brune,4.1,,Parc de Pierre Brune,,Mervent+France,Centre thermal,https://www.google.com/maps/place/Parc+de+Pierre+Brune/data=!4m7!3m6!1s0x4806e7c7de98aa81:0x973606ed0ba7ce3d!8m2!3d46.5436815!4d-0.777642!16s%2Fg%2F1txnnvh1!19sChIJgaqY3sfnBkgRPc6nC-0GNpc?authuser=0&hl=fr&rclk=1
"Valdys Resort Saint Jean De Monts - Hôtel, Thalasso & Spa",3.9,,"Valdys Resort Saint Jean De Monts - Hôtel, Thalasso & Spa",,Mervent+France,Centre thermal,"https://www.google.com/maps/place/Valdys+Resort+Saint+Jean+De+Monts+-+H%C3%B4tel,+Thalasso+%26+Spa/data=!4m10!3m9!1s0x4804fd710c6fbb9f:0xcceedb3457482e68!5m2!4m1!1i2!8m2!3d46.793082!4d-2.084956!16s%2Fg%2F1ttp9p5_!19sChIJn7tvDHH9BEgRaC5IVzTb7sw?authuser=0&hl=fr&rclk=1"
Camping La Joletiere,4.2,,Camping La Joletiere,,Mervent+France,Centre thermal,https://www.google.com/maps/place/Camping+La+Joletiere/data=!4m10!3m9!1s0x4806e7832c60ed31:0x50bfc83e01d584e8!5m2!4m1!1i2!8m2!3d46.5214408!4d-0.7691224!16s%2Fg%2F1tvrz2x0!19sChIJMe1gLIPnBkgR6ITVAT7Iv1A?authuser=0&hl=fr&rclk=1
Camping de la Jamonière,4.1,,Camping de la Jamonière,,Mervent+France,Centre thermal,https://www.google.com/maps/place/Camping+de+la+Jamoni%C3%A8re/data=!4m10!3m9!1s0x4806e73faa2891c9:0x9446fbf7d12eed92!5m2!4m1!1i2!8m2!3d46.5348979!4d-0.7334848!16s%2Fg%2F1vqmhrfm!19sChIJyZEoqj_nBkgRku0u0ff7RpQ?authuser=0&hl=fr&rclk=1
La Joletière,4.6,,La Joletière,,Mervent+France,Centre thermal,https://www.google.com/maps/place/La+Joleti%C3%A8re/data=!4m7!3m6!1s0x4806e76c5194dfc3:0x78deb64e06da184a!8m2!3d46.5212881!4d-0.771933!16s%2Fg%2F11h9__8ggw!19sChIJw9-UUWznBkgRShjaBk623ng?authuser=0&hl=fr&rclk=1
Thermes du Mont Dore,4.5,,Thermes du Mont Dore,,Saint-Germain-près-Herment+France,Centre thermal,https://www.google.com/maps/place/Thermes+du+Mont+Dore/data=!4m7!3m6!1s0x47f77565c66fbc49:0x43a137b1cb0e20bc!8m2!3d45.5739565!4d2.8108467!16s%2Fg%2F11bzq3vk_y!19sChIJSbxvxmV190cRvCAOy7E3oUM?authuser=0&hl=fr&rclk=1
Aïga Resort Thermal & Spa,3.7,,Aïga Resort Thermal & Spa,,Saint-Germain-près-Herment+France,Centre thermal,https://www.google.com/maps/place/A%C3%AFga+Resort+Thermal+%26+Spa/data=!4m10!3m9!1s0x47f723283313e07b:0xa0214dd5e4f504c8!5m2!4m1!1i2!8m2!3d45.9220234!4d3.0639469!16s%2Fg%2F11jr2xc2b1!19sChIJe-ATMygj90cRyAT15NVNIaA?authuser=0&hl=fr&rclk=1
Thermes de Royat,4.3,,Thermes de Royat,,Saint-Germain-près-Herment+France,Centre thermal,https://www.google.com/maps/place/Thermes+de+Royat/data=!4m7!3m6!1s0x47f71a49c24c6dab:0x301aeaa73a747a8e!8m2!3d45.7677355!4d3.0567909!16s%2Fg%2F1tgpmcqb!19sChIJq21Mwkka90cRjnp0OqfqGjA?authuser=0&hl=fr&rclk=1
Thermes de Montrond-les-Bains,4.3,,Thermes de Montrond-les-Bains,,Saint-Germain-Lespinasse+France,Centre thermal,https://www.google.com/maps/place/Thermes+de+Montrond-les-Bains/data=!4m7!3m6!1s0x47f448ddda90931b:0x5c037676244ae97a!8m2!3d45.6409914!4d4.2363591!16s%2Fg%2F11c5845rq7!19sChIJG5OQ2t1I9EcReulKJHZ2A1w?authuser=0&hl=fr&rclk=1
Thermes de Cambo-les-Bains,4.5,,Thermes de Cambo-les-Bains,,Saint-Germain-près-Herment+France,Centre thermal,https://www.google.com/maps/place/Thermes+de+Cambo-les-Bains/data=!4m7!3m6!1s0xd513a54ea1828dd:0xa3f3e8da5cddbf6!8m2!3d43.3546709!4d-1.3876673!16s%2Fg%2F1td1l9mm!19sChIJ3SgY6lQ6UQ0R9tvNpY0-Pwo?authuser=0&hl=fr&rclk=1
ValVital - Thermes & Spa Santenay,3.7,,ValVital - Thermes & Spa Santenay,,Mervans+France,Centre thermal,https://www.google.com/maps/place/ValVital+-+Thermes+%26+Spa+Santenay/data=!4m7!3m6!1s0x47f259c69a8f9769:0x6ad19b3443b8d0ca!8m2!3d46.907074!4d4.687607!16s%2Fg%2F11q24htp11!19sChIJaZePmsZZ8kcRytC4QzSb0Wo?authuser=0&hl=fr&rclk=1
Cabane & Spa - Cyprès si haut,4.9,,Cabane & Spa - Cyprès si haut,,Saint-Germain-les-Vergnes+France,Hôtel avec spa,https://www.google.com/maps/place/Cabane+%26+Spa+-+Cypr%C3%A8s+si+haut/data=!4m10!3m9!1s0x47f893073da24583:0x1c77fd8f1f41bed2!5m2!4m1!1i2!8m2!3d45.2865295!4d1.6530073!16s%2Fg%2F11b73kbwkz!19sChIJg0WiPQeT-EcR0r5BH4_9dxw?authuser=0&hl=fr&rclk=1
Thermes de Salies du Salat,4.2,,Thermes de Salies du Salat,,Escalquens+France,Centre thermal,https://www.google.com/maps/place/Thermes+de+Salies+du+Salat/data=!4m7!3m6!1s0x12a8de9a3584ba71:0xe334c5756d223c3a!8m2!3d43.1007807!4d0.9562864!16s%2Fg%2F11b6df9tg5!19sChIJcbqENZreqBIROjwibXXFNOM?authuser=0&hl=fr&rclk=1
Centre Thermal de Bagnols-les-Bains,4.3,,Centre Thermal de Bagnols-les-Bains,,Bessuéjouls+France,Centre thermal,https://www.google.com/maps/place/Centre+Thermal+de+Bagnols-les-Bains/data=!4m7!3m6!1s0x12b3635933cc87af:0x90d637e6deb0e9c1!8m2!3d44.50441!4d3.666611!16s%2Fg%2F1tht3v0d!19sChIJr4fMM1ljsxIRwemw3uY31pA?authuser=0&hl=fr&rclk=1
Thermes de Bourbon-Lancy,4.5,,Thermes de Bourbon-Lancy,,Saint-Germain-Lespinasse+France,Centre thermal,https://www.google.com/maps/place/Thermes+de+Bourbon-Lancy/data=!4m7!3m6!1s0x47f1703b54b3e551:0x11e87f69086ab4ba!8m2!3d46.6181161!4d3.7696314!16s%2Fg%2F1tfq_rvl!19sChIJUeWzVDtw8UcRurRqCGl_6BE?authuser=0&hl=fr&rclk=1
Les Grands Thermes,4.4,,Les Grands Thermes,,Saint-Germain-près-Herment+France,Centre thermal,https://www.google.com/maps/place/Les+Grands+Thermes/data=!4m7!3m6!1s0x47f7230918ccf663:0xfcc061118607a983!8m2!3d45.9192712!4d3.0634153!16s%2Fg%2F11rzrxfml6!19sChIJY_bMGAkj90cRg6kHhhFhwPw?authuser=0&hl=fr&rclk=1
Therma Salina,4.0,,Therma Salina,,Mervans+France,Centre thermal,https://www.google.com/maps/place/Therma+Salina/data=!4m7!3m6!1s0x478d1464e3cd6d8f:0xc19174ba1f151cb2!8m2!3d46.9449034!4d5.8797025!16s%2Fg%2F1203ntf_8!19sChIJj23N42QUjUcRshwVH7p0kcE?authuser=0&hl=fr&rclk=1
Gîte Le Chambougeal,4.8,,Gîte Le Chambougeal,,Saint-Germain-les-Vergnes+France,Hôtel avec spa,https://www.google.com/maps/place/G%C3%AEte+Le+Chambougeal/data=!4m10!3m9!1s0x47f8ed56512e1b21:0x1a15ce60e57ff52a!5m2!4m1!1i2!8m2!3d45.3360958!4d1.6554056!16s%2Fg%2F11sr7gf3cv!19sChIJIRsuUVbt-EcRKvV_5WDOFRo?authuser=0&hl=fr&rclk=1
Les Bains du Couloubret,4.2,,Les Bains du Couloubret,,Escalquens+France,Centre thermal,https://www.google.com/maps/place/Les+Bains+du+Couloubret/data=!4m7!3m6!1s0x12af9d64dbaa51d3:0x6693a24cbdd595e7!8m2!3d42.7212912!4d1.8392512!16s%2Fg%2F1tk40hm0!19sChIJ01Gq22SdrxIR55XVvUyik2Y?authuser=0&hl=fr&rclk=1
Thermes d'Ussat-les-Bains,4.5,,Thermes d'Ussat-les-Bains,,Escalquens+France,Centre thermal,https://www.google.com/maps/place/Thermes+d%27Ussat-les-Bains/data=!4m7!3m6!1s0x12af6cf05e078671:0x1702ba0ea54bf78b!8m2!3d42.8221208!4d1.6233741!16s%2Fg%2F11b6d4cnn0!19sChIJcYYHXvBsrxIRi_dLpQ66Ahc?authuser=0&hl=fr&rclk=1
Haut Charmes de Cornil,4.9,,Haut Charmes de Cornil,,Saint-Germain-les-Vergnes+France,Hôtel avec spa,https://www.google.com/maps/place/Haut+Charmes+de+Cornil/data=!4m10!3m9!1s0x47f88ff1bfe401d3:0x864df320842b5f86!5m2!4m1!1i2!8m2!3d45.2100036!4d1.691517!16s%2Fg%2F11w3vp1zqh!19sChIJ0wHkv_GP-EcRhl8rhCDzTYY?authuser=0&hl=fr&rclk=1
Thermes de Cransac,4.6,,Thermes de Cransac,,Bessuéjouls+France,Centre thermal,https://www.google.com/maps/place/Thermes+de+Cransac/data=!4m7!3m6!1s0x12ad7a600548e54f:0x5b8458629e85474b!8m2!3d44.5293152!4d2.275503!16s%2Fg%2F1thzx400!19sChIJT-VIBWB6rRIRS0eFnmJYhFs?authuser=0&hl=fr&rclk=1
Decathlon Toulouse Escalquens,4.3,,Decathlon Toulouse Escalquens,,Escalquens+France,Centre thermal,https://www.google.com/maps/place/Decathlon+Toulouse+Escalquens/data=!4m7!3m6!1s0x12ae959b86e952d7:0xa3a95d36220a4ede!8m2!3d43.5179662!4d1.5337896!16s%2Fg%2F1wgfm5lm!19sChIJ11LphpuVrhIR3k4KIjZdqaM?authuser=0&hl=fr&rclk=1
Ô Beleza,4.9,,Ô Beleza,,Méru+France,Centre thermal,https://www.google.com/maps/place/%C3%94+Beleza/data=!4m7!3m6!1s0x47e65770e4e0c193:0x6f082dc89b96afdb!8m2!3d49.2329171!4d2.1313446!16s%2Fg%2F11xrn4p7yl!19sChIJk8Hg5HBX5kcR26-Wm8gtCG8?authuser=0&hl=fr&rclk=1
Station thermale La Chaldette,4.3,,Station thermale La Chaldette,,Bessuéjouls+France,Centre thermal,https://www.google.com/maps/place/Station+thermale+La+Chaldette/data=!4m7!3m6!1s0x12b2d9a8ac0ab745:0x3f01413553cc168a!8m2!3d44.7720195!4d3.0433149!16s%2Fg%2F1tkp1vx_!19sChIJRbcKrKjZshIRihbMUzVBAT8?authuser=0&hl=fr&rclk=1
Logis Hôtel Brunel le Rocher Blanc,4.3,,SponsoriséPar Booking.com,,Les Bessons+France,Hôtel avec spa,https://www.google.com/maps/place/Logis+H%C3%B4tel+Brunel+le+Rocher+Blanc/data=!4m10!3m9!1s0x12b32de2e7a2c7a3:0x42b42798a86f1e14!5m2!4m1!1i2!8m2!3d44.881173!4d3.246965!16s%2Fg%2F1tds3wx8!19sChIJo8ei5-ItsxIRFB5vqJgntEI?authuser=0&hl=fr&rclk=1
La Grange de Clémence - Chambres d'Hôtes,4.6,,La Grange de Clémence - Chambres d'Hôtes,,Saint-Germain-les-Vergnes+France,Hôtel avec spa,https://www.google.com/maps/place/La+Grange+de+Cl%C3%A9mence+-+Chambres+d%27H%C3%B4tes/data=!4m10!3m9!1s0x47f8968791e9aab9:0xb54f0813ffac7fb9!5m2!4m1!1i2!8m2!3d45.207023!4d1.573942!16s%2Fg%2F11byl20_zp!19sChIJuarpkYeW-EcRuX-s_xMIT7U?authuser=0&hl=fr&rclk=1
Centre aquatique Aquoise (Sport et loisirs),3.7,,Centre aquatique Aquoise (Sport et loisirs),,Méru+France,Centre thermal,https://www.google.com/maps/place/Centre+aquatique+Aquoise+%28Sport+et+loisirs%29/data=!4m7!3m6!1s0x47e6563983796b7b:0xcc2103ce44b3f44c!8m2!3d49.2368049!4d2.1421444!16s%2Fg%2F1hc3j6fm3!19sChIJe2t5gzlW5kcRTPSzRM4DIcw?authuser=0&hl=fr&rclk=1
Brit Hotel du Ban,3.8,,Brit Hotel du Ban,,Les Bessons+France,Hôtel avec spa,https://www.google.com/maps/place/Brit+Hotel+du+Ban/data=!4m10!3m9!1s0x12b2d126d6805999:0x6cfe9de4f0cc0a69!5m2!4m1!1i2!8m2!3d44.8512954!4d3.0033106!16s%2Fg%2F1tfk_htb!19sChIJmVmA1ibRshIRaQrM8OSd_mw?authuser=0&hl=fr&rclk=1
Église Saint-Pierre de Bessuéjouls,4.7,146,Église Saint-Pierre de Bessuéjouls,,Bessuéjouls+France,Centre thermal,https://www.google.com/maps/place/%C3%89glise+Saint-Pierre+de+Bessu%C3%A9jouls/data=!4m7!3m6!1s0x12b2927ac4de1779:0x4f65de7e5da543ff!8m2!3d44.5263543!4d2.7300336!16s%2Fg%2F122bg0xy!19sChIJeRfexHqSshIR_0OlXX7eZU8?authuser=0&hl=fr&rclk=1
Chaine Thermale du Soleil,3.5,,Chaine Thermale du Soleil,,Méru+France,Centre thermal,https://www.google.com/maps/place/Chaine+Thermale+du+Soleil/data=!4m7!3m6!1s0x47e66e3066ae5ce3:0x405b21b1095dce3!8m2!3d48.8674247!4d2.3333415!16s%2Fg%2F1v6l6t5m!19sChIJ41yuZjBu5kcR49yVEBuyBQQ?authuser=0&hl=fr&rclk=1
La Clairiere Bio & Spa Hotel,4.2,,SponsoriséPar Booking.com,,Mertzwiller+France,Hôtel avec spa,https://www.google.com/maps/place/La+Clairiere+Bio+%26+Spa+Hotel/data=!4m10!3m9!1s0x479420fcd551d4ff:0x12fdf9c070cf0f29!5m2!4m1!1i2!8m2!3d48.858387!4d7.339133!16s%2Fg%2F1s04brvgm!19sChIJ_9RR1fwglEcRKQ_PcMD5_RI?authuser=0&hl=fr&rclk=1
Logis Hôtel et Spa Chez Camillou,4.6,,Logis Hôtel et Spa Chez Camillou,,Les Bessons+France,Hôtel avec spa,https://www.google.com/maps/place/Logis+H%C3%B4tel+et+Spa+Chez+Camillou/data=!4m10!3m9!1s0x12b33c9030d96623:0x80900fbdf1be90c8!5m2!4m1!1i2!8m2!3d44.7167729!4d3.2879218!16s%2Fg%2F1tdhv_8j!19sChIJI2bZMJA8sxIRyJC-8b0PkIA?authuser=0&hl=fr&rclk=1
Thermes de Lamalou-les-Bains,4.5,,Thermes de Lamalou-les-Bains,,Méru+France,Centre thermal,https://www.google.com/maps/place/Thermes+de+Lamalou-les-Bains/data=!4m7!3m6!1s0x12b182b4cd1b151d:0x5fcda8f5c979bcc!8m2!3d43.5936923!4d3.0804272!16s%2Fg%2F1xgc0r9c!19sChIJHRUbzbSCsRIRzJuXXI_a_AU?authuser=0&hl=fr&rclk=1
Hôtel les Granges de Bigose,4.7,,Hôtel les Granges de Bigose,,Les Bessons+France,Hôtel avec spa,https://www.google.com/maps/place/H%C3%B4tel+les+Granges+de+Bigose/data=!4m10!3m9!1s0x12b33bfd89c14199:0x5a530603ea697e31!5m2!4m1!1i2!8m2!3d44.7339821!4d3.3392775!16s%2Fg%2F1v9d4mps!19sChIJmUHBif07sxIRMX5p6gMGU1o?authuser=0&hl=fr&rclk=1
Hôtel du Parc Spa & Wellness,3.5,,SponsoriséPar Expedia.fr,,Mertzwiller+France,Hôtel avec spa,https://www.google.com/maps/place/H%C3%B4tel+du+Parc+Spa+%26+Wellness/data=!4m10!3m9!1s0x47968fdf0ff2f95b:0x6e9d7c2090ac6c41!5m2!4m1!1i2!8m2!3d48.952134!4d7.639397!16s%2Fg%2F1yfj43lzs!19sChIJW_nyD9-PlkcRQWyskCB8nW4?authuser=0&hl=fr&rclk=1
Musée de la Nacre et de la Tabletterie,4.6,,Musée de la Nacre et de la Tabletterie,,Méru+France,Centre thermal,https://www.google.com/maps/place/Mus%C3%A9e+de+la+Nacre+et+de+la+Tabletterie/data=!4m7!3m6!1s0x47e6563b4451c3f3:0xfe9cee22739a4f80!8m2!3d49.2384495!4d2.1384237!16s%2Fg%2F1236ymcc!19sChIJ88NRRDtW5kcRgE-acyLunP4?authuser=0&hl=fr&rclk=1
La Source des Sens - Hôtel SPA Restaurant,4.6,,La Source des Sens - Hôtel SPA Restaurant,,Mertzwiller+France,Hôtel avec spa,https://www.google.com/maps/place/La+Source+des+Sens+-+H%C3%B4tel+SPA+Restaurant/data=!4m10!3m9!1s0x4796927aeb08b6a9:0xed015f50bbe41b7b!5m2!4m1!1i2!8m2!3d48.9037383!4d7.7470247!16s%2Fg%2F1jkvx6mcw!19sChIJqbYI63qSlkcRexvku1BfAe0?authuser=0&hl=fr&rclk=1
Coin d'Aubrac,4.1,,Coin d'Aubrac,,Les Bessons+France,Hôtel avec spa,https://www.google.com/maps/place/Coin+d%27Aubrac/data=!4m10!3m9!1s0x12b2d1241fb603c9:0x3f63d042a50774e!5m2!4m1!1i2!8m2!3d44.8504193!4d3.0028991!16s%2Fg%2F1td8f7ww!19sChIJyQO2HyTRshIRTndQKgQ99gM?authuser=0&hl=fr&rclk=1
Thermes de Saint-Amand-les-Eaux,4.5,,Thermes de Saint-Amand-les-Eaux,,Méru+France,Centre thermal,https://www.google.com/maps/place/Thermes+de+Saint-Amand-les-Eaux/data=!4m7!3m6!1s0x47c2ef485f59edc9:0xd66761524581a802!8m2!3d50.4436677!4d3.4750132!16s%2Fg%2F11b6cfw8ph!19sChIJye1ZX0jvwkcRAqiBRVJhZ9Y?authuser=0&hl=fr&rclk=1
Gîtes et chambres d'hôtes ALTO BRACO,4.9,,Gîtes et chambres d'hôtes ALTO BRACO,,Les Bessons+France,Hôtel avec spa,https://www.google.com/maps/place/G%C3%AEtes+et+chambres+d%27h%C3%B4tes+ALTO+BRACO/data=!4m10!3m9!1s0x12b2df22be42bb6d:0x42640801fa351574!5m2!4m1!1i2!8m2!3d44.6617247!4d3.0476893!16s%2Fg%2F11sw17kjcw!19sChIJbbtCviLfshIRdBU1-gEIZEI?authuser=0&hl=fr&rclk=1
"Europe Haguenau - Hôtel, restaurant & Spa",4.2,,"Europe Haguenau - Hôtel, restaurant & Spa",,Mertzwiller+France,Hôtel avec spa,"https://www.google.com/maps/place/Europe+Haguenau+-+H%C3%B4tel,+restaurant+%26+Spa/data=!4m10!3m9!1s0x4796eacaf9201f0d:0x8f313e0c0ef7d0b4!5m2!4m1!1i2!8m2!3d48.8023654!4d7.7726656!16s%2Fg%2F1tdr73n3!19sChIJDR8g-crqlkcRtND3Dgw-MY8?authuser=0&hl=fr&rclk=1"
Hôtel de la Tabletterie,4.7,,Hôtel de la Tabletterie,,Méru+France,Centre thermal,https://www.google.com/maps/place/H%C3%B4tel+de+la+Tabletterie/data=!4m10!3m9!1s0x47e6563b5cc069c1:0x1cb2f628c3576395!5m2!4m1!1i2!8m2!3d49.2386099!4d2.1395113!16s%2Fg%2F11d_vbbzdf!19sChIJwWnAXDtW5kcRlWNXwyj2shw?authuser=0&hl=fr&rclk=1
Hôtel Restaurant Muller,4.4,,Hôtel Restaurant Muller,,Mertzwiller+France,Hôtel avec spa,https://www.google.com/maps/place/H%C3%B4tel+Restaurant+Muller/data=!4m10!3m9!1s0x47968fdf0be903e5:0x7ded84ee704324e1!5m2!4m1!1i2!8m2!3d48.952387!4d7.6351758!16s%2Fg%2F1tk6tvz9!19sChIJ5QPpC9-PlkcR4SRDcO6E7X0?authuser=0&hl=fr&rclk=1
La Colonie Aubrac,4.5,,La Colonie Aubrac,,Les Bessons+France,Hôtel avec spa,https://www.google.com/maps/place/La+Colonie+Aubrac/data=!4m10!3m9!1s0x12b2e6fc557c8afb:0x1a9f15f31bca5635!5m2!4m1!1i2!8m2!3d44.6216886!4d2.9850751!16s%2Fg%2F1tdhv_88!19sChIJ-4p8VfzmshIRNVbKG_MVnxo?authuser=0&hl=fr&rclk=1
Caleden - Complexe thermal et thermoludique de Chaudes-Aigues,3.9,,Caleden - Complexe thermal et thermoludique de Chaudes-Aigues,,Méru+France,Centre thermal,https://www.google.com/maps/place/Caleden+-+Complexe+thermal+et+thermoludique+de+Chaudes-Aigues/data=!4m7!3m6!1s0x12b2d126d6223a33:0x66429c0ec5170e7e!8m2!3d44.8509511!4d3.0029591!16s%2Fg%2F11bbrgf65m!19sChIJMzoi1ibRshIRfg4XxQ6cQmY?authuser=0&hl=fr&rclk=1
Hotel Wellness Majestic Niederbronn,3.4,,Hotel Wellness Majestic Niederbronn,,Mertzwiller+France,Hôtel avec spa,https://www.google.com/maps/place/Hotel+Wellness+Majestic+Niederbronn/data=!4m10!3m9!1s0x47968fd895c29c47:0xcea09099579e170e!5m2!4m1!1i2!8m2!3d48.9510095!4d7.6434832!16s%2Fg%2F1tg5ykxv!19sChIJR5zCldiPlkcRDheeV5mQoM4?authuser=0&hl=fr&rclk=1
Restaurant de l'hôtel de La Tabletterie,4.7,,Restaurant de l'hôtel de La Tabletterie,,Méru+France,Centre thermal,https://www.google.com/maps/place/Restaurant+de+l%27h%C3%B4tel+de+La+Tabletterie/data=!4m7!3m6!1s0x47e6563b5cc069c1:0x7900e469cc89c58a!8m2!3d49.2385405!4d2.139227!16s%2Fg%2F11fy54cs1v!19sChIJwWnAXDtW5kcRisWJzGnkAHk?authuser=0&hl=fr&rclk=1
Gite des deux châteaux,3.7,,Gite des deux châteaux,,Mertzwiller+France,Hôtel avec spa,https://www.google.com/maps/place/Gite+des+deux+ch%C3%A2teaux/data=!4m10!3m9!1s0x47968efb44aa12a1:0x48fa0bfffcd38928!5m2!4m1!1i2!8m2!3d48.9971572!4d7.6805887!16s%2Fg%2F11b73jz4zt!19sChIJoRKqRPuOlkcRKInT_P8L-kg?authuser=0&hl=fr&rclk=1
Secret Spa Chantilly institut massages hammam minceur anti âge,4.4,,Secret Spa Chantilly institut massages hammam minceur anti âge,,Méru+France,Centre thermal,https://www.google.com/maps/place/Secret+Spa+Chantilly+institut+massages+hammam+minceur+anti+%C3%A2ge/data=!4m7!3m6!1s0x47e6486cb55234bd:0x25868ea84d9678d!8m2!3d49.1909664!4d2.4630651!16s%2Fg%2F1th27py3!19sChIJvTRStWxI5kcRjWfZhOpoWAI?authuser=0&hl=fr&rclk=1
Office de Tourisme Vexin en Pays de Nacre,4.5,,Office de Tourisme Vexin en Pays de Nacre,,Méru+France,Centre thermal,https://www.google.com/maps/place/Office+de+Tourisme+Vexin+en+Pays+de+Nacre/data=!4m7!3m6!1s0x47e6563b4341ec1d:0xdf2d6b59157b9023!8m2!3d49.23845!4d2.1379828!16s%2Fg%2F1q69z32_x!19sChIJHexBQztW5kcRI5B7FVlrLd8?authuser=0&hl=fr&rclk=1
KORPUS SANTE,4.6,,KORPUS SANTE,,Méru+France,Centre thermal,https://www.google.com/maps/place/KORPUS+SANTE/data=!4m7!3m6!1s0x47e6688c6f530823:0x26bbc6e5c476d76c!8m2!3d48.9719357!4d2.305424!16s%2Fg%2F1tl7n05l!19sChIJIwhTb4xo5kcRbNd2xOXGuyY?authuser=0&hl=fr&rclk=1
Hammam Oriental,4.2,,Hammam Oriental,,Méru+France,Centre thermal,https://www.google.com/maps/place/Hammam+Oriental/data=!4m7!3m6!1s0x47e64a25c5c79f0d:0x862bb86f243f6d83!8m2!3d49.2434387!4d2.4713737!16s%2Fg%2F1tnbkfkz!19sChIJDZ_HxSVK5kcRg20_JG-4K4Y?authuser=0&hl=fr&rclk=1
El'beauté,5.0,,El'beauté,,Méru+France,Centre thermal,https://www.google.com/maps/place/El%27beaut%C3%A9/data=!4m7!3m6!1s0x47e6577aee9ade47:0x1392037954dd9abb!8m2!3d49.2323163!4d2.1295816!16s%2Fg%2F11j9cw4d82!19sChIJR96a7npX5kcRu5rdVHkDkhM?authuser=0&hl=fr&rclk=1
Parc aquatique Aqua Mundo - Center Parcs Domaine Les Bois-Francs,4.0,,Parc aquatique Aqua Mundo - Center Parcs Domaine Les Bois-Francs,,Escames+France,Parc aquatique,https://www.google.com/maps/place/Parc+aquatique+Aqua+Mundo+-+Center+Parcs+Domaine+Les+Bois-Francs/data=!4m7!3m6!1s0x47e17d43a8ed690d:0xf300cd76ca0653ec!8m2!3d48.728902!4d0.840066!16s%2Fg%2F11cnmwmkff!19sChIJDWntqEN94UcR7FMGynbNAPM?authuser=0&hl=fr&rclk=1
Aqua slide park,4.4,,Aqua slide park,,Escames+France,Parc aquatique,https://www.google.com/maps/place/Aqua+slide+park/data=!4m7!3m6!1s0x47e64978801ac977:0x27ac01f1cd194be5!8m2!3d49.2110331!4d2.4127098!16s%2Fg%2F11w3_m7x5w!19sChIJd8kagHhJ5kcR5UsZzfEBrCc?authuser=0&hl=fr&rclk=1
Aquaclub de Belle Dune,3.7,,Aquaclub de Belle Dune,,Escames+France,Parc aquatique,https://www.google.com/maps/place/Aquaclub+de+Belle+Dune/data=!4m7!3m6!1s0x47dde757c63161c9:0x1f3b423d2646af74!8m2!3d50.3307365!4d1.5662156!16s%2Fg%2F1wg5x8s0!19sChIJyWExxlfn3UcRdK9GJj1COx8?authuser=0&hl=fr&rclk=1
L'Escale Bien-Être & SPA,5.0,,L'Escale Bien-Être & SPA,,Escalles+France,Centre thermal,https://www.google.com/maps/place/L%27Escale+Bien-%C3%8Atre+%26+SPA/data=!4m7!3m6!1s0x47dc3d2897e33397:0xd0bdb4be45ddaa44!8m2!3d50.9179665!4d1.7131659!16s%2Fg%2F11ryzt1vr2!19sChIJlzPjlyg93EcRRKrdRb60vdA?authuser=0&hl=fr&rclk=1
Hôtel l'Escale - Piscine & SPA - Cap Blanc Nez,4.6,,Hôtel l'Escale - Piscine & SPA - Cap Blanc Nez,,Escalles+France,Centre thermal,https://www.google.com/maps/place/H%C3%B4tel+l%27Escale+-+Piscine+%26+SPA+-+Cap+Blanc+Nez/data=!4m10!3m9!1s0x47dc3c9ddc5b6f4b:0x5d742ac695a87d6!5m2!4m1!1i2!8m2!3d50.9179839!4d1.7131372!16s%2Fg%2F1tvm20n0!19sChIJS29b3J083EcR1odaaaxC1wU?authuser=0&hl=fr&rclk=1
Thermes de Saint-Amand-les-Eaux,4.5,,Thermes de Saint-Amand-les-Eaux,,Escalles+France,Centre thermal,https://www.google.com/maps/place/Thermes+de+Saint-Amand-les-Eaux/data=!4m7!3m6!1s0x47c2ef485f59edc9:0xd66761524581a802!8m2!3d50.4436677!4d3.4750132!16s%2Fg%2F11b6cfw8ph!19sChIJye1ZX0jvwkcRAqiBRVJhZ9Y?authuser=0&hl=fr&rclk=1
Restaurant l'Escale - Cap Blanc Nez,4.2,,Restaurant l'Escale - Cap Blanc Nez,,Escalles+France,Centre thermal,https://www.google.com/maps/place/Restaurant+l%27Escale+-+Cap+Blanc+Nez/data=!4m7!3m6!1s0x417186f060ce90cb:0x426477732fb68c52!8m2!3d50.9177705!4d1.712859!16s%2Fg%2F11b73nqrs8!19sChIJy5DOYPCGcUERUoy2L3N3ZEI?authuser=0&hl=fr&rclk=1
PROJET X Aquapark,4.3,,PROJET X Aquapark,,Escames+France,Parc aquatique,https://www.google.com/maps/place/PROJET+X+Aquapark/data=!4m7!3m6!1s0x47e68b08cc3d4475:0x662c701b3b21771f!8m2!3d49.0320545!4d2.0459579!16s%2Fg%2F11vynptzpc!19sChIJdUQ9zAiL5kcRH3chOxtwLGY?authuser=0&hl=fr&rclk=1
Aquaspace,3.8,,Aquaspace,,Escames+France,Parc aquatique,https://www.google.com/maps/place/Aquaspace/data=!4m7!3m6!1s0x47e706e198ed134f:0xd3cfb3e18298dabe!8m2!3d49.4522731!4d2.0940238!16s%2Fg%2F1hc4p9814!19sChIJTxPtmOEG50cRvtqYguGzz9M?authuser=0&hl=fr&rclk=1
O'Gliss Park,4.0,,O'Gliss Park,,Mervent+France,Parc aquatique,https://www.google.com/maps/place/O%27Gliss+Park/data=!4m7!3m6!1s0x48041838fbcd0fa3:0xf86c307bbd3f89e!8m2!3d46.4555894!4d-1.4186926!16s%2Fg%2F1td3kzhh!19sChIJow_N-zgYBEgRnvjTuwfDhg8?authuser=0&hl=fr&rclk=1
Aquaboulevard de Paris,3.7,,Aquaboulevard de Paris,,Escames+France,Parc aquatique,https://www.google.com/maps/place/Aquaboulevard+de+Paris/data=!4m7!3m6!1s0x47e6718b1fbcd4fd:0xa7968d889eb5402a!8m2!3d48.8318042!4d2.2762627!16s%2Fg%2F120hhrtz!19sChIJ_dS8H4tx5kcRKkC1noiNlqc?authuser=0&hl=fr&rclk=1
Parc de Pierre Brune,4.1,,Parc de Pierre Brune,,Mervent+France,Parc aquatique,https://www.google.com/maps/place/Parc+de+Pierre+Brune/data=!4m7!3m6!1s0x4806e7c7de98aa81:0x973606ed0ba7ce3d!8m2!3d46.5436815!4d-0.777642!16s%2Fg%2F1txnnvh1!19sChIJgaqY3sfnBkgRPc6nC-0GNpc?authuser=0&hl=fr&rclk=1
Aqua Splash,4.3,,Aqua Splash,,Escames+France,Parc aquatique,https://www.google.com/maps/place/Aqua+Splash/data=!4m7!3m6!1s0x47e703224af38145:0x4b5e6b3a18de74d2!8m2!3d49.4209271!4d1.9870985!16s%2Fg%2F11t310jd4f!19sChIJRYHzSiID50cR0nTeGDprXks?authuser=0&hl=fr&rclk=1
Parc aquatique Aqua Mundo Center Parcs Le Bois aux Daims,4.4,,Parc aquatique Aqua Mundo Center Parcs Le Bois aux Daims,,Mervent+France,Parc aquatique,https://www.google.com/maps/place/Parc+aquatique+Aqua+Mundo+Center+Parcs+Le+Bois+aux+Daims/data=!4m7!3m6!1s0x47fd61ce839103fb:0xd4ebda7284b88591!8m2!3d47.092859!4d0.000963!16s%2Fg%2F11clytlvdt!19sChIJ-wORg85h_UcRkYW4hHLa69Q?authuser=0&hl=fr&rclk=1
Atlantic Toboggan,4.0,,Atlantic Toboggan,,Mervent+France,Parc aquatique,https://www.google.com/maps/place/Atlantic+Toboggan/data=!4m7!3m6!1s0x4804561d5e901d67:0x258896fd4f24c06b!8m2!3d46.7586033!4d-2.024573!16s%2Fg%2F1tdc956c!19sChIJZx2QXh1WBEgRa8AkT_2WiCU?authuser=0&hl=fr&rclk=1
Parc aquatique Aqua Mundo Center Parcs Le Lac d'Ailette,4.1,,Parc aquatique Aqua Mundo Center Parcs Le Lac d'Ailette,,Escames+France,Parc aquatique,https://www.google.com/maps/place/Parc+aquatique+Aqua+Mundo+Center+Parcs+Le+Lac+d%27Ailette/data=!4m7!3m6!1s0x47e84fa4d3b4450b:0xa8391a3bc77196f0!8m2!3d49.464759!4d3.68093!16s%2Fg%2F11f4vchj6_!19sChIJC0W006RP6EcR8JZxxzsaOag?authuser=0&hl=fr&rclk=1
"O'Fun Park - Parc d'attractions Vendée - Accrobranche, waterjump, paintball, EVC...",4.1,,"O'Fun Park - Parc d'attractions Vendée - Accrobranche, waterjump, paintball, EVC...",,Mervent+France,Parc aquatique,"https://www.google.com/maps/place/O%27Fun+Park+-+Parc+d%27attractions+Vend%C3%A9e+-+Accrobranche,+waterjump,+paintball,+EVC.../data=!4m7!3m6!1s0x48041849d6cc05cf:0xc36f917516e2c0a7!8m2!3d46.4816558!4d-1.4183112!16s%2Fg%2F1tmpjx1q!19sChIJzwXM1kkYBEgRp8DiFnWRb8M?authuser=0&hl=fr&rclk=1"
Base nautique du plan d'eau du Canada,4.4,,Base nautique du plan d'eau du Canada,,Escames+France,Parc aquatique,https://www.google.com/maps/place/Base+nautique+du+plan+d%27eau+du+Canada/data=!4m7!3m6!1s0x47e7069a45b97d6f:0x674166700ded803a!8m2!3d49.4557075!4d2.0600448!16s%2Fg%2F1v3_1_ld!19sChIJb325RZoG50cROoDtDXBmQWc?authuser=0&hl=fr&rclk=1
Splash Game,4.5,,Splash Game,,Mervent+France,Parc aquatique,https://www.google.com/maps/place/Splash+Game/data=!4m7!3m6!1s0x480402e1a62b2f0b:0x4e063f04e4eefabd!8m2!3d46.3329238!4d-1.3078688!16s%2Fg%2F11bzzzg0kx!19sChIJCy8rpuECBEgRvfru5AQ_Bk4?authuser=0&hl=fr&rclk=1
Aquapôle,3.6,,Aquapôle,,Escames+France,Parc aquatique,https://www.google.com/maps/place/Aquap%C3%B4le/data=!4m7!3m6!1s0x480a5dfb51c003e7:0x6584ce680d273c89!8m2!3d49.87327!4d2.3020969!16s%2Fg%2F11h0kv7yhk!19sChIJ5wPAUftdCkgRiTwnDWjOhGU?authuser=0&hl=fr&rclk=1
"L’Archipel, Aqua-Centre du Pays de l’Arbresle",4.3,,"L’Archipel, Aqua-Centre du Pays de l’Arbresle",,Saint-Germain-Nuelles+France,Parc aquatique,"https://www.google.com/maps/place/L%E2%80%99Archipel,+Aqua-Centre+du+Pays+de+l%E2%80%99Arbresle/data=!4m7!3m6!1s0x47f48b3befe2ff1d:0xd448135e7be89aaa!8m2!3d45.8253286!4d4.5981283!16s%2Fg%2F11byyry9z7!19sChIJHf_i7zuL9EcRqproe14TSNQ?authuser=0&hl=fr&rclk=1"
Aqua Mundo du Bois aux Daims,4.5,,Aqua Mundo du Bois aux Daims,,Mervent+France,Parc aquatique,https://www.google.com/maps/place/Aqua+Mundo+du+Bois+aux+Daims/data=!4m7!3m6!1s0x47fd6112c0f095eb:0x56993c0d11af6df5!8m2!3d47.0917518!4d0.012776!16s%2Fg%2F11t_zllh83!19sChIJ65XwwBJh_UcR9W2vEQ08mVY?authuser=0&hl=fr&rclk=1
Wam Park Beauvais,4.3,,Wam Park Beauvais,,Escames+France,Parc aquatique,https://www.google.com/maps/place/Wam+Park+Beauvais/data=!4m7!3m6!1s0x47e7069915555555:0x28bbd06cef97ad33!8m2!3d49.4537353!4d2.0587444!16s%2Fg%2F11g8zxs7bp!19sChIJVVVVFZkG50cRM62X72zQuyg?authuser=0&hl=fr&rclk=1
Aquapark Beluga,4.5,,Aquapark Beluga,,Saint-Germain-Nuelles+France,Parc aquatique,https://www.google.com/maps/place/Aquapark+Beluga/data=!4m7!3m6!1s0x47f48f067935fcb1:0x60f9f5e6a80dd415!8m2!3d45.9525399!4d4.7256379!16s%2Fg%2F11fl7dk66v!19sChIJsfw1eQaP9EcRFdQNqOb1-WA?authuser=0&hl=fr&rclk=1
Parc aquatique Aqua Mundo - Center Parcs Domaine Les Bois-Francs,4.0,,Parc aquatique Aqua Mundo - Center Parcs Domaine Les Bois-Francs,,Bessy+France,Parc aquatique,https://www.google.com/maps/place/Parc+aquatique+Aqua+Mundo+-+Center+Parcs+Domaine+Les+Bois-Francs/data=!4m7!3m6!1s0x47e17d43a8ed690d:0xf300cd76ca0653ec!8m2!3d48.728902!4d0.840066!16s%2Fg%2F11cnmwmkff!19sChIJDWntqEN94UcR7FMGynbNAPM?authuser=0&hl=fr&rclk=1
Calade WaterPark,4.8,,Calade WaterPark,,Saint-Germain-Nuelles+France,Parc aquatique,https://www.google.com/maps/place/Calade+WaterPark/data=!4m7!3m6!1s0x47f49be329cad695:0x3d01444c4b8b33d6!8m2!3d45.9703311!4d4.7494139!16s%2Fg%2F11xcffcd6g!19sChIJldbKKeOb9EcR1jOLS0xEAT0?authuser=0&hl=fr&rclk=1
Espace de loisirs du Lac de Chassenon,4.1,,Espace de loisirs du Lac de Chassenon,,Mervent+France,Parc aquatique,https://www.google.com/maps/place/Espace+de+loisirs+du+Lac+de+Chassenon/data=!4m7!3m6!1s0x4806de7df1fb4d41:0x2afce1d9e9b8a348!8m2!3d46.475872!4d-0.7075135!16s%2Fg%2F11cp787myn!19sChIJQU378X3eBkgRSKO46dnh_Co?authuser=0&hl=fr&rclk=1
Le Dôme,4.3,,Le Dôme,,Escames+France,Parc aquatique,https://www.google.com/maps/place/Le+D%C3%B4me/data=!4m7!3m6!1s0x47e17d69db837cbb:0x3f355f2ea5f3736c!8m2!3d48.7284774!4d0.8399143!16s%2Fg%2F11g8dk9ss1!19sChIJu3yD22l94UcRbHPzpS5fNT8?authuser=0&hl=fr&rclk=1
Parc aquatique Wibit,4.3,,Parc aquatique Wibit,,Bessy+France,Parc aquatique,https://www.google.com/maps/place/Parc+aquatique+Wibit/data=!4m7!3m6!1s0x478c02deda07823b:0xc9cc93d919902db2!8m2!3d46.1523953!4d6.6713589!16s%2Fg%2F11dxjn53g0!19sChIJO4IH2t4CjEcRsi2QGdmTzMk?authuser=0&hl=fr&rclk=1
Natur'Zoo De Mervent,4.4,,Natur'Zoo De Mervent,,Mervent+France,Parc aquatique,https://www.google.com/maps/place/Natur%27Zoo+De+Mervent/data=!4m7!3m6!1s0x4806dd86701a5f7b:0xb40ce3128e3f260d!8m2!3d46.5110117!4d-0.7449922!16s%2Fg%2F1237k4gf!19sChIJe18acIbdBkgRDSY_jhLjDLQ?authuser=0&hl=fr&rclk=1
La Bouscarasse,4.0,,La Bouscarasse,,Bessy+France,Parc aquatique,https://www.google.com/maps/place/La+Bouscarasse/data=!4m7!3m6!1s0x12b44a442540f613:0xd473ab87bdc05214!8m2!3d44.037433!4d4.3262812!16s%2Fg%2F1tctzm7q!19sChIJE_ZAJURKtBIRFFLAvYerc9Q?authuser=0&hl=fr&rclk=1
Base de Loisirs de Mervent,4.4,,Base de Loisirs de Mervent,,Mervent+France,Parc aquatique,https://www.google.com/maps/place/Base+de+Loisirs+de+Mervent/data=!4m7!3m6!1s0x4806e77921fc490b:0x758d4a3ba7752231!8m2!3d46.5189933!4d-0.7521442!16s%2Fg%2F1tjdfkz4!19sChIJC0n8IXnnBkgRMSJ1pztKjXU?authuser=0&hl=fr&rclk=1
Aquaboulevard de Paris,3.7,,Aquaboulevard de Paris,,Bessy+France,Parc aquatique,https://www.google.com/maps/place/Aquaboulevard+de+Paris/data=!4m7!3m6!1s0x47e6718b1fbcd4fd:0xa7968d889eb5402a!8m2!3d48.8318042!4d2.2762627!16s%2Fg%2F120hhrtz!19sChIJ_dS8H4tx5kcRKkC1noiNlqc?authuser=0&hl=fr&rclk=1
WAVE ISLAND,3.3,,WAVE ISLAND,,Bessy+France,Parc aquatique,https://www.google.com/maps/place/WAVE+ISLAND/data=!4m7!3m6!1s0x12b58c85f8a9d91b:0xd65402beb9af534a!8m2!3d44.0209685!4d4.9653771!16s%2Fg%2F11hcf1t5rc!19sChIJG9mp-IWMtRIRSlOvub4CVNY?authuser=0&hl=fr&rclk=1
Aquapark,4.3,,Aquapark,,Mervent+France,Parc aquatique,https://www.google.com/maps/place/Aquapark/data=!4m7!3m6!1s0x480419889137b827:0xa4cb4803b0d56a10!8m2!3d46.4797588!4d-1.4124309!16s%2Fg%2F11fnxstz18!19sChIJJ7g3kYgZBEgREGrVsANIy6Q?authuser=0&hl=fr&rclk=1
O'Gliss Park,4.0,,O'Gliss Park,,Bessy+France,Parc aquatique,https://www.google.com/maps/place/O%27Gliss+Park/data=!4m7!3m6!1s0x48041838fbcd0fa3:0xf86c307bbd3f89e!8m2!3d46.4555894!4d-1.4186926!16s%2Fg%2F1td3kzhh!19sChIJow_N-zgYBEgRnvjTuwfDhg8?authuser=0&hl=fr&rclk=1
Aquasplash,3.2,,Aquasplash,,Bessy+France,Parc aquatique,https://www.google.com/maps/place/Aquasplash/data=!4m7!3m6!1s0x12cdd4e53094e195:0x3231a5821eee6141!8m2!3d43.615356!4d7.124161!16s%2Fg%2F12hmcfpvc!19sChIJleGUMOXUzRIRQWHuHoKlMTI?authuser=0&hl=fr&rclk=1
Aquapark du Mont blanc,3.8,,Aquapark du Mont blanc,,Bessy+France,Parc aquatique,https://www.google.com/maps/place/Aquapark+du+Mont+blanc/data=!4m7!3m6!1s0x478bfde23294612b:0xc5c143971aa97d4b!8m2!3d45.9212487!4d6.6591427!16s%2Fg%2F11kg2q2f3d!19sChIJK2GUMuL9i0cRS32pGpdDwcU?authuser=0&hl=fr&rclk=1
Aquapark - Bzhwakepark,4.5,,Aquapark - Bzhwakepark,,Bessy+France,Parc aquatique,https://www.google.com/maps/place/Aquapark+-+Bzhwakepark/data=!4m7!3m6!1s0x480e6b2103f4c8b1:0x922a50a62541d2a0!8m2!3d48.3876925!4d-2.3341484!16s%2Fg%2F11svm96h2d!19sChIJscj0AyFrDkgRoNJBJaZQKpI?authuser=0&hl=fr&rclk=1
Aqua Family,4.2,,Aqua Family,,Bessy+France,Parc aquatique,https://www.google.com/maps/place/Aqua+Family/data=!4m7!3m6!1s0x12c921c73208131f:0x9dbdc54ad9bd021d!8m2!3d43.0861999!4d6.1461576!16s%2Fg%2F11j11hc7dk!19sChIJHxMIMschyRIRHQK92UrFvZ0?authuser=0&hl=fr&rclk=1
Aquaparc,4.3,,Aquaparc,,Bessy+France,Parc aquatique,https://www.google.com/maps/place/Aquaparc/data=!4m7!3m6!1s0x478e9bff9a80c3bb:0xbaf2ec6cdcfbc93e!8m2!3d46.3895221!4d6.8625021!16s%2Fg%2F122rd4t5!19sChIJu8OAmv-bjkcRPsn73Gzs8ro?authuser=0&hl=fr&rclk=1
Atlantic Toboggan,4.0,,Atlantic Toboggan,,Bessy+France,Parc aquatique,https://www.google.com/maps/place/Atlantic+Toboggan/data=!4m7!3m6!1s0x4804561d5e901d67:0x258896fd4f24c06b!8m2!3d46.7586033!4d-2.024573!16s%2Fg%2F1tdc956c!19sChIJZx2QXh1WBEgRa8AkT_2WiCU?authuser=0&hl=fr&rclk=1
Parc d'Attractions Aquatic Landes / Labenne,3.6,,Parc d'Attractions Aquatic Landes / Labenne,,Bessy+France,Parc aquatique,https://www.google.com/maps/place/Parc+d%27Attractions+Aquatic+Landes+%2F+Labenne/data=!4m7!3m6!1s0xd514488fe12707f:0xcb6cf6d5bdb04aed!8m2!3d43.5948793!4d-1.4533072!16s%2Fg%2F1tczx7_d!19sChIJf3AS_ohEUQ0R7UqwvdX2bMs?authuser=0&hl=fr&rclk=1
Parc aquatique,5.0,,Parc aquatique,,Bessy+France,Parc aquatique,https://www.google.com/maps/place/Parc+aquatique/data=!4m7!3m6!1s0x47f9a7149e6a5973:0x6c00cdb9f81e333!8m2!3d45.7903872!4d1.8977182!16s%2Fg%2F11jkwt4968!19sChIJc1lqnhSn-UcRM-OBn9sMwAY?authuser=0&hl=fr&rclk=1
Espace aqualudique,5.0,,Espace aqualudique,,Bessy+France,Parc aquatique,https://www.google.com/maps/place/Espace+aqualudique/data=!4m7!3m6!1s0x478bdd0031afdb33:0xc098d972a25b2223!8m2!3d45.7163546!4d6.4570256!16s%2Fg%2F11w7nsc9m9!19sChIJM9uvMQDdi0cRIyJbonLZmMA?authuser=0&hl=fr&rclk=1
Oasis Parc,4.9,,Oasis Parc,,Bessy+France,Parc aquatique,https://www.google.com/maps/place/Oasis+Parc/data=!4m7!3m6!1s0x47ef0f7c85b66fdf:0xb93fdfc535cb2dcc!8m2!3d48.1705614!4d3.2728163!16s%2Fg%2F11xmc2qz6x!19sChIJ32-2hXwP70cRzC3LNcXfP7k?authuser=0&hl=fr&rclk=1
Aquavillage PARC,4.3,,Aquavillage PARC,,Bessy+France,Parc aquatique,https://www.google.com/maps/place/Aquavillage+PARC/data=!4m7!3m6!1s0x12c924100cfe747b:0xf190343d9ee037a!8m2!3d43.0964742!4d6.1644838!16s%2Fg%2F11c5s79pdh!19sChIJe3T-DBAkyRIRegPu2UMDGQ8?authuser=0&hl=fr&rclk=1
Aqualibi,3.9,,Aqualibi,,Bessy+France,Parc aquatique,https://www.google.com/maps/place/Aqualibi/data=!4m7!3m6!1s0x47c17d8f1cdf1977:0x5433c79509a99261!8m2!3d50.7013445!4d4.5936447!16s%2Fg%2F121hxfk3!19sChIJdxnfHI99wUcRYZKpCZXHM1Q?authuser=0&hl=fr&rclk=1
Holiday Inn Calais - Coquelles,4.2,,SponsoriséPar Booking.com,,Escales+France,Hôtel avec spa,https://www.google.com/maps/place/Holiday+Inn+Calais+-+Coquelles/data=!4m10!3m9!1s0x47dc3eb9c8ff0859:0xf0cd811c3e929b9b!5m2!4m1!1i2!8m2!3d50.926657!4d1.798829!16s%2Fg%2F1hc5n_ztr!19sChIJWQj_yLk-3EcRm5uSPhyBzfA?authuser=0&hl=fr&rclk=1
AQUALOISIRS AUVERGNE,4.7,,AQUALOISIRS AUVERGNE,,Saint-Germain-près-Herment+France,Parc aquatique,https://www.google.com/maps/place/AQUALOISIRS+AUVERGNE/data=!4m7!3m6!1s0x47f7878c6c5728fb:0xd5957d7ec34bbeab!8m2!3d45.4442715!4d2.5063139!16s%2Fg%2F1233b0c59!19sChIJ-yhXbIyH90cRq75Lw359ldU?authuser=0&hl=fr&rclk=1
Thermes de Cambo-les-Bains,4.5,,Thermes de Cambo-les-Bains,,Saint-Germain-les-Vergnes+France,Centre thermal,https://www.google.com/maps/place/Thermes+de+Cambo-les-Bains/data=!4m7!3m6!1s0xd513a54ea1828dd:0xa3f3e8da5cddbf6!8m2!3d43.3546709!4d-1.3876673!16s%2Fg%2F1td1l9mm!19sChIJ3SgY6lQ6UQ0R9tvNpY0-Pwo?authuser=0&hl=fr&rclk=1
"The Originals City, L'Haut' Aile, Calais - HOTEL-RESTAURANT-SEMINAIRES",4.2,,SponsoriséPar Expedia.fr,,Escales+France,Hôtel avec spa,"https://www.google.com/maps/place/The+Originals+City,+L%27Haut%27+Aile,+Calais+-+HOTEL-RESTAURANT-SEMINAIRES/data=!4m10!3m9!1s0x47dc3ec7e07f1019:0x7ff040a671dd9e26!5m2!4m1!1i2!8m2!3d50.925598!4d1.803795!16s%2Fg%2F1yhbl8_4w!19sChIJGRB_4Mc-3EcRJp7dcaZA8H8?authuser=0&hl=fr&rclk=1"
AQUAPARC Toulouse,4.3,,AQUAPARC Toulouse,,Escalquens+France,Parc aquatique,https://www.google.com/maps/place/AQUAPARC+Toulouse/data=!4m7!3m6!1s0x12aeefb2a4b1c9c5:0x179fb3ebc84ef26!8m2!3d43.3538398!4d1.6452629!16s%2Fg%2F11cn5g97lv!19sChIJxcmxpLLvrhIRJu-EvD77eQE?authuser=0&hl=fr&rclk=1
Base aqualudique les Hermines • Station de Super-Besse,3.5,,Base aqualudique les Hermines • Station de Super-Besse,,Saint-Germain-près-Herment+France,Parc aquatique,https://www.google.com/maps/place/Base+aqualudique+les+Hermines+%E2%80%A2+Station+de+Super-Besse/data=!4m7!3m6!1s0x47f7a14cb7b0a3bd:0x6771b221941e718d!8m2!3d45.5096036!4d2.8561303!16s%2Fg%2F11qg0j5gfg!19sChIJvaOwt0yh90cRjXEelCGycWc?authuser=0&hl=fr&rclk=1
Aquaparc BE FUN Mâcon/Cormoranche,4.9,,Aquaparc BE FUN Mâcon/Cormoranche,,Mervans+France,Parc aquatique,https://www.google.com/maps/place/Aquaparc+BE+FUN+M%C3%A2con%2FCormoranche/data=!4m7!3m6!1s0x47f3650219b6f755:0x9fc494a9da09ae70!8m2!3d46.2528512!4d4.8241561!16s%2Fg%2F11jcnwls83!19sChIJVfe2GQJl80cRcK4J2qmUxJ8?authuser=0&hl=fr&rclk=1
Thermes & Spa Évaux-les-Bains,4.2,,Thermes & Spa Évaux-les-Bains,,Saint-Germain-les-Vergnes+France,Centre thermal,https://www.google.com/maps/place/Thermes+%26+Spa+%C3%89vaux-les-Bains/data=!4m7!3m6!1s0x47fa029c5625f717:0x5e08725bc9d6af3c!8m2!3d46.182665!4d2.4877119!16s%2Fg%2F1td4tn0j!19sChIJF_clVpwC-kcRPK_WyVtyCF4?authuser=0&hl=fr&rclk=1
Hôtel l'Escale - Piscine & SPA - Cap Blanc Nez,4.6,,Hôtel l'Escale - Piscine & SPA - Cap Blanc Nez,,Escales+France,Hôtel avec spa,https://www.google.com/maps/place/H%C3%B4tel+l%27Escale+-+Piscine+%26+SPA+-+Cap+Blanc+Nez/data=!4m10!3m9!1s0x47dc3c9ddc5b6f4b:0x5d742ac695a87d6!5m2!4m1!1i2!8m2!3d50.9179839!4d1.7131372!16s%2Fg%2F1tvm20n0!19sChIJS29b3J083EcR1odaaaxC1wU?authuser=0&hl=fr&rclk=1
Parc aquatique Aqua Mundo - Center Parcs Domaine Les Bois-Francs,4.0,,Parc aquatique Aqua Mundo - Center Parcs Domaine Les Bois-Francs,,Saint-Germain-Lespinasse+France,Parc aquatique,https://www.google.com/maps/place/Parc+aquatique+Aqua+Mundo+-+Center+Parcs+Domaine+Les+Bois-Francs/data=!4m7!3m6!1s0x47e17d43a8ed690d:0xf300cd76ca0653ec!8m2!3d48.728902!4d0.840066!16s%2Fg%2F11cnmwmkff!19sChIJDWntqEN94UcR7FMGynbNAPM?authuser=0&hl=fr&rclk=1
"Renacland, aquaparc & locations.",4.3,,"Renacland, aquaparc & locations.",,Saint-Germain-près-Herment+France,Parc aquatique,"https://www.google.com/maps/place/Renacland,+aquaparc+%26+locations./data=!4m7!3m6!1s0x12ad4b84383268e3:0xc786055ed3e7669d!8m2!3d44.9339485!4d2.2205415!16s%2Fg%2F11cnpj210d!19sChIJ42gyOIRLrRIRnWbn014Fhsc?authuser=0&hl=fr&rclk=1"
AquaPlayPark – Parc Aquatique Toulouse,4.3,,AquaPlayPark – Parc Aquatique Toulouse,,Escalquens+France,Parc aquatique,https://www.google.com/maps/place/AquaPlayPark+%E2%80%93+Parc+Aquatique+Toulouse/data=!4m7!3m6!1s0x12aee3edcec6572f:0x5dcc3f7d5a0e87cf!8m2!3d43.2291198!4d1.6138812!16s%2Fg%2F11c5fy7q54!19sChIJL1fGzu3jrhIRz4cOWn0_zF0?authuser=0&hl=fr&rclk=1
Centre Aquatique Aquabresse,4.1,,Centre Aquatique Aquabresse,,Mervans+France,Parc aquatique,https://www.google.com/maps/place/Centre+Aquatique+Aquabresse/data=!4m7!3m6!1s0x47f32f45529a57e9:0xc191472fb808f795!8m2!3d46.6181596!4d5.2090853!16s%2Fg%2F11b6tbpv1_!19sChIJ6VeaUkUv80cRlfcIuC9HkcE?authuser=0&hl=fr&rclk=1
Aquapark de l'Aveyron,4.5,,Aquapark de l'Aveyron,,Bessuéjouls+France,Parc aquatique,https://www.google.com/maps/place/Aquapark+de+l%27Aveyron/data=!4m7!3m6!1s0x12b261d5e4e1932b:0x6ad20041c428eea3!8m2!3d44.2952052!4d2.7271716!16s%2Fg%2F11w3htsfqv!19sChIJK5Ph5NVhshIRo-4oxEEA0mo?authuser=0&hl=fr&rclk=1
L'Escale Bien-Être & SPA,5.0,,L'Escale Bien-Être & SPA,,Escales+France,Hôtel avec spa,https://www.google.com/maps/place/L%27Escale+Bien-%C3%8Atre+%26+SPA/data=!4m7!3m6!1s0x47dc3d2897e33397:0xd0bdb4be45ddaa44!8m2!3d50.9179665!4d1.7131659!16s%2Fg%2F11ryzt1vr2!19sChIJlzPjlyg93EcRRKrdRb60vdA?authuser=0&hl=fr&rclk=1
Thermes d'Eugénie-les-Bains,4.6,,Thermes d'Eugénie-les-Bains,,Saint-Germain-les-Vergnes+France,Centre thermal,https://www.google.com/maps/place/Thermes+d%27Eug%C3%A9nie-les-Bains/data=!4m7!3m6!1s0xd56715dd6916685:0x9e3b18ef79373d3d!8m2!3d43.6964942!4d-0.3797404!16s%2Fg%2F11c0tnf2nt!19sChIJhWaR1l1xVg0RPT03ee8YO54?authuser=0&hl=fr&rclk=1
ValVital - Thermes & Institut Thermal Morsbronn-les-Bains,4.3,,ValVital - Thermes & Institut Thermal Morsbronn-les-Bains,,Mertzwiller+France,Centre thermal,https://www.google.com/maps/place/ValVital+-+Thermes+%26+Institut+Thermal+Morsbronn-les-Bains/data=!4m7!3m6!1s0x479692709b499319:0x7402b4f745edd20d!8m2!3d48.9068204!4d7.7479046!16s%2Fg%2F1ptwk127v!19sChIJGZNJm3CSlkcRDdLtRfe0AnQ?authuser=0&hl=fr&rclk=1
Laby'parc du Touquet,4.2,,Laby'parc du Touquet,,Escalles+France,Parc aquatique,https://www.google.com/maps/place/Laby%27parc+du+Touquet/data=!4m7!3m6!1s0x47dddaae41ac90a5:0xf83846fbea615a92!8m2!3d50.4938726!4d1.6519152!16s%2Fg%2F1xcbnxhw!19sChIJpZCsQa7a3UcRklph6vtGOPg?authuser=0&hl=fr&rclk=1
Slidesparc,4.3,,Slidesparc,,Saint-Germain-Lespinasse+France,Parc aquatique,https://www.google.com/maps/place/Slidesparc/data=!4m7!3m6!1s0x47f54726b5f33711:0xeb894e0ea847cd7!8m2!3d45.1757396!4d4.883282!16s%2Fg%2F11h6rr_jnq!19sChIJETfztSZH9UcR13yE6uCUuA4?authuser=0&hl=fr&rclk=1
SANCY'O Pôle Aqualudique de La Bourboule,3.9,,SANCY'O Pôle Aqualudique de La Bourboule,,Saint-Germain-près-Herment+France,Parc aquatique,https://www.google.com/maps/place/SANCY%27O+P%C3%B4le+Aqualudique+de+La+Bourboule/data=!4m7!3m6!1s0x47f77673d2737b0f:0xb536ca240093b18c!8m2!3d45.590674!4d2.751173!16s%2Fg%2F1tjdfk34!19sChIJD3tz0nN290cRjLGTACTKNrU?authuser=0&hl=fr&rclk=1
Aquapark 31,4.5,,Aquapark 31,,Escalquens+France,Parc aquatique,https://www.google.com/maps/place/Aquapark+31/data=!4m7!3m6!1s0x12ae8d38b20efc09:0xf9834f96c04ef058!8m2!3d43.5284896!4d1.7474743!16s%2Fg%2F11nwn3rs82!19sChIJCfwOsjiNrhIRWPBOwJZPg_k?authuser=0&hl=fr&rclk=1
Aqua'splash Pareloup,4.7,,Aqua'splash Pareloup,,Bessuéjouls+France,Parc aquatique,https://www.google.com/maps/place/Aqua%27splash+Pareloup/data=!4m7!3m6!1s0x12b2693aabfac6db:0x1c36632f6eea361c!8m2!3d44.2068761!4d2.711051!16s%2Fg%2F11rspb9vx2!19sChIJ28b6qzppshIRHDbqbi9jNhw?authuser=0&hl=fr&rclk=1
Thermes de Bourbon-Lancy,4.5,,Thermes de Bourbon-Lancy,,Saint-Germain-les-Vergnes+France,Centre thermal,https://www.google.com/maps/place/Thermes+de+Bourbon-Lancy/data=!4m7!3m6!1s0x47f1703b54b3e551:0x11e87f69086ab4ba!8m2!3d46.6181161!4d3.7696314!16s%2Fg%2F1tfq_rvl!19sChIJUeWzVDtw8UcRurRqCGl_6BE?authuser=0&hl=fr&rclk=1
Aqua Bubble Boom Chour,4.4,,Aqua Bubble Boom Chour,,Mervans+France,Parc aquatique,https://www.google.com/maps/place/Aqua+Bubble+Boom+Chour/data=!4m7!3m6!1s0x47f2b96d26628ae3:0xf69762e65c4b3f5e!8m2!3d47.0561794!4d5.2352474!16s%2Fg%2F11qfy5qwt9!19sChIJ44piJm258kcRXj9LXOZil_Y?authuser=0&hl=fr&rclk=1
ValVital - Thermes & Institut Thermal Niederbronn-les-Bains,4.4,,ValVital - Thermes & Institut Thermal Niederbronn-les-Bains,,Mertzwiller+France,Centre thermal,https://www.google.com/maps/place/ValVital+-+Thermes+%26+Institut+Thermal+Niederbronn-les-Bains/data=!4m7!3m6!1s0x47968fd8bbcff41b:0xf7a8e6a9e9cd6600!8m2!3d48.950703!4d7.642767!16s%2Fg%2F1ptxw1cyv!19sChIJG_TPu9iPlkcRAGbN6anmqPc?authuser=0&hl=fr&rclk=1
Parc aquatique Aqua Mundo - Center Parcs Domaine Les Bois-Francs,4.0,,Parc aquatique Aqua Mundo - Center Parcs Domaine Les Bois-Francs,,Saint-Germain-près-Herment+France,Parc aquatique,https://www.google.com/maps/place/Parc+aquatique+Aqua+Mundo+-+Center+Parcs+Domaine+Les+Bois-Francs/data=!4m7!3m6!1s0x47e17d43a8ed690d:0xf300cd76ca0653ec!8m2!3d48.728902!4d0.840066!16s%2Fg%2F11cnmwmkff!19sChIJDWntqEN94UcR7FMGynbNAPM?authuser=0&hl=fr&rclk=1
Saint Joseph Village,4.6,,Saint Joseph Village,,Escalles+France,Parc aquatique,https://www.google.com/maps/place/Saint+Joseph+Village/data=!4m7!3m6!1s0x47dc4705b326efb3:0xe70aca0258117a85!8m2!3d50.8805364!4d1.9118209!16s%2Fg%2F1v2pph60!19sChIJs-8mswVH3EcRhXoRWALKCuc?authuser=0&hl=fr&rclk=1
WAM PARK - Toulouse - Sesquières,4.7,,WAM PARK - Toulouse - Sesquières,,Escalquens+France,Parc aquatique,https://www.google.com/maps/place/WAM+PARK+-+Toulouse+-+Sesqui%C3%A8res/data=!4m7!3m6!1s0x12aea58895647e89:0x1a80452ff8011105!8m2!3d43.6514305!4d1.4196711!16s%2Fg%2F11h71n1slp!19sChIJiX5klYilrhIRBREB-C9FgBo?authuser=0&hl=fr&rclk=1
Aquaparc Bases de Loisirs,4.0,,Aquaparc Bases de Loisirs,,Saint-Germain-Lespinasse+France,Parc aquatique,https://www.google.com/maps/place/Aquaparc+Bases+de+Loisirs/data=!4m7!3m6!1s0x47f547b77dac6785:0xc62ba156241ed609!8m2!3d45.174253!4d4.883139!16s%2Fg%2F11gzs6w23x!19sChIJhWesfbdH9UcRCdYeJFahK8Y?authuser=0&hl=fr&rclk=1
Parc aquatique et base nautique Aqu’aloa,4.0,,Parc aquatique et base nautique Aqu’aloa,,Bessuéjouls+France,Parc aquatique,https://www.google.com/maps/place/Parc+aquatique+et+base+nautique+Aqu%E2%80%99aloa/data=!4m7!3m6!1s0x12b29750417bfbbd:0x5aa56d77d1d97fae!8m2!3d44.6673721!4d2.6792726!16s%2Fg%2F11hyt6yfkn!19sChIJvft7QVCXshIRrn_Z0XdtpVo?authuser=0&hl=fr&rclk=1
"THERMES DES FUMADES - Cures thermales, Détente Aquatique et Spa",4.0,,"THERMES DES FUMADES - Cures thermales, Détente Aquatique et Spa",,Saint-Germain-les-Vergnes+France,Centre thermal,"https://www.google.com/maps/place/THERMES+DES+FUMADES+-+Cures+thermales,+D%C3%A9tente+Aquatique+et+Spa/data=!4m7!3m6!1s0x12b45aa3e325cee7:0xce61bcc1d14da3e!8m2!3d44.187653!4d4.229698!16s%2Fg%2F1th3qq53!19sChIJ584l46NatBIRPtoUHcwb5gw?authuser=0&hl=fr&rclk=1"
Jura Splash,4.3,,Jura Splash,,Mervans+France,Parc aquatique,https://www.google.com/maps/place/Jura+Splash/data=!4m7!3m6!1s0x478d2b6d7d2e340f:0x120b971e9afe07fe!8m2!3d46.7603406!4d5.4821891!16s%2Fg%2F11g2w4b0z7!19sChIJDzQufW0rjUcR_gf-mh6XCxI?authuser=0&hl=fr&rclk=1
Centre ludo-sportif Les Hermines : Espace aquatique,3.4,,Centre ludo-sportif Les Hermines : Espace aquatique,,Saint-Germain-près-Herment+France,Parc aquatique,https://www.google.com/maps/place/Centre+ludo-sportif+Les+Hermines+:+Espace+aquatique/data=!4m7!3m6!1s0x47f7a178839c4977:0x9cba397e24d277e!8m2!3d45.5099914!4d2.8555278!16s%2Fg%2F11kjpm5v_v!19sChIJd0mcg3ih90cRfidN4pejywk?authuser=0&hl=fr&rclk=1
Etablissement Thermal,4.6,,Etablissement Thermal,,Mertzwiller+France,Centre thermal,https://www.google.com/maps/place/Etablissement+Thermal/data=!4m7!3m6!1s0x47968fd890c603c9:0x4a82bf6da27c519f!8m2!3d48.9507252!4d7.6434638!16s%2Fg%2F11fgk4fk4k!19sChIJyQPGkNiPlkcRn1F8om2_gko?authuser=0&hl=fr&rclk=1
AQUALUDIA,3.9,,AQUALUDIA,,Escalquens+France,Parc aquatique,https://www.google.com/maps/place/AQUALUDIA/data=!4m7!3m6!1s0x12aec82674ed212f:0x72a896f445ecd076!8m2!3d43.4726091!4d1.3399518!16s%2Fg%2F1v3g6fgd!19sChIJLyHtdCbIrhIRdtDsRfSWqHI?authuser=0&hl=fr&rclk=1
Au Relais de Laborde,5.0,,Au Relais de Laborde,,Saint-Germain-les-Vergnes+France,Centre thermal,https://www.google.com/maps/place/Au+Relais+de+Laborde/data=!4m10!3m9!1s0x47f8935e3327366b:0xe1b8aa87b0af24d5!5m2!4m1!1i2!8m2!3d45.2513501!4d1.6259678!16s%2Fg%2F11rj68nd7k!19sChIJazYnM16T-EcR1SSvsIequOE?authuser=0&hl=fr&rclk=1
Hélicéa,4.0,,Hélicéa,,Escalles+France,Parc aquatique,https://www.google.com/maps/place/H%C3%A9lic%C3%A9a/data=!4m7!3m6!1s0x47dc2dc0ba559af7:0x92b8b38041346594!8m2!3d50.7310108!4d1.6433844!16s%2Fg%2F1ttpg53y!19sChIJ95pVusAt3EcRlGU0QYCzuJI?authuser=0&hl=fr&rclk=1
Parc aquatique,5.0,,Parc aquatique,,Saint-Germain-près-Herment+France,Parc aquatique,https://www.google.com/maps/place/Parc+aquatique/data=!4m7!3m6!1s0x47f9a7149e6a5973:0x6c00cdb9f81e333!8m2!3d45.7903872!4d1.8977182!16s%2Fg%2F11jkwt4968!19sChIJc1lqnhSn-UcRM-OBn9sMwAY?authuser=0&hl=fr&rclk=1
Aquaparc Isis,3.7,,Aquaparc Isis,,Mervans+France,Parc aquatique,https://www.google.com/maps/place/Aquaparc+Isis/data=!4m7!3m6!1s0x478d4b42216b628b:0x763b50c273681fc1!8m2!3d47.072283!4d5.4863406!16s%2Fg%2F1tp1xqjy!19sChIJi2JrIUJLjUcRwR9oc8JQO3Y?authuser=0&hl=fr&rclk=1
BDR Thermea France,2.8,,BDR Thermea France,,Mertzwiller+France,Centre thermal,https://www.google.com/maps/place/BDR+Thermea+France/data=!4m7!3m6!1s0x479691bb342ffbdd:0xe95af9cb0e63816!8m2!3d48.8716207!4d7.6769562!16s%2Fg%2F11rbfl5rjl!19sChIJ3fsvNLuRlkcRFjjmsJyvlQ4?authuser=0&hl=fr&rclk=1
Atlantic Park - Parc Aquatique - Seignosse,3.7,,Atlantic Park - Parc Aquatique - Seignosse,,Saint-Germain-Lespinasse+France,Parc aquatique,https://www.google.com/maps/place/Atlantic+Park+-+Parc+Aquatique+-+Seignosse/data=!4m7!3m6!1s0xd515958115061bb:0x49353d2aee309d6e!8m2!3d43.7059219!4d-1.4340258!16s%2Fg%2F123655qy!19sChIJu2FQEVhZUQ0Rbp0w7io9NUk?authuser=0&hl=fr&rclk=1
Domaine de la Clauzade,4.7,,Domaine de la Clauzade,,Saint-Germain-les-Vergnes+France,Centre thermal,https://www.google.com/maps/place/Domaine+de+la+Clauzade/data=!4m10!3m9!1s0x47f8935165c638cd:0x99479f8d55b29b32!5m2!4m1!1i2!8m2!3d45.2515741!4d1.6137191!16s%2Fg%2F1td2t7rj!19sChIJzTjGZVGT-EcRMpuyVY2fR5k?authuser=0&hl=fr&rclk=1
Parc Mirabel,4.2,,Parc Mirabel,,Saint-Germain-près-Herment+France,Parc aquatique,https://www.google.com/maps/place/Parc+Mirabel/data=!4m7!3m6!1s0x47f72203dac881a5:0xd695290e5e59abbd!8m2!3d45.866211!4d3.110424!16s%2Fg%2F1hm3lg5hf!19sChIJpYHI2gMi90cRvatZXg4pldY?authuser=0&hl=fr&rclk=1
Parc Aquatique Aquafolies,4.4,,Parc Aquatique Aquafolies,,Mervans+France,Parc aquatique,https://www.google.com/maps/place/Parc+Aquatique+Aquafolies/data=!4m7!3m6!1s0x47f346188aa84e1f:0xd26187a9dd722d3e!8m2!3d46.3423598!4d5.1394048!16s%2Fg%2F11gdknj1d2!19sChIJH06oihhG80cRPi1y3amHYdI?authuser=0&hl=fr&rclk=1
Le système solaire,4.4,,Le système solaire,,Escalquens+France,Parc aquatique,https://www.google.com/maps/place/Le+syst%C3%A8me+solaire/data=!4m7!3m6!1s0x12aebda812d76405:0x7ee35d523be2bc58!8m2!3d43.5862177!4d1.4937394!16s%2Fg%2F11fn9073my!19sChIJBWTXEqi9rhIRWLziO1Jd434?authuser=0&hl=fr&rclk=1
Complexe Icéo,3.6,,Complexe Icéo,,Escalles+France,Parc aquatique,https://www.google.com/maps/place/Complexe+Ic%C3%A9o/data=!4m7!3m6!1s0x47dc4061af89f6df:0xdddf9f4d1cf59b22!8m2!3d50.9565148!4d1.8966853!16s%2Fg%2F11bbwz0ll5!19sChIJ3_aJr2FA3EcRIpv1HE2f390?authuser=0&hl=fr&rclk=1
Centre Aquatique Les Hautes-Roches,4.1,,Centre Aquatique Les Hautes-Roches,,Saint-Germain-près-Herment+France,Parc aquatique,https://www.google.com/maps/place/Centre+Aquatique+Les+Hautes-Roches/data=!4m7!3m6!1s0x47f71bca47d7aaf7:0x1c2036ca6db1863b!8m2!3d45.7692372!4d3.0663535!16s%2Fg%2F11b6d5lt1f!19sChIJ96rXR8ob90cRO4axbco2IBw?authuser=0&hl=fr&rclk=1
Parc d'Attractions Aquatic Landes / Labenne,3.6,,Parc d'Attractions Aquatic Landes / Labenne,,Saint-Germain-Lespinasse+France,Parc aquatique,https://www.google.com/maps/place/Parc+d%27Attractions+Aquatic+Landes+%2F+Labenne/data=!4m7!3m6!1s0xd514488fe12707f:0xcb6cf6d5bdb04aed!8m2!3d43.5948793!4d-1.4533072!16s%2Fg%2F1tczx7_d!19sChIJf3AS_ohEUQ0R7UqwvdX2bMs?authuser=0&hl=fr&rclk=1
Espace Aquatique Fernand Bonnin,4.1,,Espace Aquatique Fernand Bonnin,,Mervans+France,Parc aquatique,https://www.google.com/maps/place/Espace+Aquatique+Fernand+Bonnin/data=!4m7!3m6!1s0x47f2c1a9982f1d3f:0x9c76aa3d60edb693!8m2!3d46.9990087!4d5.14033!16s%2Fg%2F11y4lq9hz5!19sChIJPx0vmKnB8kcRk7btYD2qdpw?authuser=0&hl=fr&rclk=1
Parc aquatique Aqua Mundo - Center Parcs Domaine Les Bois-Francs,4.0,,Parc aquatique Aqua Mundo - Center Parcs Domaine Les Bois-Francs,,Escalles+France,Parc aquatique,https://www.google.com/maps/place/Parc+aquatique+Aqua+Mundo+-+Center+Parcs+Domaine+Les+Bois-Francs/data=!4m7!3m6!1s0x47e17d43a8ed690d:0xf300cd76ca0653ec!8m2!3d48.728902!4d0.840066!16s%2Fg%2F11cnmwmkff!19sChIJDWntqEN94UcR7FMGynbNAPM?authuser=0&hl=fr&rclk=1
AQUAVAL - Complexe de loisirs à Lautrec,4.2,,AQUAVAL - Complexe de loisirs à Lautrec,,Escalquens+France,Parc aquatique,https://www.google.com/maps/place/AQUAVAL+-+Complexe+de+loisirs+%C3%A0+Lautrec/data=!4m7!3m6!1s0x12ae74a4ef28acc7:0x9ac15d606ae46587!8m2!3d43.7031115!4d2.1296714!16s%2Fg%2F1v1n_1wk!19sChIJx6wo76R0rhIRh2XkamBdwZo?authuser=0&hl=fr&rclk=1
Centre Aquatique,4.1,,Centre Aquatique,,Saint-Germain-près-Herment+France,Parc aquatique,https://www.google.com/maps/place/Centre+Aquatique/data=!4m7!3m6!1s0x47f6e566b99bf337:0xb89bc0999095dd2d!8m2!3d45.7270084!4d3.3433715!16s%2Fg%2F11btlpnffh!19sChIJN_ObuWbl9kcRLd2VkJnAm7g?authuser=0&hl=fr&rclk=1
Aqua Splash Aventures,4.9,,Aqua Splash Aventures,,Mervans+France,Parc aquatique,https://www.google.com/maps/place/Aqua+Splash+Aventures/data=!4m7!3m6!1s0x478cb3645045d283:0x59b505a322ce1131!8m2!3d46.3044148!4d5.3562345!16s%2Fg%2F11py9tc2p2!19sChIJg9JFUGSzjEcRMRHOIqMFtVk?authuser=0&hl=fr&rclk=1
AquaPlayPark – Parc Aquatique Toulouse,4.3,,AquaPlayPark – Parc Aquatique Toulouse,,Saint-Germain-Lespinasse+France,Parc aquatique,https://www.google.com/maps/place/AquaPlayPark+%E2%80%93+Parc+Aquatique+Toulouse/data=!4m7!3m6!1s0x12aee3edcec6572f:0x5dcc3f7d5a0e87cf!8m2!3d43.2291198!4d1.6138812!16s%2Fg%2F11c5fy7q54!19sChIJL1fGzu3jrhIRz4cOWn0_zF0?authuser=0&hl=fr&rclk=1
Le Parc des Rives de l'Aa,4.4,,Le Parc des Rives de l'Aa,,Escalles+France,Parc aquatique,https://www.google.com/maps/place/Le+Parc+des+Rives+de+l%27Aa/data=!4m7!3m6!1s0x47dc5d982cea9b3b:0xbf264263bbaa3f6b!8m2!3d50.9747498!4d2.133062!16s%2Fg%2F1pp2tl42r!19sChIJO5vqLJhd3EcRaz-qu2NCJr8?authuser=0&hl=fr&rclk=1
AquaParc Pyrénées,4.8,,AquaParc Pyrénées,,Escalquens+France,Parc aquatique,https://www.google.com/maps/place/AquaParc+Pyr%C3%A9n%C3%A9es/data=!4m7!3m6!1s0x12a857bfe3a31d47:0x663f4b407c4b7b38!8m2!3d43.0784518!4d0.5643329!16s%2Fg%2F11h126c_wp!19sChIJRx2j479XqBIROHtLfEBLP2Y?authuser=0&hl=fr&rclk=1
Centre Aqualudique,4.3,,Centre Aqualudique,,Saint-Germain-près-Herment+France,Parc aquatique,https://www.google.com/maps/place/Centre+Aqualudique/data=!4m7!3m6!1s0x47f7d37de13eebbd:0x4f50cd28f94cbdc1!8m2!3d45.0343529!4d3.0707115!16s%2Fg%2F1pp2tl9vb!19sChIJves-4X3T90cRwb1M-SjNUE8?authuser=0&hl=fr&rclk=1
AquaFunPark Laives,4.2,,AquaFunPark Laives,,Mervans+France,Parc aquatique,https://www.google.com/maps/place/AquaFunPark+Laives/data=!4m7!3m6!1s0x47f3035ab0157417:0xaaf3699de8b3a876!8m2!3d46.6701684!4d4.8305801!16s%2Fg%2F11qbkqlptj!19sChIJF3QVsFoD80cRdqiz6J1p86o?authuser=0&hl=fr&rclk=1
Bagatelle - Parc d'Attractions,4.2,,Bagatelle - Parc d'Attractions,,Escalles+France,Parc aquatique,https://www.google.com/maps/place/Bagatelle+-+Parc+d%27Attractions/data=!4m7!3m6!1s0x47dddb745860502b:0xfab66f4a2697d582!8m2!3d50.4304449!4d1.6051351!16s%2Fg%2F12mky6w5d!19sChIJK1BgWHTb3UcRgtWXJkpvtvo?authuser=0&hl=fr&rclk=1
La Bouscarasse,4.0,,La Bouscarasse,,Saint-Germain-Lespinasse+France,Parc aquatique,https://www.google.com/maps/place/La+Bouscarasse/data=!4m7!3m6!1s0x12b44a442540f613:0xd473ab87bdc05214!8m2!3d44.037433!4d4.3262812!16s%2Fg%2F1tctzm7q!19sChIJE_ZAJURKtBIRFFLAvYerc9Q?authuser=0&hl=fr&rclk=1
Animaparc Occitanie,4.3,,Animaparc Occitanie,,Escalquens+France,Parc aquatique,https://www.google.com/maps/place/Animaparc+Occitanie/data=!4m7!3m6!1s0x12abfe3ab4d39f63:0x46ad74c091f1faaf!8m2!3d43.787123!4d1.1319354!16s%2Fg%2F1td0jw5m!19sChIJY5_TtDr-qxIRr_rxkcB0rUY?authuser=0&hl=fr&rclk=1
Aquakids,1.8,,Aquakids,,Saint-Germain-près-Herment+France,Parc aquatique,https://www.google.com/maps/place/Aquakids/data=!4m7!3m6!1s0x47f71d0018173455:0x356518a13f199678!8m2!3d45.7385344!4d3.1604001!16s%2Fg%2F11w9gwv9fl!19sChIJVTQXGAAd90cReJYZP6EYZTU?authuser=0&hl=fr&rclk=1
AQUALYS,4.1,,AQUALYS,,Escalles+France,Parc aquatique,https://www.google.com/maps/place/AQUALYS/data=!4m7!3m6!1s0x47dd02b8003603cf:0xf6abd27943469660!8m2!3d50.6329664!4d2.4122551!16s%2Fg%2F11c20n789b!19sChIJzwM2ALgC3UcRYJZGQ3nSq_Y?authuser=0&hl=fr&rclk=1
Parc Des Combes,4.3,,Parc Des Combes,,Mervans+France,Parc aquatique,https://www.google.com/maps/place/Parc+Des+Combes/data=!4m7!3m6!1s0x47f24bdde9abbb07:0x1e1e3e04650864d!8m2!3d46.811627!4d4.413755!16s%2Fm%2F027zwp7!19sChIJB7ur6d1L8kcRTYZQRuDj4QE?authuser=0&hl=fr&rclk=1
Atlantic Toboggan,4.0,,Atlantic Toboggan,,Saint-Germain-Lespinasse+France,Parc aquatique,https://www.google.com/maps/place/Atlantic+Toboggan/data=!4m7!3m6!1s0x4804561d5e901d67:0x258896fd4f24c06b!8m2!3d46.7586033!4d-2.024573!16s%2Fg%2F1tdc956c!19sChIJZx2QXh1WBEgRa8AkT_2WiCU?authuser=0&hl=fr&rclk=1
La Bouscarasse,4.0,,La Bouscarasse,,Escalquens+France,Parc aquatique,https://www.google.com/maps/place/La+Bouscarasse/data=!4m7!3m6!1s0x12b44a442540f613:0xd473ab87bdc05214!8m2!3d44.037433!4d4.3262812!16s%2Fg%2F1tctzm7q!19sChIJE_ZAJURKtBIRFFLAvYerc9Q?authuser=0&hl=fr&rclk=1
Centre ludo-sportif Les Hermines,3.9,,Centre ludo-sportif Les Hermines,,Saint-Germain-près-Herment+France,Parc aquatique,https://www.google.com/maps/place/Centre+ludo-sportif+Les+Hermines/data=!4m7!3m6!1s0x47f7a1bf25b4b281:0xc8a6d42a1d6c50ec!8m2!3d45.5101213!4d2.8550589!16s%2Fg%2F113fwybcv!19sChIJgbK0Jb-h90cR7FBsHSrUpsg?authuser=0&hl=fr&rclk=1
Complexe Aquatique du Parc,3.7,,Complexe Aquatique du Parc,,Mervans+France,Parc aquatique,https://www.google.com/maps/place/Complexe+Aquatique+du+Parc/data=!4m7!3m6!1s0x47f24bf28b9e6cd9:0xc5ea0a32b31cbb7b!8m2!3d46.8002644!4d4.4258447!16s%2Fg%2F1q66x2jy3!19sChIJ2Wyei_JL8kcRe7scszIK6sU?authuser=0&hl=fr&rclk=1
Aquatic & Bowling Center,3.9,,Aquatic & Bowling Center,,Escalles+France,Parc aquatique,https://www.google.com/maps/place/Aquatic+%26+Bowling+Center/data=!4m7!3m6!1s0x47dda2d40bf85d9d:0xc9b7a65abd7d5a79!8m2!3d50.364285!4d2.031232!16s%2Fg%2F1hg4_lf5_!19sChIJnV34C9Si3UcReVp9vVqmt8k?authuser=0&hl=fr&rclk=1
Piscine intercommunale du Sicoval,3.8,,Piscine intercommunale du Sicoval,,Escalquens+France,Parc aquatique,https://www.google.com/maps/place/Piscine+intercommunale+du+Sicoval/data=!4m7!3m6!1s0x12ae95c9066c6aa1:0x3dc65a146272e805!8m2!3d43.5334605!4d1.5528113!16s%2Fg%2F12q4q2_lv!19sChIJoWpsBsmVrhIRBehyYhRaxj0?authuser=0&hl=fr&rclk=1
Aqua Bubble Boom Chour,4.4,,Aqua Bubble Boom Chour,,Saint-Germain-Lespinasse+France,Parc aquatique,https://www.google.com/maps/place/Aqua+Bubble+Boom+Chour/data=!4m7!3m6!1s0x47f2b96d26628ae3:0xf69762e65c4b3f5e!8m2!3d47.0561794!4d5.2352474!16s%2Fg%2F11qfy5qwt9!19sChIJ44piJm258kcRXj9LXOZil_Y?authuser=0&hl=fr&rclk=1
Aquaboulevard de Paris,3.7,,Aquaboulevard de Paris,,Saint-Germain-près-Herment+France,Parc aquatique,https://www.google.com/maps/place/Aquaboulevard+de+Paris/data=!4m7!3m6!1s0x47e6718b1fbcd4fd:0xa7968d889eb5402a!8m2!3d48.8318042!4d2.2762627!16s%2Fg%2F120hhrtz!19sChIJ_dS8H4tx5kcRKkC1noiNlqc?authuser=0&hl=fr&rclk=1
Parc Aquaviva Carcassonne,4.6,,Parc Aquaviva Carcassonne,,Escalquens+France,Parc aquatique,https://www.google.com/maps/place/Parc+Aquaviva+Carcassonne/data=!4m7!3m6!1s0x12ae2b024ffd2b55:0xf85aed6b7c557131!8m2!3d43.1815419!4d2.4195007!16s%2Fg%2F1q5bss3l8!19sChIJVSv9TwIrrhIRMXFVfGvtWvg?authuser=0&hl=fr&rclk=1
Parc d'Attractions Aquatic Landes / Labenne,3.6,,Parc d'Attractions Aquatic Landes / Labenne,,Escalles+France,Parc aquatique,https://www.google.com/maps/place/Parc+d%27Attractions+Aquatic+Landes+%2F+Labenne/data=!4m7!3m6!1s0xd514488fe12707f:0xcb6cf6d5bdb04aed!8m2!3d43.5948793!4d-1.4533072!16s%2Fg%2F1tczx7_d!19sChIJf3AS_ohEUQ0R7UqwvdX2bMs?authuser=0&hl=fr&rclk=1
Espace Nautique du Grand Chalon,3.9,,Espace Nautique du Grand Chalon,,Mervans+France,Parc aquatique,https://www.google.com/maps/place/Espace+Nautique+du+Grand+Chalon/data=!4m7!3m6!1s0x47f2fcb16399e839:0xec62b7569d3dde5f!8m2!3d46.7852844!4d4.8663754!16s%2Fg%2F11b6dh75yw!19sChIJOeiZY7H88kcRX949nVa3Yuw?authuser=0&hl=fr&rclk=1
Aquasplash,3.2,,Aquasplash,,Saint-Germain-Lespinasse+France,Parc aquatique,https://www.google.com/maps/place/Aquasplash/data=!4m7!3m6!1s0x12cdd4e53094e195:0x3231a5821eee6141!8m2!3d43.615356!4d7.124161!16s%2Fg%2F12hmcfpvc!19sChIJleGUMOXUzRIRQWHuHoKlMTI?authuser=0&hl=fr&rclk=1
Vulcania,4.2,,Vulcania,,Saint-Germain-près-Herment+France,Parc aquatique,https://www.google.com/maps/place/Vulcania/data=!4m7!3m6!1s0x47f71426ca4aff97:0x9ba5dfb092831813!8m2!3d45.812938!4d2.9428537!16zL20vMDd0bTh0!19sChIJl_9KyiYU90cRExiDkrDfpZs?authuser=0&hl=fr&rclk=1
Aquaboulevard de Paris,3.7,,Aquaboulevard de Paris,,Escalles+France,Parc aquatique,https://www.google.com/maps/place/Aquaboulevard+de+Paris/data=!4m7!3m6!1s0x47e6718b1fbcd4fd:0xa7968d889eb5402a!8m2!3d48.8318042!4d2.2762627!16s%2Fg%2F120hhrtz!19sChIJ_dS8H4tx5kcRKkC1noiNlqc?authuser=0&hl=fr&rclk=1
Le Dôme,4.3,,Le Dôme,,Saint-Germain-Lespinasse+France,Parc aquatique,https://www.google.com/maps/place/Le+D%C3%B4me/data=!4m7!3m6!1s0x47e17d69db837cbb:0x3f355f2ea5f3736c!8m2!3d48.7284774!4d0.8399143!16s%2Fg%2F11g8dk9ss1!19sChIJu3yD22l94UcRbHPzpS5fNT8?authuser=0&hl=fr&rclk=1
Parc aquatique La Pergola Capfun,4.2,,Parc aquatique La Pergola Capfun,,Mervans+France,Parc aquatique,https://www.google.com/maps/place/Parc+aquatique+La+Pergola+Capfun/data=!4m7!3m6!1s0x478ce19f00286bf9:0xa63164ead0fd6b78!8m2!3d46.6771091!4d5.7825208!16s%2Fg%2F11f9vc5bz8!19sChIJ-WsoAJ_hjEcReGv90OpkMaY?authuser=0&hl=fr&rclk=1
Le Dôme,4.3,,Le Dôme,,Saint-Germain-près-Herment+France,Parc aquatique,https://www.google.com/maps/place/Le+D%C3%B4me/data=!4m7!3m6!1s0x47e17d69db837cbb:0x3f355f2ea5f3736c!8m2!3d48.7284774!4d0.8399143!16s%2Fg%2F11g8dk9ss1!19sChIJu3yD22l94UcRbHPzpS5fNT8?authuser=0&hl=fr&rclk=1
AUDO'LAND,4.4,,AUDO'LAND,,Escalles+France,Parc aquatique,https://www.google.com/maps/place/AUDO%27LAND/data=!4m7!3m6!1s0x47dcf9a4d84f1bab:0xfa51e2c70dc45af5!8m2!3d50.7495651!4d2.2739019!16s%2Fg%2F11q93ntts5!19sChIJqxtP2KT53EcR9VrEDcfiUfo?authuser=0&hl=fr&rclk=1
Aquakids,1.8,,Aquakids,,Saint-Germain-Lespinasse+France,Parc aquatique,https://www.google.com/maps/place/Aquakids/data=!4m7!3m6!1s0x47f71d0018173455:0x356518a13f199678!8m2!3d45.7385344!4d3.1604001!16s%2Fg%2F11w9gwv9fl!19sChIJVTQXGAAd90cReJYZP6EYZTU?authuser=0&hl=fr&rclk=1
Parc d'Attractions Aquatic Landes / Labenne,3.6,,Parc d'Attractions Aquatic Landes / Labenne,,Saint-Germain-près-Herment+France,Parc aquatique,https://www.google.com/maps/place/Parc+d%27Attractions+Aquatic+Landes+%2F+Labenne/data=!4m7!3m6!1s0xd514488fe12707f:0xcb6cf6d5bdb04aed!8m2!3d43.5948793!4d-1.4533072!16s%2Fg%2F1tczx7_d!19sChIJf3AS_ohEUQ0R7UqwvdX2bMs?authuser=0&hl=fr&rclk=1
Espace Loisir Desnes,4.4,,Espace Loisir Desnes,,Mervans+France,Parc aquatique,https://www.google.com/maps/place/Espace+Loisir+Desnes/data=!4m7!3m6!1s0x478d2bef9ad5b7ad:0x5675a80ad7f27468!8m2!3d46.762163!4d5.478858!16s%2Fg%2F11g0mfqf6v!19sChIJrbfVmu8rjUcRaHTy1wqodVY?authuser=0&hl=fr&rclk=1
AquaFunPark Laives,4.2,,AquaFunPark Laives,,Saint-Germain-Lespinasse+France,Parc aquatique,https://www.google.com/maps/place/AquaFunPark+Laives/data=!4m7!3m6!1s0x47f3035ab0157417:0xaaf3699de8b3a876!8m2!3d46.6701684!4d4.8305801!16s%2Fg%2F11qbkqlptj!19sChIJF3QVsFoD80cRdqiz6J1p86o?authuser=0&hl=fr&rclk=1
Atlantic Toboggan,4.0,,Atlantic Toboggan,,Saint-Germain-près-Herment+France,Parc aquatique,https://www.google.com/maps/place/Atlantic+Toboggan/data=!4m7!3m6!1s0x4804561d5e901d67:0x258896fd4f24c06b!8m2!3d46.7586033!4d-2.024573!16s%2Fg%2F1tdc956c!19sChIJZx2QXh1WBEgRa8AkT_2WiCU?authuser=0&hl=fr&rclk=1
Aqualand Fréjus - Parc Aquatique,3.3,,Aqualand Fréjus - Parc Aquatique,,Saint-Germain-Lespinasse+France,Parc aquatique,https://www.google.com/maps/place/Aqualand+Fr%C3%A9jus+-+Parc+Aquatique/data=!4m7!3m6!1s0x12cebd6aca995eb7:0xa11c6b1f318e14fb!8m2!3d43.418155!4d6.726729!16s%2Fm%2F0k7ny58!19sChIJt16Zymq9zhIR-xSOMR9rHKE?authuser=0&hl=fr&rclk=1
Parc aquatique Wibit,4.3,,Parc aquatique Wibit,,Mervans+France,Parc aquatique,https://www.google.com/maps/place/Parc+aquatique+Wibit/data=!4m7!3m6!1s0x478c02deda07823b:0xc9cc93d919902db2!8m2!3d46.1523953!4d6.6713589!16s%2Fg%2F11dxjn53g0!19sChIJO4IH2t4CjEcRsi2QGdmTzMk?authuser=0&hl=fr&rclk=1
Aquaparc Bases de Loisirs,4.0,,Aquaparc Bases de Loisirs,,Saint-Germain-près-Herment+France,Parc aquatique,https://www.google.com/maps/place/Aquaparc+Bases+de+Loisirs/data=!4m7!3m6!1s0x47f547b77dac6785:0xc62ba156241ed609!8m2!3d45.174253!4d4.883139!16s%2Fg%2F11gzs6w23x!19sChIJhWesfbdH9UcRCdYeJFahK8Y?authuser=0&hl=fr&rclk=1
Parc aquatique,5.0,,Parc aquatique,,Saint-Germain-Lespinasse+France,Parc aquatique,https://www.google.com/maps/place/Parc+aquatique/data=!4m7!3m6!1s0x47f9a7149e6a5973:0x6c00cdb9f81e333!8m2!3d45.7903872!4d1.8977182!16s%2Fg%2F11jkwt4968!19sChIJc1lqnhSn-UcRM-OBn9sMwAY?authuser=0&hl=fr&rclk=1
Parc Aquatique de panthier,5.0,,Parc Aquatique de panthier,,Mervans+France,Parc aquatique,https://www.google.com/maps/place/Parc+Aquatique+de+panthier/data=!4m7!3m6!1s0x47f27b0067bf600f:0xf5abfff3d5e5bc70!8m2!3d47.2373997!4d4.6270565!16s%2Fg%2F11wbh28y1b!19sChIJD2C_ZwB78kcRcLzl1fP_q_U?authuser=0&hl=fr&rclk=1
Slidesparc,4.3,,Slidesparc,,Saint-Germain-près-Herment+France,Parc aquatique,https://www.google.com/maps/place/Slidesparc/data=!4m7!3m6!1s0x47f54726b5f33711:0xeb894e0ea847cd7!8m2!3d45.1757396!4d4.883282!16s%2Fg%2F11h6rr_jnq!19sChIJETfztSZH9UcR13yE6uCUuA4?authuser=0&hl=fr&rclk=1
Le Fleury,3.9,,Le Fleury,,Escalles+France,Parc aquatique,https://www.google.com/maps/place/Le+Fleury/data=!4m7!3m6!1s0x47c2bf0e21d2c41f:0x5fa67922d0f702bc!8m2!3d50.2744999!4d3.2875722!16s%2Fg%2F1tfjdpq7!19sChIJH8TSIQ6_wkcRvAL30CJ5pl8?authuser=0&hl=fr&rclk=1
Espace de Loisirs Bresse Haute Seille lac de Desnes,4.3,,Espace de Loisirs Bresse Haute Seille lac de Desnes,,Mervans+France,Parc aquatique,https://www.google.com/maps/place/Espace+de+Loisirs+Bresse+Haute+Seille+lac+de+Desnes/data=!4m7!3m6!1s0x478d2ba27d912bfb:0x224a8b14ae300095!8m2!3d46.760548!4d5.4832574!16s%2Fg%2F11f6mg5xtv!19sChIJ-yuRfaIrjUcRlQAwrhSLSiI?authuser=0&hl=fr&rclk=1
Aquasplash,3.2,,Aquasplash,,Escalles+France,Parc aquatique,https://www.google.com/maps/place/Aquasplash/data=!4m7!3m6!1s0x12cdd4e53094e195:0x3231a5821eee6141!8m2!3d43.615356!4d7.124161!16s%2Fg%2F12hmcfpvc!19sChIJleGUMOXUzRIRQWHuHoKlMTI?authuser=0&hl=fr&rclk=1
Ange Michel - Parc d'attractions,4.2,,Ange Michel - Parc d'attractions,,Saint-Germain-Lespinasse+France,Parc aquatique,https://www.google.com/maps/place/Ange+Michel+-+Parc+d%27attractions/data=!4m7!3m6!1s0x4809500a49ec21e5:0x6d23af0aac5db2cc!8m2!3d48.5689665!4d-1.2027811!16s%2Fg%2F1tdclbmj!19sChIJ5SHsSQpQCUgRzLJdrAqvI20?authuser=0&hl=fr&rclk=1
Ludolac,3.8,,Ludolac,,Mervans+France,Parc aquatique,https://www.google.com/maps/place/Ludolac/data=!4m7!3m6!1s0x4792ed64c5a9c3ef:0x1231fad180e76307!8m2!3d47.629659!4d6.1246246!16s%2Fg%2F1wzt199_!19sChIJ78OpxWTtkkcRB2PngNH6MRI?authuser=0&hl=fr&rclk=1
Camping Côte d'Opale le Blanc-Nez,4.3,,Camping Côte d'Opale le Blanc-Nez,,Escalles+France,Parc aquatique,https://www.google.com/maps/place/Camping+C%C3%B4te+d%27Opale+le+Blanc-Nez/data=!4m7!3m6!1s0x47dc3c9e42ad9ea1:0xb82fd23c60b42fea!8m2!3d50.9184635!4d1.7103534!16s%2Fg%2F1xpwj1bl!19sChIJoZ6tQp483EcR6i-0YDzSL7g?authuser=0&hl=fr&rclk=1
Aquaboulevard de Paris,3.7,,Aquaboulevard de Paris,,Saint-Germain-Lespinasse+France,Parc aquatique,https://www.google.com/maps/place/Aquaboulevard+de+Paris/data=!4m7!3m6!1s0x47e6718b1fbcd4fd:0xa7968d889eb5402a!8m2!3d48.8318042!4d2.2762627!16s%2Fg%2F120hhrtz!19sChIJ_dS8H4tx5kcRKkC1noiNlqc?authuser=0&hl=fr&rclk=1
Hôtel la Rivière,3.8,,SponsoriséPar Booking.com,,Bessonies+France,Hôtel avec spa,https://www.google.com/maps/place/H%C3%B4tel+la+Rivi%C3%A8re/data=!4m10!3m9!1s0x12b298edc6900073:0xd4d1690e5cadb65d!5m2!4m1!1i2!8m2!3d44.649285!4d2.567669!16s%2Fg%2F1tgkqvf1!19sChIJcwCQxu2YshIRXbatXA5p0dQ?authuser=0&hl=fr&rclk=1
Piscine Ranson,4.0,,Piscine Ranson,,Escalles+France,Parc aquatique,https://www.google.com/maps/place/Piscine+Ranson/data=!4m7!3m6!1s0x47dc3f0a6a2dac33:0xd0b3d0defc8a10f8!8m2!3d50.9551057!4d1.8475083!16s%2Fg%2F1vk6yhc_!19sChIJM6wtago_3EcR-BCK_N7Qs9A?authuser=0&hl=fr&rclk=1
Aqua Forest,4.5,,Aqua Forest,,Saint-Germain-Lespinasse+France,Parc aquatique,https://www.google.com/maps/place/Aqua+Forest/data=!4m7!3m6!1s0x12b46a57018382dd:0x5b31cc8445e491a8!8m2!3d44.067873!4d4.036477!16s%2Fg%2F1thlqft_!19sChIJ3YKDAVdqtBIRqJHkRYTMMVs?authuser=0&hl=fr&rclk=1
"The Originals Boutique, Grand Hôtel Saint-Pierre Aurillac",4.0,,SponsoriséPar Expedia.fr,,Bessonies+France,Hôtel avec spa,"https://www.google.com/maps/place/The+Originals+Boutique,+Grand+H%C3%B4tel+Saint-Pierre+Aurillac/data=!4m10!3m9!1s0x12ad559a10e7fe73:0x6f3b748b653e5e39!5m2!4m1!1i2!8m2!3d44.92803!4d2.446316!16s%2Fg%2F1tglw43p!19sChIJc_7nEJpVrRIROV4-ZYt0O28?authuser=0&hl=fr&rclk=1"
Demeures & Châteaux Auberge de la Tour - Restaurants & Hôtel,4.7,,Demeures & Châteaux Auberge de la Tour - Restaurants & Hôtel,,Bessonies+France,Hôtel avec spa,https://www.google.com/maps/place/Demeures+%26+Ch%C3%A2teaux+Auberge+de+la+Tour+-+Restaurants+%26+H%C3%B4tel/data=!4m10!3m9!1s0x12ad5c9d34121447:0xe9cecd5f07b1f7b7!5m2!4m1!1i2!8m2!3d44.7815232!4d2.35195!16s%2Fg%2F1tx17f0g!19sChIJRxQSNJ1crRIRt_exB1_Nzuk?authuser=0&hl=fr&rclk=1
Baignade biologique du Lac des Sapins,4.1,,Baignade biologique du Lac des Sapins,,Saint-Germain-Lespinasse+France,Parc aquatique,https://www.google.com/maps/place/Baignade+biologique+du+Lac+des+Sapins/data=!4m7!3m6!1s0x47f470600e8da2b1:0x7c2bf027060006d5!8m2!3d46.010334!4d4.3772212!16s%2Fg%2F12htb9gyq!19sChIJsaKNDmBw9EcR1QYABifwK3w?authuser=0&hl=fr&rclk=1
Armoripark,4.0,,Armoripark,,Saint-Germain-Lespinasse+France,Parc aquatique,https://www.google.com/maps/place/Armoripark/data=!4m7!3m6!1s0x4811891bedfe9601:0x25595ed7b0a28057!8m2!3d48.6169321!4d-3.2840287!16s%2Fg%2F1tdxvf2q!19sChIJAZb-7RuJEUgRV4CisNdeWSU?authuser=0&hl=fr&rclk=1
"Auberge La Tomette, The Originals Relais",4.4,,"Auberge La Tomette, The Originals Relais",,Bessonies+France,Hôtel avec spa,"https://www.google.com/maps/place/Auberge+La+Tomette,+The+Originals+Relais/data=!4m10!3m9!1s0x12ad5aba699e9ee7:0x9ead4886e546b083!5m2!4m1!1i2!8m2!3d44.815361!4d2.313939!16s%2Fg%2F1tlfryqx!19sChIJ556eabparRIRg7BG5YZIrZ4?authuser=0&hl=fr&rclk=1"
Chalet Zénaé - Escapade détente et bien-être avec Spa & Sauna,5.0,,Chalet Zénaé - Escapade détente et bien-être avec Spa & Sauna,,Bessonies+France,Hôtel avec spa,https://www.google.com/maps/place/Chalet+Z%C3%A9na%C3%A9+-+Escapade+d%C3%A9tente+et+bien-%C3%AAtre+avec+Spa+%26+Sauna/data=!4m10!3m9!1s0x12ad5be15965ca39:0x46b9b0b1db647c4c!5m2!4m1!1i2!8m2!3d44.8150913!4d2.3121366!16s%2Fg%2F11yhlr70yw!19sChIJOcplWeFbrRIRTHxk27GwuUY?authuser=0&hl=fr&rclk=1
"Gîte, la Maison d'Odette et Daniel",4.9,,"Gîte, la Maison d'Odette et Daniel",,Bessonies+France,Hôtel avec spa,"https://www.google.com/maps/place/G%C3%AEte,+la+Maison+d%27Odette+et+Daniel/data=!4m10!3m9!1s0x12ad5aba4cab2c7d:0x7944399d61d5971c!5m2!4m1!1i2!8m2!3d44.8153965!4d2.3145543!16s%2Fg%2F1tg3dg1q!19sChIJfSyrTLparRIRHJfVYZ05RHk?authuser=0&hl=fr&rclk=1"
La Ferme du Cayla,4.9,,La Ferme du Cayla,,Bessonies+France,Hôtel avec spa,https://www.google.com/maps/place/La+Ferme+du+Cayla/data=!4m10!3m9!1s0x12ad15061f54b6f5:0xdbaf73bff98048f7!5m2!4m1!1i2!8m2!3d44.652951!4d2.1084119!16s%2Fg%2F1tk40hcz!19sChIJ9bZUHwYVrRIR90iA-b9zr9s?authuser=0&hl=fr&rclk=1
Gîte Cantal - L'Oustal d'André,5.0,,Gîte Cantal - L'Oustal d'André,,Bessonies+France,Hôtel avec spa,https://www.google.com/maps/place/G%C3%AEte+Cantal+-+L%27Oustal+d%27Andr%C3%A9/data=!4m10!3m9!1s0x12ad43088e850265:0x77011e6feb61d1b1!5m2!4m1!1i2!8m2!3d44.737514!4d2.2531488!16s%2Fg%2F11hgd0_x2f!19sChIJZQKFjghDrRIRsdFh628eAXc?authuser=0&hl=fr&rclk=1
"D&O - Guesthouse ""La Pinède""",4.7,,"D&O - Guesthouse ""La Pinède""",,Bessonies+France,Hôtel avec spa,https://www.google.com/maps/place/D%26O+-+Guesthouse+%22La+Pin%C3%A8de%22/data=!4m10!3m9!1s0x12ad4b9a2fea3b5d:0xc6608cdd7c93ac3b!5m2!4m1!1i2!8m2!3d44.9423315!4d2.2141577!16s%2Fg%2F11gvy1xpmf!19sChIJXTvqL5pLrRIRO6yTfN2MYMY?authuser=0&hl=fr&rclk=1
La Ferme du Cerf Bleu (La Cote Monsieur),4.8,,La Ferme du Cerf Bleu (La Cote Monsieur),,Saint-Germain-lès-Senailly+France,Hôtel avec spa,https://www.google.com/maps/place/La+Ferme+du+Cerf+Bleu+%28La+Cote+Monsieur%29/data=!4m10!3m9!1s0x47ee7554be5591eb:0x64f3067a8e59e3d4!5m2!4m1!1i2!8m2!3d47.6910448!4d4.1176255!16s%2Fg%2F11gfcy40cj!19sChIJ65FVvlR17kcR1ONZjnoG82Q?authuser=0&hl=fr&rclk=1
La cabane au bain perché,5.0,,La cabane au bain perché,,Mertzen+France,Hôtel avec spa,https://www.google.com/maps/place/La+cabane+au+bain+perch%C3%A9/data=!4m10!3m9!1s0x47918fa9e197c48b:0xee8af6570e613015!5m2!4m1!1i2!8m2!3d47.63566!4d7.2359!16s%2Fg%2F11t51h6y93!19sChIJi8SX4amPkUcRFTBhDlf2iu4?authuser=0&hl=fr&rclk=1
Le relais de Morville,4.5,,Le relais de Morville,,Saint-Germain-lès-Senailly+France,Hôtel avec spa,https://www.google.com/maps/place/Le+relais+de+Morville/data=!4m10!3m9!1s0x47edeb75b2f6abd7:0x683953997b5717d0!5m2!4m1!1i2!8m2!3d47.6151153!4d4.4288577!16s%2Fg%2F1hc20gqwt!19sChIJ16v2snXr7UcR0BdXe5lTOWg?authuser=0&hl=fr&rclk=1
American Spa Motel,4.4,,American Spa Motel,,Mertzen+France,Hôtel avec spa,https://www.google.com/maps/place/American+Spa+Motel/data=!4m10!3m9!1s0x47921f4595300883:0x1bc71c968356b5a1!5m2!4m1!1i2!8m2!3d47.5268871!4d7.000012!16s%2Fg%2F11fsyy8ptk!19sChIJgwgwlUUfkkcRobVWg5Ycxxs?authuser=0&hl=fr&rclk=1
Hôtel La Bastide Saint Georges,4.5,,SponsoriséPar Hotels.com,,L'Escale+France,Hôtel avec spa,https://www.google.com/maps/place/H%C3%B4tel+La+Bastide+Saint+Georges/data=!4m10!3m9!1s0x12cbca82692c6685:0xa1bb3bb8dfdeeded!5m2!4m1!1i2!8m2!3d43.949949!4d5.765065!16s%2Fg%2F1tds3xh5!19sChIJhWYsaYLKyxIR7e3e37g7u6E?authuser=0&hl=fr&rclk=1
Sous Le Cerisier - Chambre d'Hôtes,5.0,,Sous Le Cerisier - Chambre d'Hôtes,,Saint-Germain-lès-Senailly+France,Hôtel avec spa,https://www.google.com/maps/place/Sous+Le+Cerisier+-+Chambre+d%27H%C3%B4tes/data=!4m10!3m9!1s0x47ed92c90cab9137:0xf373e28677622077!5m2!4m1!1i2!8m2!3d47.5416627!4d4.4666683!16s%2Fg%2F11b75n9qt4!19sChIJN5GrDMmS7UcRdyBid4bic_M?authuser=0&hl=fr&rclk=1
Cabanes des Grands Reflets,4.8,,Cabanes des Grands Reflets,,Mertzen+France,Hôtel avec spa,https://www.google.com/maps/place/Cabanes+des+Grands+Reflets/data=!4m10!3m9!1s0x47921f8e8cf90a97:0xe8ed5f9a113cc170!5m2!4m1!1i2!8m2!3d47.5435142!4d7.0170865!16s%2Fg%2F11c0xm9ryl!19sChIJlwr5jI4fkkcRcME8EZpf7eg?authuser=0&hl=fr&rclk=1
Plaines Provence Spa & Sauna,5.0,,Plaines Provence Spa & Sauna,,L'Escale+France,Hôtel avec spa,https://www.google.com/maps/place/Plaines+Provence+Spa+%26+Sauna/data=!4m10!3m9!1s0x12cb9bdb814992c1:0xf8f66945abb5e7e!5m2!4m1!1i2!8m2!3d44.0894241!4d6.1643067!16s%2Fg%2F11rv673_dz!19sChIJwZJJgdubyxIRfl67WpRmjw8?authuser=0&hl=fr&rclk=1
les biquettes amoureuses,4.9,,les biquettes amoureuses,,Mertzen+France,Hôtel avec spa,https://www.google.com/maps/place/les+biquettes+amoureuses/data=!4m10!3m9!1s0x47918fb73849dcb3:0x20db5af71f73c98d!5m2!4m1!1i2!8m2!3d47.617286!4d7.2129204!16s%2Fg%2F11jnsz57j7!19sChIJs9xJOLePkUcRjclzH_da2yA?authuser=0&hl=fr&rclk=1
Suit'Dream,4.9,,Suit'Dream,,L'Escale+France,Hôtel avec spa,https://www.google.com/maps/place/Suit%27Dream/data=!4m10!3m9!1s0x12cbbc0a976b3713:0xd2a648e19ac205c9!5m2!4m1!1i2!8m2!3d44.0340372!4d5.9836088!16s%2Fg%2F11h718gnwv!19sChIJEzdrlwq8yxIRyQXCmuFIptI?authuser=0&hl=fr&rclk=1
Le Jas de Péguier,4.8,,Le Jas de Péguier,,L'Escale+France,Hôtel avec spa,https://www.google.com/maps/place/Le+Jas+de+P%C3%A9guier/data=!4m10!3m9!1s0x12cba4d2de2446cd:0x1284682b0a5c8a54!5m2!4m1!1i2!8m2!3d44.0902481!4d5.9491647!16s%2Fg%2F11c1xqfrvn!19sChIJzUYk3tKkyxIRVIpcCitohBI?authuser=0&hl=fr&rclk=1
Les 3 Grains,5.0,,Les 3 Grains,,L'Escale+France,Hôtel avec spa,https://www.google.com/maps/place/Les+3+Grains/data=!4m10!3m9!1s0x12cbb98035765d15:0x831eb8f33c061d71!5m2!4m1!1i2!8m2!3d43.97081!4d5.9231149!16s%2Fg%2F11px8x2yx1!19sChIJFV12NYC5yxIRcR0GPPO4HoM?authuser=0&hl=fr&rclk=1
La Salamandre de l Olivier,5.0,,La Salamandre de l Olivier,,L'Escale+France,Hôtel avec spa,https://www.google.com/maps/place/La+Salamandre+de+l+Olivier/data=!4m10!3m9!1s0x12cba56848de8033:0x8c4f76e7a7379dc4!5m2!4m1!1i2!8m2!3d44.1306375!4d5.9686129!16s%2Fg%2F11jdmrgnwz!19sChIJM4DeSGilyxIRxJ03p-d2T4w?authuser=0&hl=fr&rclk=1
la tiny de peggy,5.0,,la tiny de peggy,,L'Escale+France,Hôtel avec spa,https://www.google.com/maps/place/la+tiny+de+peggy/data=!4m10!3m9!1s0x12cba7026c95c0df:0x5af715e63c50581!5m2!4m1!1i2!8m2!3d44.1837072!4d5.929664!16s%2Fg%2F11jcn2zdw1!19sChIJ38CVbAKnyxIRgQXFY15xrwU?authuser=0&hl=fr&rclk=1
Lou Cèu Sin,5.0,,Lou Cèu Sin,,L'Escale+France,Hôtel avec spa,https://www.google.com/maps/place/Lou+C%C3%A8u+Sin/data=!4m10!3m9!1s0x12cba1a944beef41:0x635313e2d81e760c!5m2!4m1!1i2!8m2!3d44.185044!4d6.008463!16s%2Fg%2F11hntdbhqw!19sChIJQe--RKmhyxIRDHYe2OITU2M?authuser=0&hl=fr&rclk=1
"Charme Hôtel, Montbéliard Sud",3.7,,SponsoriséPar Booking.com,,Bessoncourt+France,Hôtel avec spa,"https://www.google.com/maps/place/Charme+H%C3%B4tel,+Montb%C3%A9liard+Sud/data=!4m10!3m9!1s0x4792173235afca55:0x3282870fc559dbc!5m2!4m1!1i2!8m2!3d47.486445!4d6.814521!16s%2Fg%2F1xcbnk98!19sChIJVcqvNTIXkkcRvJ1V_HAoKAM?authuser=0&hl=fr&rclk=1"
O'SPA 25 - Bien Etre et Détente,4.8,,O'SPA 25 - Bien Etre et Détente,,Bessoncourt+France,Hôtel avec spa,https://www.google.com/maps/place/O%27SPA+25+-+Bien+Etre+et+D%C3%A9tente/data=!4m10!3m9!1s0x4792171b3d7b387f:0x87c71a2a3ccef5a4!5m2!4m1!1i2!8m2!3d47.5106729!4d6.7980141!16s%2Fg%2F11vqp3pgv3!19sChIJfzh7PRsXkkcRpPXOPCoax4c?authuser=0&hl=fr&rclk=1
American Spa Motel,4.4,,American Spa Motel,,Bessoncourt+France,Hôtel avec spa,https://www.google.com/maps/place/American+Spa+Motel/data=!4m10!3m9!1s0x47921f4595300883:0x1bc71c968356b5a1!5m2!4m1!1i2!8m2!3d47.5268871!4d7.000012!16s%2Fg%2F11fsyy8ptk!19sChIJgwgwlUUfkkcRobVWg5Ycxxs?authuser=0&hl=fr&rclk=1
Cabanes des Grands Reflets,4.8,,Cabanes des Grands Reflets,,Bessoncourt+France,Hôtel avec spa,https://www.google.com/maps/place/Cabanes+des+Grands+Reflets/data=!4m10!3m9!1s0x47921f8e8cf90a97:0xe8ed5f9a113cc170!5m2!4m1!1i2!8m2!3d47.5435142!4d7.0170865!16s%2Fg%2F11c0xm9ryl!19sChIJlwr5jI4fkkcRcME8EZpf7eg?authuser=0&hl=fr&rclk=1
belfortspa,4.9,,belfortspa,,Bessoncourt+France,Hôtel avec spa,https://www.google.com/maps/place/belfortspa/data=!4m10!3m9!1s0x47923c9f3d936807:0xb0b6c7f4808bce4d!5m2!4m1!1i2!8m2!3d47.6335389!4d6.8573872!16s%2Fg%2F11f3wmfmpj!19sChIJB2iTPZ88kkcRTc6LgPTHtrA?authuser=0&hl=fr&rclk=1
Aquapark Total-jump,4.4,,Aquapark Total-jump,,Mertzwiller+France,Parc aquatique,https://www.google.com/maps/place/Aquapark+Total-jump/data=!4m7!3m6!1s0x4796bf49e765b5d3:0xd0771f29618fb8d8!8m2!3d48.9677611!4d8.1641098!16s%2Fg%2F11b6g8nr04!19sChIJ07Vl50m_lkcR2LiPYSkfd9A?authuser=0&hl=fr&rclk=1
Parc aquatique Aqua Mundo - Center Parcs Domaine Les Bois-Francs,4.0,,Parc aquatique Aqua Mundo - Center Parcs Domaine Les Bois-Francs,,Mertzwiller+France,Parc aquatique,https://www.google.com/maps/place/Parc+aquatique+Aqua+Mundo+-+Center+Parcs+Domaine+Les+Bois-Francs/data=!4m7!3m6!1s0x47e17d43a8ed690d:0xf300cd76ca0653ec!8m2!3d48.728902!4d0.840066!16s%2Fg%2F11cnmwmkff!19sChIJDWntqEN94UcR7FMGynbNAPM?authuser=0&hl=fr&rclk=1
Didiland,4.3,,Didiland,,Mertzwiller+France,Parc aquatique,https://www.google.com/maps/place/Didiland/data=!4m7!3m6!1s0x479692f7736a8d5f:0x2f52224d4c11c5bb!8m2!3d48.913829!4d7.7534823!16s%2Fg%2F1218rkd_!19sChIJX41qc_eSlkcRu8URTE0iUi8?authuser=0&hl=fr&rclk=1
TREIGN'AQUA PARK,4.3,,TREIGN'AQUA PARK,,Saint-Germain-les-Vergnes+France,Parc aquatique,https://www.google.com/maps/place/TREIGN%27AQUA+PARK/data=!4m7!3m6!1s0x47f8ff48896e4275:0xe5ba394f6b90c475!8m2!3d45.5603812!4d1.8157178!16s%2Fg%2F11hyzc8ttn!19sChIJdUJuiUj_-EcRdcSQa085uuU?authuser=0&hl=fr&rclk=1
Le Splash,4.2,,Le Splash,,Saint-Germain-les-Vergnes+France,Parc aquatique,https://www.google.com/maps/place/Le+Splash/data=!4m7!3m6!1s0x47f87b097478c9d3:0xd2ea688c7b79a7b0!8m2!3d45.1003803!4d1.944104!16s%2Fg%2F113ggpx6s!19sChIJ08l4dAl7-EcRsKd5e4xo6tI?authuser=0&hl=fr&rclk=1
"Renacland, aquaparc & locations.",4.3,,"Renacland, aquaparc & locations.",,Saint-Germain-les-Vergnes+France,Parc aquatique,"https://www.google.com/maps/place/Renacland,+aquaparc+%26+locations./data=!4m7!3m6!1s0x12ad4b84383268e3:0xc786055ed3e7669d!8m2!3d44.9339485!4d2.2205415!16s%2Fg%2F11cnpj210d!19sChIJ42gyOIRLrRIRnWbn014Fhsc?authuser=0&hl=fr&rclk=1"
Parc aquatique,5.0,,Parc aquatique,,Saint-Germain-les-Vergnes+France,Parc aquatique,https://www.google.com/maps/place/Parc+aquatique/data=!4m7!3m6!1s0x47f9a7149e6a5973:0x6c00cdb9f81e333!8m2!3d45.7903872!4d1.8977182!16s%2Fg%2F11jkwt4968!19sChIJc1lqnhSn-UcRM-OBn9sMwAY?authuser=0&hl=fr&rclk=1
Parc aquatique/ attractions Quercyland - Lot,3.1,,Parc aquatique/ attractions Quercyland - Lot,,Saint-Germain-les-Vergnes+France,Parc aquatique,https://www.google.com/maps/place/Parc+aquatique%2F+attractions+Quercyland+-+Lot/data=!4m7!3m6!1s0x12acb6f6462849ab:0x547e19d401988007!8m2!3d44.8886457!4d1.4782183!16s%2Fg%2F113g4ym0_!19sChIJq0koRva2rBIRB4CYAdQZflQ?authuser=0&hl=fr&rclk=1
Parc aquatique Aqua Mundo - Center Parcs Domaine Les Bois-Francs,4.0,,Parc aquatique Aqua Mundo - Center Parcs Domaine Les Bois-Francs,,Saint-Germain-les-Vergnes+France,Parc aquatique,https://www.google.com/maps/place/Parc+aquatique+Aqua+Mundo+-+Center+Parcs+Domaine+Les+Bois-Francs/data=!4m7!3m6!1s0x47e17d43a8ed690d:0xf300cd76ca0653ec!8m2!3d48.728902!4d0.840066!16s%2Fg%2F11cnmwmkff!19sChIJDWntqEN94UcR7FMGynbNAPM?authuser=0&hl=fr&rclk=1
Aquaparc du Coucou,4.3,,Aquaparc du Coucou,,Saint-Germain-les-Vergnes+France,Parc aquatique,https://www.google.com/maps/place/Aquaparc+du+Coucou/data=!4m7!3m6!1s0x47ff49798b8288a1:0x2760c1f15fb31373!8m2!3d45.2529451!4d1.1373887!16s%2Fg%2F1tppr9_t!19sChIJoYiCi3lJ_0cRcxOzX_HBYCc?authuser=0&hl=fr&rclk=1
Centre Aqua,4.3,,Centre Aqua,,Saint-Germain-les-Vergnes+France,Parc aquatique,https://www.google.com/maps/place/Centre+Aqua/data=!4m7!3m6!1s0x47f88bbdedb7f07b:0xbb261bec6896b443!8m2!3d45.279489!4d1.784246!16s%2Fg%2F11snz0d86x!19sChIJe_C37b2L-EcRQ7SWaOwbJrs?authuser=0&hl=fr&rclk=1
AQUALOISIRS AUVERGNE,4.7,,AQUALOISIRS AUVERGNE,,Saint-Germain-les-Vergnes+France,Parc aquatique,https://www.google.com/maps/place/AQUALOISIRS+AUVERGNE/data=!4m7!3m6!1s0x47f7878c6c5728fb:0xd5957d7ec34bbeab!8m2!3d45.4442715!4d2.5063139!16s%2Fg%2F1233b0c59!19sChIJ-yhXbIyH90cRq75Lw359ldU?authuser=0&hl=fr&rclk=1
Aquatic Lagoon,2.8,,Aquatic Lagoon,,Saint-Germain-les-Vergnes+France,Parc aquatique,https://www.google.com/maps/place/Aquatic+Lagoon/data=!4m7!3m6!1s0x12ab35d91acce127:0xb730c41725643a4e!8m2!3d44.9872264!4d0.8890829!16s%2Fg%2F11nyttyblm!19sChIJJ-HMGtk1qxIRTjpkJRfEMLc?authuser=0&hl=fr&rclk=1
La Piscine Municipale de Brive la Gaillarde,4.1,,La Piscine Municipale de Brive la Gaillarde,,Saint-Germain-les-Vergnes+France,Parc aquatique,https://www.google.com/maps/place/La+Piscine+Municipale+de+Brive+la+Gaillarde/data=!4m7!3m6!1s0x47f897c3326d25b3:0xc299ae690e3c3eaa!8m2!3d45.1604136!4d1.5405564!16s%2Fg%2F11bzt4q0yx!19sChIJsyVtMsOX-EcRqj48DmmumcI?authuser=0&hl=fr&rclk=1
Hôtel des Princes,4.5,,SponsoriséPar Booking.com,,Saint-Germain-les-Paroisses+France,Hôtel avec spa,https://www.google.com/maps/place/H%C3%B4tel+des+Princes/data=!4m10!3m9!1s0x478ba8f937dae9f7:0xe4f8b7f7892d24db!5m2!4m1!1i2!8m2!3d45.566176!4d5.92191!16s%2Fg%2F1wtbssqh!19sChIJ9-naN_moi0cR2yQtife3-OQ?authuser=0&hl=fr&rclk=1
Logis Hôtel Blanc,4.4,,SponsoriséPar Booking.com,,Saint-Germain-les-Paroisses+France,Hôtel avec spa,https://www.google.com/maps/place/Logis+H%C3%B4tel+Blanc/data=!4m10!3m9!1s0x478b9c25c2046805:0xf4cd5106bd44311e!5m2!4m1!1i2!8m2!3d45.82921!4d5.98508!16s%2Fg%2F1tmptwm7!19sChIJBWgEwiWci0cRHjFEvQZRzfQ?authuser=0&hl=fr&rclk=1
Moulin du Landion,4.3,,SponsoriséPar Booking.com,,Mertrud+France,Hôtel avec spa,https://www.google.com/maps/place/Moulin+du+Landion/data=!4m10!3m9!1s0x47ec4055a2525cc1:0x89673c9471f975b3!5m2!4m1!1i2!8m2!3d48.267778!4d4.617778!16s%2Fg%2F1tf9ml2g!19sChIJwVxSolVA7EcRs3X5cZQ8Z4k?authuser=0&hl=fr&rclk=1
Domaine Dolomieu Château Hôtel & Spa,4.3,,Domaine Dolomieu Château Hôtel & Spa,,Saint-Germain-les-Paroisses+France,Hôtel avec spa,https://www.google.com/maps/place/Domaine+Dolomieu+Ch%C3%A2teau+H%C3%B4tel+%26+Spa/data=!4m10!3m9!1s0x478b2398e38c2521:0x5a789e606877356e!5m2!4m1!1i2!8m2!3d45.6135988!4d5.4948522!16s%2Fg%2F11fqcv9h9f!19sChIJISWM45gji0cRbjV3aGCeeFo?authuser=0&hl=fr&rclk=1
Little Wood Lodges Insolites - Hébergements Insolites Lac du Der,4.9,,Little Wood Lodges Insolites - Hébergements Insolites Lac du Der,,Mertrud+France,Hôtel avec spa,https://www.google.com/maps/place/Little+Wood+Lodges+Insolites+-+H%C3%A9bergements+Insolites+Lac+du+Der/data=!4m10!3m9!1s0x47ec7cc8d14582b9:0x4618a128aae982fe!5m2!4m1!1i2!8m2!3d48.4619726!4d4.9150101!16s%2Fg%2F11c1w0d7v0!19sChIJuYJF0ch87EcR_oLpqiihGEY?authuser=0&hl=fr&rclk=1
Domaine de Suzel,4.3,,Domaine de Suzel,,Saint-Germain-les-Paroisses+France,Hôtel avec spa,https://www.google.com/maps/place/Domaine+de+Suzel/data=!4m10!3m9!1s0x478b3b47ba108463:0x3cbd93c71b967349!5m2!4m1!1i2!8m2!3d45.6342481!4d5.4337638!16s%2Fg%2F12lt8tqhn!19sChIJY4QQukc7i0cRSXOWG8eTvTw?authuser=0&hl=fr&rclk=1
Château de la Mar,4.6,,Château de la Mar,,Saint-Germain-les-Paroisses+France,Hôtel avec spa,https://www.google.com/maps/place/Ch%C3%A2teau+de+la+Mar/data=!4m10!3m9!1s0x478b0cc13994ffb7:0x672cb16117782b14!5m2!4m1!1i2!8m2!3d45.7427004!4d5.7964333!16s%2Fg%2F12gh4b0w5!19sChIJt_-UOcEMi0cRFCt4F2GxLGc?authuser=0&hl=fr&rclk=1
A l'Aube des Sens,4.9,,A l'Aube des Sens,,Mertrud+France,Hôtel avec spa,https://www.google.com/maps/place/A+l%27Aube+des+Sens/data=!4m10!3m9!1s0x47ec73e379eb2f5f:0xd4b730111044d971!5m2!4m1!1i2!8m2!3d48.5225289!4d4.6587889!16s%2Fg%2F11s2m07qv5!19sChIJXy_reeNz7EcRcdlEEBEwt9Q?authuser=0&hl=fr&rclk=1
Les Bulles de Savoie - Boutique Hôtel Charme & Spa,4.9,,Les Bulles de Savoie - Boutique Hôtel Charme & Spa,,Saint-Germain-les-Paroisses+France,Hôtel avec spa,https://www.google.com/maps/place/Les+Bulles+de+Savoie+-+Boutique+H%C3%B4tel+Charme+%26+Spa/data=!4m10!3m9!1s0x478b0df3b76a73ad:0xb561d31637e208e5!5m2!4m1!1i2!8m2!3d45.717466!4d5.8070656!16s%2Fg%2F11gxx7lg9l!19sChIJrXNqt_MNi0cR5QjiNxbTYbU?authuser=0&hl=fr&rclk=1
Hôtel la Venise Verte,4.1,,Hôtel la Venise Verte,,Mertrud+France,Hôtel avec spa,https://www.google.com/maps/place/H%C3%B4tel+la+Venise+Verte/data=!4m10!3m9!1s0x47ec68d6feabd867:0x3a32ea77d8d5fe7b!5m2!4m1!1i2!8m2!3d48.3718!4d4.7339!16s%2Fg%2F1w6_n4m5!19sChIJZ9ir_tZo7EcRe_7V2HfqMjo?authuser=0&hl=fr&rclk=1
Les Lodges de la ViaRhôna,4.9,,Les Lodges de la ViaRhôna,,Saint-Germain-les-Paroisses+France,Hôtel avec spa,https://www.google.com/maps/place/Les+Lodges+de+la+ViaRh%C3%B4na/data=!4m10!3m9!1s0x478b13a48ef8ac4b:0x5edc1ba333785b72!5m2!4m1!1i2!8m2!3d45.7252562!4d5.7032007!16s%2Fg%2F11fkst6jj4!19sChIJS6z4jqQTi0cRclt4M6Mb3F4?authuser=0&hl=fr&rclk=1
L'Escale Dorée,4.7,,L'Escale Dorée,,Mertrud+France,Hôtel avec spa,https://www.google.com/maps/place/L%27Escale+Dor%C3%A9e/data=!4m10!3m9!1s0x47ec7727fd057d5d:0xa91ecc89717fc457!5m2!4m1!1i2!8m2!3d48.5529689!4d4.7530787!16s%2Fg%2F1tdp4cj0!19sChIJXX0F_Sd37EcRV8R_cYnMHqk?authuser=0&hl=fr&rclk=1
Les Balcons de la Terrosière,5.0,,Les Balcons de la Terrosière,,Saint-Germain-les-Paroisses+France,Hôtel avec spa,https://www.google.com/maps/place/Les+Balcons+de+la+Terrosi%C3%A8re/data=!4m10!3m9!1s0x478b0f0e61d355af:0xf3106d7010077838!5m2!4m1!1i2!8m2!3d45.66858!4d5.7835827!16s%2Fg%2F11wr2pgdlp!19sChIJr1XTYQ4Pi0cROHgHEHBtEPM?authuser=0&hl=fr&rclk=1
Château Hôtel Grand Barrail,4.5,,Château Hôtel Grand Barrail,,Besson+France,Hôtel avec spa,https://www.google.com/maps/place/Ch%C3%A2teau+H%C3%B4tel+Grand+Barrail/data=!4m10!3m9!1s0xd5551d90ddd983b:0x31a768665a235b9c!5m2!4m1!1i2!8m2!3d44.909105!4d-0.1919349!16s%2Fg%2F12hqjmqhf!19sChIJO5jdDdlRVQ0RnFsjWmZopzE?authuser=0&hl=fr&rclk=1
HAKUNA MATATA - Gite & Spa,4.6,,HAKUNA MATATA - Gite & Spa,,Saint-Germain-les-Paroisses+France,Hôtel avec spa,https://www.google.com/maps/place/HAKUNA+MATATA+-+Gite+%26+Spa/data=!4m10!3m9!1s0x478b11ed65baa5f3:0x9916ca9915a7571a!5m2!4m1!1i2!8m2!3d45.6093866!4d5.6801263!16s%2Fg%2F11j6ybwwsh!19sChIJ86W6Ze0Ri0cRGlenFZnKFpk?authuser=0&hl=fr&rclk=1
Château Besson,4.8,,Château Besson,,Besson+France,Hôtel avec spa,https://www.google.com/maps/place/Ch%C3%A2teau+Besson/data=!4m10!3m9!1s0x47f0a6530fec9e05:0xe750087597849b6!5m2!4m1!1i2!8m2!3d46.3642497!4d2.6265515!16s%2Fg%2F11b73nmy0g!19sChIJBZ7sD1Om8EcRtkl4WYcAdQ4?authuser=0&hl=fr&rclk=1
Gîte Le Pas De Moineau,5.0,,Gîte Le Pas De Moineau,,Saint-Germain-les-Paroisses+France,Hôtel avec spa,https://www.google.com/maps/place/G%C3%AEte+Le+Pas+De+Moineau/data=!4m10!3m9!1s0x478b3f2944d25dff:0x73f3d6173ebd1ec5!5m2!4m1!1i2!8m2!3d45.7308456!4d5.5547979!16s%2Fg%2F11nmq24ht0!19sChIJ_13SRCk_i0cRxR69PhfW83M?authuser=0&hl=fr&rclk=1
ValVital - Thermes & Spa Santenay,3.7,,ValVital - Thermes & Spa Santenay,,Saint-Germain-lès-Senailly+France,Centre thermal,https://www.google.com/maps/place/ValVital+-+Thermes+%26+Spa+Santenay/data=!4m7!3m6!1s0x47f259c69a8f9769:0x6ad19b3443b8d0ca!8m2!3d46.907074!4d4.687607!16s%2Fg%2F11q24htp11!19sChIJaZePmsZZ8kcRytC4QzSb0Wo?authuser=0&hl=fr&rclk=1
Hôtel Besson,5.0,,Hôtel Besson,,Besson+France,Hôtel avec spa,https://www.google.com/maps/place/H%C3%B4tel+Besson/data=!4m10!3m9!1s0x12adc34393552527:0xe9a33c00cd36f2fd!5m2!4m1!1i2!8m2!3d43.9384059!4d2.0837983!16s%2Fg%2F1q5bl9m4j!19sChIJJyVVk0PDrRIR_fI2zQA8o-k?authuser=0&hl=fr&rclk=1
Thermes de Bourbon-Lancy,4.5,,Thermes de Bourbon-Lancy,,Saint-Germain-lès-Senailly+France,Centre thermal,https://www.google.com/maps/place/Thermes+de+Bourbon-Lancy/data=!4m7!3m6!1s0x47f1703b54b3e551:0x11e87f69086ab4ba!8m2!3d46.6181161!4d3.7696314!16s%2Fg%2F1tfq_rvl!19sChIJUeWzVDtw8UcRurRqCGl_6BE?authuser=0&hl=fr&rclk=1
Gîtes Artist'au Chat,4.7,,Gîtes Artist'au Chat,,Saint-Germain-les-Paroisses+France,Hôtel avec spa,https://www.google.com/maps/place/G%C3%AEtes+Artist%27au+Chat/data=!4m10!3m9!1s0x478b0c223d628cb3:0x5339478c05f77326!5m2!4m1!1i2!8m2!3d45.6868788!4d5.7882624!16s%2Fg%2F1pp2vn0vf!19sChIJs4xiPSIMi0cRJnP3BYxHOVM?authuser=0&hl=fr&rclk=1
L'Ile aux Cottages,5.0,,L'Ile aux Cottages,,Saint-Germain-les-Paroisses+France,Hôtel avec spa,https://www.google.com/maps/place/L%27Ile+aux+Cottages/data=!4m10!3m9!1s0x478b11b6e924a721:0x86a9649a41c26674!5m2!4m1!1i2!8m2!3d45.6374881!4d5.6421309!16s%2Fg%2F11y_t6ll1c!19sChIJIack6bYRi0cRdGbCQZpkqYY?authuser=0&hl=fr&rclk=1
Thermes de Cambo-les-Bains,4.5,,Thermes de Cambo-les-Bains,,Saint-Germain-lès-Senailly+France,Centre thermal,https://www.google.com/maps/place/Thermes+de+Cambo-les-Bains/data=!4m7!3m6!1s0xd513a54ea1828dd:0xa3f3e8da5cddbf6!8m2!3d43.3546709!4d-1.3876673!16s%2Fg%2F1td1l9mm!19sChIJ3SgY6lQ6UQ0R9tvNpY0-Pwo?authuser=0&hl=fr&rclk=1
Hostal Empúries,4.2,,Hostal Empúries,,Escala+France,Hôtel avec spa,https://www.google.com/maps/place/Hostal+Emp%C3%BAries/data=!4m10!3m9!1s0x12bafbd847ea6751:0x535a654d13f09822!5m2!4m1!1i2!8m2!3d42.1312717!4d3.1217773!16s%2Fg%2F1yw9l0t60!19sChIJUWfqR9j7uhIRIpjwE01lWlM?authuser=0&hl=fr&rclk=1
Thermes de Luxeuil-les-Bains,4.2,,Thermes de Luxeuil-les-Bains,,Saint-Germain-lès-Senailly+France,Centre thermal,https://www.google.com/maps/place/Thermes+de+Luxeuil-les-Bains/data=!4m10!3m9!1s0x4792560be5a65763:0xf277bfd34a33fff8!5m2!4m1!1i2!8m2!3d47.8206642!4d6.3770605!16s%2Fg%2F1tczcttj!19sChIJY1em5QtWkkcR-P8zStO_d_I?authuser=0&hl=fr&rclk=1
Càmping La Ballena Alegre Costa Brava,4.5,,Càmping La Ballena Alegre Costa Brava,,Escala+France,Hôtel avec spa,https://www.google.com/maps/place/C%C3%A0mping+La+Ballena+Alegre+Costa+Brava/data=!4m10!3m9!1s0x12ba8a404209d9bd:0xb1186b2981a35e62!5m2!4m1!1i2!8m2!3d42.1531793!4d3.1118846!16s%2Fg%2F1tcx3lgy!19sChIJvdkJQkCKuhIRYl6jgSlrGLE?authuser=0&hl=fr&rclk=1
Déchèterie Saint Germain les Senailly,4.0,,Déchèterie Saint Germain les Senailly,,Saint-Germain-lès-Senailly+France,Centre thermal,https://www.google.com/maps/place/D%C3%A9ch%C3%A8terie+Saint+Germain+les+Senailly/data=!4m7!3m6!1s0x47ede547953c0ddb:0xbcd18d07e2616922!8m2!3d47.5932144!4d4.2705592!16s%2Fg%2F11j19d32xf!19sChIJ2w08lUfl7UcRImlh4geN0bw?authuser=0&hl=fr&rclk=1
Le Domaine du Golf d'Albret - Vacancéole,3.1,,SponsoriséPar Booking.com,,Escalans+France,Hôtel avec spa,https://www.google.com/maps/place/Le+Domaine+du+Golf+d%27Albret+-+Vacanc%C3%A9ole/data=!4m10!3m9!1s0x12aa69811cfa9969:0x68d00791ddb83fd2!5m2!4m1!1i2!8m2!3d44.174277!4d0.265054!16s%2Fg%2F1tct5wks!19sChIJaZn6HIFpqhIR0j-43ZEH0Gg?authuser=0&hl=fr&rclk=1
Appart Hôtel - Residhome Suites Paris Sénart,4.0,,SponsoriséPar Booking.com,,Saint-Germain-lès-Corbeil+France,Hôtel avec spa,https://www.google.com/maps/place/Appart+H%C3%B4tel+-+Residhome+Suites+Paris+S%C3%A9nart/data=!4m10!3m9!1s0x47e5e3f1d3c63f0f:0xa5ec5f29d79bd8de!5m2!4m1!1i2!8m2!3d48.620544!4d2.54044!16s%2Fg%2F1tdwzv8c!19sChIJDz_G0_Hj5UcR3tib1ylf7KU?authuser=0&hl=fr&rclk=1
Appart Hôtel - Residhome Suites Paris Sénart,4.0,,Appart Hôtel - Residhome Suites Paris Sénart,,Saint-Germain-lès-Corbeil+France,Hôtel avec spa,https://www.google.com/maps/place/Appart+H%C3%B4tel+-+Residhome+Suites+Paris+S%C3%A9nart/data=!4m10!3m9!1s0x47e5e3f3d7ad3bad:0xa5ec5f29d79bd8de!5m2!4m1!1i2!8m2!3d48.6205444!4d2.54044!16s%2Fg%2F1tdwzv8c!19sChIJrTut1_Pj5UcR3tib1ylf7KU?authuser=0&hl=fr&rclk=1
Logis Hôtel Château Bellevue,4.6,,Logis Hôtel Château Bellevue,,Escalans+France,Hôtel avec spa,https://www.google.com/maps/place/Logis+H%C3%B4tel+Ch%C3%A2teau+Bellevue/data=!4m10!3m9!1s0xd55f9f81c42f6fb:0xc497b6698bcc2bdb!5m2!4m1!1i2!8m2!3d43.9345436!4d-0.0751128!16s%2Fg%2F1th88fxw!19sChIJ-_ZCHPj5VQ0R2yvMi2m2l8Q?authuser=0&hl=fr&rclk=1
Chambres D’hôtes de charme Essonne Evry | Marquise Barbot Maison d'hôtes Evry,4.8,,Chambres D’hôtes de charme Essonne Evry | Marquise Barbot Maison d'hôtes Evry,,Saint-Germain-lès-Corbeil+France,Hôtel avec spa,https://www.google.com/maps/place/Chambres+D%E2%80%99h%C3%B4tes+de+charme+Essonne+Evry+%7C+Marquise+Barbot+Maison+d%27h%C3%B4tes+Evry/data=!4m10!3m9!1s0x47e5e1eb91efb6e5:0x21341c7513dae949!5m2!4m1!1i2!8m2!3d48.6284782!4d2.4583092!16s%2Fg%2F11jb0y99vw!19sChIJ5bbvkevh5UcRSenaE3UcNCE?authuser=0&hl=fr&rclk=1
La Métairie du Clos Saint Louis,4.9,,La Métairie du Clos Saint Louis,,Escalans+France,Hôtel avec spa,https://www.google.com/maps/place/La+M%C3%A9tairie+du+Clos+Saint+Louis/data=!4m10!3m9!1s0x12aa1aaa2e8fe587:0x71072999b29bd338!5m2!4m1!1i2!8m2!3d43.941469!4d0.154425!16s%2Fg%2F11cnbzbkrc!19sChIJh-WPLqoaqhIRONObspkpB3E?authuser=0&hl=fr&rclk=1
"Chambre d’Hôte "" La Maison Du Bonheur""",4.8,,"Chambre d’Hôte "" La Maison Du Bonheur""",,Saint-Germain-lès-Corbeil+France,Hôtel avec spa,https://www.google.com/maps/place/Chambre+d%E2%80%99H%C3%B4te+%22+La+Maison+Du+Bonheur%22/data=!4m10!3m9!1s0x47e5e6c0a701a5ef:0x57af60f56887bd7a!5m2!4m1!1i2!8m2!3d48.5960708!4d2.5014303!16s%2Fg%2F11f4wsvvk6!19sChIJ76UBp8Dm5UcRer2HaPVgr1c?authuser=0&hl=fr&rclk=1
Victor's Residenz-Hotel Saarbrücken,4.4,,SponsoriséPar Booking.com,,Merten+France,Hôtel avec spa,https://www.google.com/maps/place/Victor%27s+Residenz-Hotel+Saarbr%C3%BCcken/data=!4m10!3m9!1s0x4795b3e8b7f38dff:0x5ca61b6ea9717f4b!5m2!4m1!1i2!8m2!3d49.225693!4d6.96106!16s%2Fg%2F1tmxdhf4!19sChIJ_43zt-izlUcRS39xqW4bplw?authuser=0&hl=fr&rclk=1
Le Relais du Moulin Neuf - Cap France,4.5,,Le Relais du Moulin Neuf - Cap France,,Escalans+France,Hôtel avec spa,https://www.google.com/maps/place/Le+Relais+du+Moulin+Neuf+-+Cap+France/data=!4m10!3m9!1s0x12aa6983ccb06c8f:0x91a2e51378c5f8d6!5m2!4m1!1i2!8m2!3d44.1766876!4d0.2640894!16s%2Fg%2F1thpywq0!19sChIJj2ywzINpqhIR1vjFeBPlopE?authuser=0&hl=fr&rclk=1
Best Western Victor's Residenz-Hotel Rodenhof,4.3,,SponsoriséPar Expedia.fr,,Merten+France,Hôtel avec spa,https://www.google.com/maps/place/Best+Western+Victor%27s+Residenz-Hotel+Rodenhof/data=!4m10!3m9!1s0x4795b6ba9946472b:0x64f20707b420a025!5m2!4m1!1i2!8m2!3d49.246507!4d6.998647!16s%2Fg%2F1tctdjts!19sChIJK0dGmbq2lUcRJaAgtAcH8mQ?authuser=0&hl=fr&rclk=1
belfortspa,4.9,,belfortspa,,Bessoncourt+France,Centre thermal,https://www.google.com/maps/place/belfortspa/data=!4m10!3m9!1s0x47923c9f3d936807:0xb0b6c7f4808bce4d!5m2!4m1!1i2!8m2!3d47.6335389!4d6.8573872!16s%2Fg%2F11f3wmfmpj!19sChIJB2iTPZ88kkcRTc6LgPTHtrA?authuser=0&hl=fr&rclk=1
les Eygletières,5.0,,les Eygletières,,Escalans+France,Hôtel avec spa,https://www.google.com/maps/place/les+Eygleti%C3%A8res/data=!4m10!3m9!1s0xd559329715068f5:0x1f2a792563337d6a!5m2!4m1!1i2!8m2!3d44.1298989!4d-0.2194942!16s%2Fg%2F11j3pcx11m!19sChIJ9WhQcSmTVQ0Ran0zYyV5Kh8?authuser=0&hl=fr&rclk=1
La Grange de Condé,4.4,,La Grange de Condé,,Merten+France,Hôtel avec spa,https://www.google.com/maps/place/La+Grange+de+Cond%C3%A9/data=!4m10!3m9!1s0x4794e2e542714cb1:0xddbb81db17092cdd!5m2!4m1!1i2!8m2!3d49.1554326!4d6.4313679!16s%2Fg%2F1v44cxcb!19sChIJsUxxQuXilEcR3SwJF9uBu90?authuser=0&hl=fr&rclk=1
SPA LA TOUR Collection - Belfort,4.7,,SPA LA TOUR Collection - Belfort,,Bessoncourt+France,Centre thermal,https://www.google.com/maps/place/SPA+LA+TOUR+Collection+-+Belfort/data=!4m7!3m6!1s0x47923b5a038ae011:0x4d77a7be8067f612!8m2!3d47.6448013!4d6.863098!16s%2Fg%2F11srtyf1cb!19sChIJEeCKA1o7kkcREvZngL6nd00?authuser=0&hl=fr&rclk=1
villa la lorraine,4.6,,villa la lorraine,,Merten+France,Hôtel avec spa,https://www.google.com/maps/place/villa+la+lorraine/data=!4m10!3m9!1s0x47944d3a186c2289:0x869cd8bd805e9b7c!5m2!4m1!1i2!8m2!3d49.1484857!4d6.8937514!16s%2Fg%2F11fy9hrc52!19sChIJiSJsGDpNlEcRfJtegL3YnIY?authuser=0&hl=fr&rclk=1
Decathlon Bessoncourt,4.2,,Decathlon Bessoncourt,,Bessoncourt+France,Centre thermal,https://www.google.com/maps/place/Decathlon+Bessoncourt/data=!4m7!3m6!1s0x4792249a1b2c79a9:0x6d9d712d0b37d803!8m2!3d47.6439988!4d6.9158133!16s%2Fg%2F1jkygylp1!19sChIJqXksG5okkkcRA9g3Cy1xnW0?authuser=0&hl=fr&rclk=1
Chez Mariebel' (Chambres d'hôtes et gîte rural),4.5,,Chez Mariebel' (Chambres d'hôtes et gîte rural),,Merten+France,Hôtel avec spa,https://www.google.com/maps/place/Chez+Mariebel%27+%28Chambres+d%27h%C3%B4tes+et+g%C3%AEte+rural%29/data=!4m10!3m9!1s0x479502fc18c64ecf:0x6c95895b2139e42e!5m2!4m1!1i2!8m2!3d49.2179345!4d6.5242494!16s%2Fg%2F11z20nrbh!19sChIJz07GGPwClUcRLuQ5IVuJlWw?authuser=0&hl=fr&rclk=1
Bain national et Buvette thermale,4.1,,Bain national et Buvette thermale,,Bessoncourt+France,Centre thermal,https://www.google.com/maps/place/Bain+national+et+Buvette+thermale/data=!4m7!3m6!1s0x4793abc25218427b:0x1465f193498939cb!8m2!3d47.9654369!4d6.4593179!16s%2Fg%2F1z44r_qlv!19sChIJe0IYUsKrk0cRyzmJSZPxZRQ?authuser=0&hl=fr&rclk=1
Lovely Goodies,,,Lovely Goodies,,Merten+France,Hôtel avec spa,https://www.google.com/maps/place/Lovely+Goodies/data=!4m10!3m9!1s0x4794fdb28f30de7b:0x1006082360c2f453!5m2!4m1!1i2!8m2!3d49.1811717!4d6.5005863!16s%2Fg%2F11y6st21mm!19sChIJe94wj7L9lEcRU_TCYCMIBhA?authuser=0&hl=fr&rclk=1
Best Western Grand Hôtel de Paris,4.2,,SponsoriséPar Expedia.fr,,Bessins+France,Hôtel avec spa,https://www.google.com/maps/place/Best+Western+Grand+H%C3%B4tel+de+Paris/data=!4m10!3m9!1s0x478a917338052431:0x70ea05e5786964e!5m2!4m1!1i2!8m2!3d45.071491!4d5.552728!16s%2Fg%2F1tf7wm12!19sChIJMSQFOHORikcRTpaGV16gDgc?authuser=0&hl=fr&rclk=1
Château de la Rochetière,4.8,,Château de la Rochetière,,Bessins+France,Hôtel avec spa,https://www.google.com/maps/place/Ch%C3%A2teau+de+la+Rocheti%C3%A8re/data=!4m10!3m9!1s0x478ad3002a197899:0x4e34603a7e9eda67!5m2!4m1!1i2!8m2!3d45.3398863!4d5.1797447!16s%2Fg%2F11lf6nkjqt!19sChIJmXgZKgDTikcRZ9qefjpgNE4?authuser=0&hl=fr&rclk=1
Pont du Chalon Hôtel,4.6,,Pont du Chalon Hôtel,,Bessins+France,Hôtel avec spa,https://www.google.com/maps/place/Pont+du+Chalon+H%C3%B4tel/data=!4m10!3m9!1s0x47f54bf6f22b064d:0xbc7084ebe484da5e!5m2!4m1!1i2!8m2!3d45.1245!4d5.046817!16s%2Fg%2F1tjgzqbb!19sChIJTQYr8vZL9UcRXtqE5OuEcLw?authuser=0&hl=fr&rclk=1
Le Val des Sens,4.8,,Le Val des Sens,,Bessins+France,Hôtel avec spa,https://www.google.com/maps/place/Le+Val+des+Sens/data=!4m10!3m9!1s0x478ab709963a03c5:0x66cd83162a6e828a!5m2!4m1!1i2!8m2!3d45.140042!4d5.2465!16s%2Fg%2F11bbrmxyj4!19sChIJxQM6lgm3ikcRioJuKhaDzWY?authuser=0&hl=fr&rclk=1
Parc aquatique la Saule,4.1,,Parc aquatique la Saule,,Bessonies+France,Parc aquatique,https://www.google.com/maps/place/Parc+aquatique+la+Saule/data=!4m7!3m6!1s0x12acd3e873cbd2bb:0xd2fa980ecf35d311!8m2!3d44.9220897!4d1.7349953!16s%2Fg%2F1vd3xvgh!19sChIJu9LLc-jTrBIREdM1zw6Y-tI?authuser=0&hl=fr&rclk=1
La Parenthèse Romantique - Chambre d'hôtes & Love Room avec jacuzzi privatif Drôme,4.9,,La Parenthèse Romantique - Chambre d'hôtes & Love Room avec jacuzzi privatif Drôme,,Bessins+France,Hôtel avec spa,https://www.google.com/maps/place/La+Parenth%C3%A8se+Romantique+-+Chambre+d%27h%C3%B4tes+%26+Love+Room+avec+jacuzzi+privatif+Dr%C3%B4me/data=!4m10!3m9!1s0x478ab3da0db7516b:0x20d724dae9451ed5!5m2!4m1!1i2!8m2!3d45.1059455!4d5.1074568!16s%2Fg%2F11rs9nklsf!19sChIJa1G3DdqzikcR1R5F6dok1yA?authuser=0&hl=fr&rclk=1
"Renacland, aquaparc & locations.",4.3,,"Renacland, aquaparc & locations.",,Bessonies+France,Parc aquatique,"https://www.google.com/maps/place/Renacland,+aquaparc+%26+locations./data=!4m7!3m6!1s0x12ad4b84383268e3:0xc786055ed3e7669d!8m2!3d44.9339485!4d2.2205415!16s%2Fg%2F11cnpj210d!19sChIJ42gyOIRLrRIRnWbn014Fhsc?authuser=0&hl=fr&rclk=1"
"La Croisée des Chemins Gîtes - Salle de réunion - Spa, Hammam et Sauna - Piscine Chauffée",4.9,,"La Croisée des Chemins Gîtes - Salle de réunion - Spa, Hammam et Sauna - Piscine Chauffée",,Bessins+France,Hôtel avec spa,"https://www.google.com/maps/place/La+Crois%C3%A9e+des+Chemins+G%C3%AEtes+-+Salle+de+r%C3%A9union+-+Spa,+Hammam+et+Sauna+-+Piscine+Chauff%C3%A9e/data=!4m10!3m9!1s0x478adcdab8cbf4b1:0xd80cbf8b404a9d3a!5m2!4m1!1i2!8m2!3d45.3314563!4d5.4289409!16s%2Fg%2F1hm2bsz4m!19sChIJsfTLuNrcikcROp1KQIu_DNg?authuser=0&hl=fr&rclk=1"
Aqua Parc Aqua Monkey Island,4.8,,Aqua Parc Aqua Monkey Island,,Bessonies+France,Parc aquatique,https://www.google.com/maps/place/Aqua+Parc+Aqua+Monkey+Island/data=!4m7!3m6!1s0x12acbd0cf0613715:0x27c0ca27058b95aa!8m2!3d44.7519383!4d1.3745178!16s%2Fg%2F11hdpt6c17!19sChIJFTdh8Ay9rBIRqpWLBSfKwCc?authuser=0&hl=fr&rclk=1
Les Granges Du Fournel,4.9,,Les Granges Du Fournel,,Bessins+France,Hôtel avec spa,https://www.google.com/maps/place/Les+Granges+Du+Fournel/data=!4m10!3m9!1s0x478ab13ece30a651:0x62f83f934127fead!5m2!4m1!1i2!8m2!3d45.091354!4d5.2054859!16s%2Fg%2F11btm102yv!19sChIJUaYwzj6xikcRrf4nQZM_-GI?authuser=0&hl=fr&rclk=1
Parc aquatique/ attractions Quercyland - Lot,3.1,,Parc aquatique/ attractions Quercyland - Lot,,Bessonies+France,Parc aquatique,https://www.google.com/maps/place/Parc+aquatique%2F+attractions+Quercyland+-+Lot/data=!4m7!3m6!1s0x12acb6f6462849ab:0x547e19d401988007!8m2!3d44.8886457!4d1.4782183!16s%2Fg%2F113g4ym0_!19sChIJq0koRva2rBIRB4CYAdQZflQ?authuser=0&hl=fr&rclk=1
Château de Saint Germain du Plain,5.0,,Château de Saint Germain du Plain,,Saint-Germain-lès-Buxy+France,Hôtel avec spa,https://www.google.com/maps/place/Ch%C3%A2teau+de+Saint+Germain+du+Plain/data=!4m10!3m9!1s0x47f31e30c777c7cf:0x2031d86377f8d268!5m2!4m1!1i2!8m2!3d46.7024075!4d4.9809926!16s%2Fg%2F1v8gbc3h!19sChIJz8d3xzAe80cRaNL4d2PYMSA?authuser=0&hl=fr&rclk=1
grand gîte Coeur des montagnes,4.8,,grand gîte Coeur des montagnes,,Bessins+France,Hôtel avec spa,https://www.google.com/maps/place/grand+g%C3%AEte+Coeur+des+montagnes/data=!4m10!3m9!1s0x478a951bad8f9d2d:0xa137e4f3ca12bbc6!5m2!4m1!1i2!8m2!3d45.1430359!4d5.4802688!16s%2Fg%2F11r8yp74w!19sChIJLZ2PrRuVikcRxrsSyvPkN6E?authuser=0&hl=fr&rclk=1
Parc aquatique et base nautique Aqu’aloa,4.0,,Parc aquatique et base nautique Aqu’aloa,,Bessonies+France,Parc aquatique,https://www.google.com/maps/place/Parc+aquatique+et+base+nautique+Aqu%E2%80%99aloa/data=!4m7!3m6!1s0x12b29750417bfbbd:0x5aa56d77d1d97fae!8m2!3d44.6673721!4d2.6792726!16s%2Fg%2F11hyt6yfkn!19sChIJvft7QVCXshIRrn_Z0XdtpVo?authuser=0&hl=fr&rclk=1
Hôtel & Spa le Dracy,4.5,,Hôtel & Spa le Dracy,,Saint-Germain-lès-Buxy+France,Hôtel avec spa,https://www.google.com/maps/place/H%C3%B4tel+%26+Spa+le+Dracy/data=!4m10!3m9!1s0x47f2feabe8526cfd:0xd2059671f1983ced!5m2!4m1!1i2!8m2!3d46.7985913!4d4.7825277!16s%2Fg%2F1tsyp3g1!19sChIJ_WxS6Kv-8kcR7TyY8XGWBdI?authuser=0&hl=fr&rclk=1
Résidence hôtelière H85,4.7,,Résidence hôtelière H85,,Bessins+France,Hôtel avec spa,https://www.google.com/maps/place/R%C3%A9sidence+h%C3%B4teli%C3%A8re+H85/data=!4m10!3m9!1s0x478ab996dce795c9:0x899e38c1383037e9!5m2!4m1!1i2!8m2!3d45.1432886!4d5.3028563!16s%2Fg%2F11fr3gm3xv!19sChIJyZXn3Ja5ikcR6TcwOME4nok?authuser=0&hl=fr&rclk=1
domaine naturiste Le Pont d'Adèle,4.7,125,domaine naturiste Le Pont d'Adèle,,Bessins+France,Hôtel avec spa,https://www.google.com/maps/place/domaine+naturiste+Le+Pont+d%27Ad%C3%A8le/data=!4m10!3m9!1s0x478ac7b2887db459:0xbad78d2afb11c28b!5m2!4m1!1i2!8m2!3d45.2062709!4d5.3180581!16s%2Fg%2F1tscmwy6!19sChIJWbR9iLLHikcRi8IR-yqN17o?authuser=0&hl=fr&rclk=1
Hôtel & Spa Les Sept Fontaines,4.6,,Hôtel & Spa Les Sept Fontaines,,Saint-Germain-lès-Buxy+France,Hôtel avec spa,https://www.google.com/maps/place/H%C3%B4tel+%26+Spa+Les+Sept+Fontaines/data=!4m10!3m9!1s0x47f3111aaf85637b:0x4502de9c54c6d83a!5m2!4m1!1i2!8m2!3d46.5643731!4d4.9073784!16s%2Fg%2F11fp81p16q!19sChIJe2OFrxoR80cROtjGVJzeAkU?authuser=0&hl=fr&rclk=1
Maison d'hôtes au Château de la Villeneuve,4.9,,Maison d'hôtes au Château de la Villeneuve,,Saint-Germain-lès-Buxy+France,Hôtel avec spa,https://www.google.com/maps/place/Maison+d%27h%C3%B4tes+au+Ch%C3%A2teau+de+la+Villeneuve/data=!4m10!3m9!1s0x47f2e31856e3e427:0x676f26391e9ef0d4!5m2!4m1!1i2!8m2!3d46.7670333!4d4.894327!16s%2Fg%2F11h3mqlwzb!19sChIJJ-TjVhjj8kcR1PCeHjkmb2c?authuser=0&hl=fr&rclk=1
Hôtel Saint-Georges & Spa & Brasserie Le Terminus,4.2,,Hôtel Saint-Georges & Spa & Brasserie Le Terminus,,Saint-Germain-lès-Buxy+France,Hôtel avec spa,https://www.google.com/maps/place/H%C3%B4tel+Saint-Georges+%26+Spa+%26+Brasserie+Le+Terminus/data=!4m10!3m9!1s0x47f2fc94a325fba5:0x95a6c5ad86a2cbcc!5m2!4m1!1i2!8m2!3d46.7823278!4d4.844255!16s%2Fg%2F1tdvz6xw!19sChIJpfslo5T88kcRzMuihq3FppU?authuser=0&hl=fr&rclk=1
Demeures & Châteaux Hôtel de Greuze,4.5,,Demeures & Châteaux Hôtel de Greuze,,Saint-Germain-lès-Buxy+France,Hôtel avec spa,https://www.google.com/maps/place/Demeures+%26+Ch%C3%A2teaux+H%C3%B4tel+de+Greuze/data=!4m10!3m9!1s0x47f31b1b214af3ff:0xcc5ac0c303bee3d1!5m2!4m1!1i2!8m2!3d46.5668!4d4.9084!16s%2Fg%2F1232svfk8!19sChIJ__NKIRsb80cR0eO-A8PAWsw?authuser=0&hl=fr&rclk=1
Château de Prety,4.0,,Château de Prety,,Saint-Germain-lès-Buxy+France,Hôtel avec spa,https://www.google.com/maps/place/Ch%C3%A2teau+de+Prety/data=!4m10!3m9!1s0x47f3173e3d68741d:0x19bad77b1bd81c13!5m2!4m1!1i2!8m2!3d46.5411014!4d4.9415266!16s%2Fg%2F11b6dq57s0!19sChIJHXRoPT4X80cRExzYG3vXuhk?authuser=0&hl=fr&rclk=1
Domaine les Bertrands,4.6,,Domaine les Bertrands,,Saint-Germain-lès-Buxy+France,Hôtel avec spa,https://www.google.com/maps/place/Domaine+les+Bertrands/data=!4m10!3m9!1s0x47f250f425b72e4b:0x14a5f0794809fb4d!5m2!4m1!1i2!8m2!3d46.8654306!4d4.5777928!16s%2Fg%2F1thvg8j2!19sChIJSy63JfRQ8kcRTfsJSHnwpRQ?authuser=0&hl=fr&rclk=1
Bed and Bourgogne,4.9,,Bed and Bourgogne,,Saint-Germain-lès-Buxy+France,Hôtel avec spa,https://www.google.com/maps/place/Bed+and+Bourgogne/data=!4m10!3m9!1s0x47f306b5daff2763:0xc30f933800be2992!5m2!4m1!1i2!8m2!3d46.6470468!4d4.7366121!16s%2Fg%2F1tj3kds2!19sChIJYyf_2rUG80cRkim-ADiTD8M?authuser=0&hl=fr&rclk=1
Domaine La Malterre,4.7,,Domaine La Malterre,,Saint-Germain-lès-Buxy+France,Hôtel avec spa,https://www.google.com/maps/place/Domaine+La+Malterre/data=!4m10!3m9!1s0x47f3ac44bd3b0335:0x6873ee7f0f2630f8!5m2!4m1!1i2!8m2!3d46.6847574!4d4.5623316!16s%2Fg%2F11b6dqyf9z!19sChIJNQM7vUSs80cR-DAmD3_uc2g?authuser=0&hl=fr&rclk=1
"Severine: Chambre d'hôtes b&b, étape horse, halte cycliste/motard, camping espace privé, idéal naturistes, Saône-et-Loire",4.0,,"Severine: Chambre d'hôtes b&b, étape horse, halte cycliste/motard, camping espace privé, idéal naturistes, Saône-et-Loire",,Saint-Germain-lès-Buxy+France,Hôtel avec spa,"https://www.google.com/maps/place/Severine:+Chambre+d%27h%C3%B4tes+b%26b,+%C3%A9tape+horse,+halte+cycliste%2Fmotard,+camping+espace+priv%C3%A9,+id%C3%A9al+naturistes,+Sa%C3%B4ne-et-Loire/data=!4m10!3m9!1s0x47f3170f109140f5:0xc25ad6b26d28ce4b!5m2!4m1!1i2!8m2!3d46.5464044!4d4.9384333!16s%2Fg%2F11vd75rg4r!19sChIJ9UCREA8X80cRS84obbLWWsI?authuser=0&hl=fr&rclk=1"
Escala,,,Escala,,Escala+France,Centre thermal,https://www.google.com/maps/place/Escala/data=!4m7!3m6!1s0x12a84e87b5d3eae1:0x406f69c2f3d83f0!8m2!3d43.08688!4d0.409573!16s%2Fm%2F03nv4vm!19sChIJ4erTtYdOqBIR8IM9L5z2BgQ?authuser=0&hl=fr&rclk=1
Aqua'Gonfle,4.8,,Aqua'Gonfle,,Mertzen+France,Parc aquatique,https://www.google.com/maps/place/Aqua%27Gonfle/data=!4m7!3m6!1s0x479167635b473cfd:0xe35ec87a9f0efde2!8m2!3d48.1130685!4d7.3774881!16s%2Fg%2F11nmnqwy09!19sChIJ_TxHW2NnkUcR4v0On3rIXuM?authuser=0&hl=fr&rclk=1
Besson Chaussures Clermont Aubière,4.4,,Besson Chaussures Clermont Aubière,,Besson+France,Centre thermal,https://www.google.com/maps/place/Besson+Chaussures+Clermont+Aubi%C3%A8re/data=!4m7!3m6!1s0x47f71c537261f5ef:0xa9055a9c949b9b96!8m2!3d45.7537417!4d3.1414946!16s%2Fg%2F1tf2x4dg!19sChIJ7_VhclMc90cRlpublJxaBak?authuser=0&hl=fr&rclk=1
Thermes de Cambo-les-Bains,4.5,,Thermes de Cambo-les-Bains,,Saint-Germain-les-Paroisses+France,Centre thermal,https://www.google.com/maps/place/Thermes+de+Cambo-les-Bains/data=!4m7!3m6!1s0xd513a54ea1828dd:0xa3f3e8da5cddbf6!8m2!3d43.3546709!4d-1.3876673!16s%2Fg%2F1td1l9mm!19sChIJ3SgY6lQ6UQ0R9tvNpY0-Pwo?authuser=0&hl=fr&rclk=1
Aqua Bubble Boom Brognard,4.5,,Aqua Bubble Boom Brognard,,Mertzen+France,Parc aquatique,https://www.google.com/maps/place/Aqua+Bubble+Boom+Brognard/data=!4m7!3m6!1s0x4792171b6c1854ad:0xb1127f95cac6c50b!8m2!3d47.5299008!4d6.8566597!16s%2Fg%2F11fll51rn7!19sChIJrVQYbBsXkkcRC8XGypV_ErE?authuser=0&hl=fr&rclk=1
Besson Chaussures Clermont Cournon,4.0,,Besson Chaussures Clermont Cournon,,Besson+France,Centre thermal,https://www.google.com/maps/place/Besson+Chaussures+Clermont+Cournon/data=!4m7!3m6!1s0x47f71d76863c07d1:0x780d85c96fcd403b!8m2!3d45.7435982!4d3.1691364!16s%2Fg%2F11g71cx4l1!19sChIJ0Qc8hnYd90cRO0DNb8mFDXg?authuser=0&hl=fr&rclk=1
Aqua Family,4.2,,Aqua Family,,L'Escale+France,Parc aquatique,https://www.google.com/maps/place/Aqua+Family/data=!4m7!3m6!1s0x12c921c73208131f:0x9dbdc54ad9bd021d!8m2!3d43.0861999!4d6.1461576!16s%2Fg%2F11j11hc7dk!19sChIJHxMIMschyRIRHQK92UrFvZ0?authuser=0&hl=fr&rclk=1
Thermes de Saint-Amand-les-Eaux,4.5,,Thermes de Saint-Amand-les-Eaux,,Saint-Germain-les-Paroisses+France,Centre thermal,https://www.google.com/maps/place/Thermes+de+Saint-Amand-les-Eaux/data=!4m7!3m6!1s0x47c2ef485f59edc9:0xd66761524581a802!8m2!3d50.4436677!4d3.4750132!16s%2Fg%2F11b6cfw8ph!19sChIJye1ZX0jvwkcRAqiBRVJhZ9Y?authuser=0&hl=fr&rclk=1
Parc aquatique au lac de Reiningue,2.0,,Parc aquatique au lac de Reiningue,,Mertzen+France,Parc aquatique,https://www.google.com/maps/place/Parc+aquatique+au+lac+de+Reiningue/data=!4m7!3m6!1s0x479185000d1fc8c3:0x66149208f18266ab!8m2!3d47.7667758!4d7.2355562!16s%2Fg%2F11xs5s25bq!19sChIJw8gfDQCFkUcRq2aC8QiSFGY?authuser=0&hl=fr&rclk=1
Logis Hôtel Beau Site,4.3,,SponsoriséPar Booking.com,,Mersuay+France,Hôtel avec spa,https://www.google.com/maps/place/Logis+H%C3%B4tel+Beau+Site/data=!4m10!3m9!1s0x479256091bfaaab1:0xb3eee65942841805!5m2!4m1!1i2!8m2!3d47.820974!4d6.373332!16s%2Fg%2F1thcr82z!19sChIJsar6GwlWkkcRBRiEQlnm7rM?authuser=0&hl=fr&rclk=1
Besson Chaussures Moulins,4.2,,Besson Chaussures Moulins,,Besson+France,Centre thermal,https://www.google.com/maps/place/Besson+Chaussures+Moulins/data=!4m7!3m6!1s0x47f11dedcbf7e3d1:0x1c399310d4508731!8m2!3d46.5880587!4d3.3250413!16s%2Fg%2F11k6y79r41!19sChIJ0eP3y-0d8UcRMYdQ1BCTORw?authuser=0&hl=fr&rclk=1
Aquasplash,3.2,,Aquasplash,,L'Escale+France,Parc aquatique,https://www.google.com/maps/place/Aquasplash/data=!4m7!3m6!1s0x12cdd4e53094e195:0x3231a5821eee6141!8m2!3d43.615356!4d7.124161!16s%2Fg%2F12hmcfpvc!19sChIJleGUMOXUzRIRQWHuHoKlMTI?authuser=0&hl=fr&rclk=1
Thermes de Bourbon-Lancy,4.5,,Thermes de Bourbon-Lancy,,Saint-Germain-les-Paroisses+France,Centre thermal,https://www.google.com/maps/place/Thermes+de+Bourbon-Lancy/data=!4m7!3m6!1s0x47f1703b54b3e551:0x11e87f69086ab4ba!8m2!3d46.6181161!4d3.7696314!16s%2Fg%2F1tfq_rvl!19sChIJUeWzVDtw8UcRurRqCGl_6BE?authuser=0&hl=fr&rclk=1
Aquapark Total-jump,4.4,,Aquapark Total-jump,,Mertzen+France,Parc aquatique,https://www.google.com/maps/place/Aquapark+Total-jump/data=!4m7!3m6!1s0x4796bf49e765b5d3:0xd0771f29618fb8d8!8m2!3d48.9677611!4d8.1641098!16s%2Fg%2F11b6g8nr04!19sChIJ07Vl50m_lkcR2LiPYSkfd9A?authuser=0&hl=fr&rclk=1
Thermes de Montrond-les-Bains,4.3,,Thermes de Montrond-les-Bains,,Saint-Germain-les-Paroisses+France,Centre thermal,https://www.google.com/maps/place/Thermes+de+Montrond-les-Bains/data=!4m7!3m6!1s0x47f448ddda90931b:0x5c037676244ae97a!8m2!3d45.6409914!4d4.2363591!16s%2Fg%2F11c5845rq7!19sChIJG5OQ2t1I9EcReulKJHZ2A1w?authuser=0&hl=fr&rclk=1
Besson Chaussures Clermont Riom,4.1,,Besson Chaussures Clermont Riom,,Besson+France,Centre thermal,https://www.google.com/maps/place/Besson+Chaussures+Clermont+Riom/data=!4m7!3m6!1s0x47f7210c7335f913:0xa36de45dbbc3a202!8m2!3d45.8755561!4d3.120309!16s%2Fg%2F11gr09gdm0!19sChIJE_k1cwwh90cRAqLDu13kbaM?authuser=0&hl=fr&rclk=1
Logis Hôtel Beau Site,4.3,,Logis Hôtel Beau Site,,Mersuay+France,Hôtel avec spa,https://www.google.com/maps/place/Logis+H%C3%B4tel+Beau+Site/data=!4m10!3m9!1s0x47925609168ccee5:0xb3eee65942841805!5m2!4m1!1i2!8m2!3d47.8209742!4d6.3733322!16s%2Fg%2F1thcr82z!19sChIJ5c6MFglWkkcRBRiEQlnm7rM?authuser=0&hl=fr&rclk=1
Aqualand Sainte-Maxime - Parc Aquatique,3.4,,Aqualand Sainte-Maxime - Parc Aquatique,,L'Escale+France,Parc aquatique,https://www.google.com/maps/place/Aqualand+Sainte-Maxime+-+Parc+Aquatique/data=!4m7!3m6!1s0x12ceb8fa05c5d783:0xc7f1bbca1eee4595!8m2!3d43.328348!4d6.618087!16s%2Fg%2F1td3_1wd!19sChIJg9fFBfq4zhIRlUXuHsq78cc?authuser=0&hl=fr&rclk=1
East Park,4.4,,East Park,,Mertzen+France,Parc aquatique,https://www.google.com/maps/place/East+Park/data=!4m7!3m6!1s0x4791bdad52d456ad:0xa95689e86cd3fa2f!8m2!3d47.640286!4d7.4844623!16s%2Fg%2F11sr8tqslb!19sChIJrVbUUq29kUcRL_rTbOiJVqk?authuser=0&hl=fr&rclk=1
Thermes d'Allevard,4.2,,Thermes d'Allevard,,Saint-Germain-les-Paroisses+France,Centre thermal,https://www.google.com/maps/place/Thermes+d%27Allevard/data=!4m7!3m6!1s0x478a4c433909a9fb:0x6849b45d9f265762!8m2!3d45.3908238!4d6.0734329!16s%2Fg%2F1whdh72y!19sChIJ-6kJOUNMikcRYlcmn120SWg?authuser=0&hl=fr&rclk=1
Besson Chaussures Bourges,3.9,,Besson Chaussures Bourges,,Besson+France,Centre thermal,https://www.google.com/maps/place/Besson+Chaussures+Bourges/data=!4m7!3m6!1s0x47fa97c25eb7e299:0x92cc5a167979d048!8m2!3d47.0977478!4d2.4567289!16s%2Fg%2F11bzymvfcm!19sChIJmeK3XsKX-kcRSNB5eRZazJI?authuser=0&hl=fr&rclk=1
Parc aquatique Aqua Mundo - Center Parcs Domaine Les Bois-Francs,4.0,,Parc aquatique Aqua Mundo - Center Parcs Domaine Les Bois-Francs,,L'Escale+France,Parc aquatique,https://www.google.com/maps/place/Parc+aquatique+Aqua+Mundo+-+Center+Parcs+Domaine+Les+Bois-Francs/data=!4m7!3m6!1s0x47e17d43a8ed690d:0xf300cd76ca0653ec!8m2!3d48.728902!4d0.840066!16s%2Fg%2F11cnmwmkff!19sChIJDWntqEN94UcR7FMGynbNAPM?authuser=0&hl=fr&rclk=1
Le Moulin de Bougnon,5.0,,Le Moulin de Bougnon,,Mersuay+France,Hôtel avec spa,https://www.google.com/maps/place/Le+Moulin+de+Bougnon/data=!4m10!3m9!1s0x4792efdc0d287287:0xc4bdd9424a0275d9!5m2!4m1!1i2!8m2!3d47.6972569!4d6.1063994!16s%2Fg%2F11l6b_6hp2!19sChIJh3IoDdzvkkcR2XUCSkLZvcQ?authuser=0&hl=fr&rclk=1
Rulantica,4.4,,Rulantica,,Mertzen+France,Parc aquatique,https://www.google.com/maps/place/Rulantica/data=!4m7!3m6!1s0x47913bc0d04d4f4f:0x11639c8d230f31bb!8m2!3d48.2610334!4d7.7401798!16s%2Fg%2F11f57gv0gc!19sChIJT09N0MA7kUcRuzEPI42cYxE?authuser=0&hl=fr&rclk=1
Besson Chaussures Limoges,4.0,,Besson Chaussures Limoges,,Besson+France,Centre thermal,https://www.google.com/maps/place/Besson+Chaussures+Limoges/data=!4m7!3m6!1s0x47f9339da19c6eef:0x863cfcd27ec87e18!8m2!3d45.808776!4d1.288221!16s%2Fg%2F11c5qmsw1h!19sChIJ726coZ0z-UcRGH7IftL8PIY?authuser=0&hl=fr&rclk=1
Aqualand Cap D'Agde - Parc Aquatique,3.3,,Aqualand Cap D'Agde - Parc Aquatique,,L'Escale+France,Parc aquatique,https://www.google.com/maps/place/Aqualand+Cap+D%27Agde+-+Parc+Aquatique/data=!4m7!3m6!1s0x12b13cabc9ac1e7f:0x367dfec26e8312a4!8m2!3d43.279629!4d3.497777!16s%2Fg%2F1tdjlh3l!19sChIJfx6syas8sRIRpBKDbsL-fTY?authuser=0&hl=fr&rclk=1
b’o resort thermal & spa,4.0,,b’o resort thermal & spa,,Saint-Germain-les-Paroisses+France,Centre thermal,https://www.google.com/maps/place/b%E2%80%99o+resort+thermal+%26+spa/data=!4m7!3m6!1s0x4809920fb7cde013:0xb9f68bb714bc27fa!8m2!3d48.5541499!4d-0.4163055!16s%2Fg%2F1223wsxy!19sChIJE-DNtw-SCUgR-ie8FLeL9rk?authuser=0&hl=fr&rclk=1
"Bed and breakfast ""Villa Rosalin""",5.0,,"Bed and breakfast ""Villa Rosalin""",,Mersuay+France,Hôtel avec spa,https://www.google.com/maps/place/Bed+and+breakfast+%22Villa+Rosalin%22/data=!4m10!3m9!1s0x4792e722a208eb39:0x1f38cc5aca08cb7!5m2!4m1!1i2!8m2!3d47.7891559!4d5.9958027!16s%2Fg%2F11vyx9_6fy!19sChIJOesIoiLnkkcRt4ygrMWM8wE?authuser=0&hl=fr&rclk=1
Besson Chaussures Chateauroux,4.2,,Besson Chaussures Chateauroux,,Besson+France,Centre thermal,https://www.google.com/maps/place/Besson+Chaussures+Chateauroux/data=!4m7!3m6!1s0x47fba04b84e8082b:0xfc8293bd5b473e78!8m2!3d46.7824569!4d1.6494435!16s%2Fg%2F11c5_1n9k6!19sChIJKwjohEug-0cReD5HW72Tgvw?authuser=0&hl=fr&rclk=1
Parc aquatique Aqua Mundo Center Parcs Les Trois Forêts,4.2,,Parc aquatique Aqua Mundo Center Parcs Les Trois Forêts,,Mertzen+France,Parc aquatique,https://www.google.com/maps/place/Parc+aquatique+Aqua+Mundo+Center+Parcs+Les+Trois+For%C3%AAts/data=!4m7!3m6!1s0x47940cf9c809f3d7:0xa06e64f07391c86b!8m2!3d48.6213789!4d6.9838248!16s%2Fg%2F11cm057dqd!19sChIJ1_MJyPkMlEcRa8iRc_BkbqA?authuser=0&hl=fr&rclk=1
Les grands pres 70,,,Les grands pres 70,,Mersuay+France,Hôtel avec spa,https://www.google.com/maps/place/Les+grands+pres+70/data=!4m10!3m9!1s0x4792e797006da70f:0x2ba1db7368f48708!5m2!4m1!1i2!8m2!3d47.77014!4d5.980473!16s%2Fg%2F11yygbxsf2!19sChIJD6dtAJfnkkcRCIf0aHPboSs?authuser=0&hl=fr&rclk=1
WAVE ISLAND,3.3,,WAVE ISLAND,,L'Escale+France,Parc aquatique,https://www.google.com/maps/place/WAVE+ISLAND/data=!4m7!3m6!1s0x12b58c85f8a9d91b:0xd65402beb9af534a!8m2!3d44.0209685!4d4.9653771!16s%2Fg%2F11hcf1t5rc!19sChIJG9mp-IWMtRIRSlOvub4CVNY?authuser=0&hl=fr&rclk=1
Station thermale La Chaldette,4.3,,Station thermale La Chaldette,,Saint-Germain-les-Paroisses+France,Centre thermal,https://www.google.com/maps/place/Station+thermale+La+Chaldette/data=!4m7!3m6!1s0x12b2d9a8ac0ab745:0x3f01413553cc168a!8m2!3d44.7720195!4d3.0433149!16s%2Fg%2F1tkp1vx_!19sChIJRbcKrKjZshIRihbMUzVBAT8?authuser=0&hl=fr&rclk=1
Besson Chaussures Montluçon,4.1,,Besson Chaussures Montluçon,,Besson+France,Centre thermal,https://www.google.com/maps/place/Besson+Chaussures+Montlu%C3%A7on/data=!4m7!3m6!1s0x47fa08014fcc158f:0x2b2766587bbc7e4f!8m2!3d46.3376596!4d2.57606!16s%2Fg%2F1jglv6s6m!19sChIJjxXMTwEI-kcRT368e1hmJys?authuser=0&hl=fr&rclk=1
Aquafly,4.4,,Aquafly,,Mertzen+France,Parc aquatique,https://www.google.com/maps/place/Aquafly/data=!4m7!3m6!1s0x4793b592c462ee4b:0x1ef97aea022754de!8m2!3d47.9514789!4d6.7536738!16s%2Fg%2F11fhng54g4!19sChIJS-5ixJK1k0cR3lQnAup6-R4?authuser=0&hl=fr&rclk=1
Parc aquatique Aqua Mundo Center Parcs Les Trois Forêts,4.2,,Parc aquatique Aqua Mundo Center Parcs Les Trois Forêts,,L'Escale+France,Parc aquatique,https://www.google.com/maps/place/Parc+aquatique+Aqua+Mundo+Center+Parcs+Les+Trois+For%C3%AAts/data=!4m7!3m6!1s0x47940cf9c809f3d7:0xa06e64f07391c86b!8m2!3d48.6213789!4d6.9838248!16s%2Fg%2F11cm057dqd!19sChIJ1_MJyPkMlEcRa8iRc_BkbqA?authuser=0&hl=fr&rclk=1
Laguna Badeland,4.0,,Laguna Badeland,,Mertzen+France,Parc aquatique,https://www.google.com/maps/place/Laguna+Badeland/data=!4m7!3m6!1s0x4791b9f47a90e30b:0x7e519652fe9757c4!8m2!3d47.5862114!4d7.6157682!16s%2Fg%2F11x98288x!19sChIJC-OQevS5kUcRxFeX_lKWUX4?authuser=0&hl=fr&rclk=1
Thermes de Luchon,3.7,,Thermes de Luchon,,Saint-Germain-les-Paroisses+France,Centre thermal,https://www.google.com/maps/place/Thermes+de+Luchon/data=!4m7!3m6!1s0x12a861f8885d651d:0x4d4d7f5209c82c03!8m2!3d42.7849172!4d0.5939473!16s%2Fg%2F11b6t28t7g!19sChIJHWVdiPhhqBIRAyzICVJ_TU0?authuser=0&hl=fr&rclk=1
Aqua Mundo -Villages Nature,4.2,,Aqua Mundo -Villages Nature,,L'Escale+France,Parc aquatique,https://www.google.com/maps/place/Aqua+Mundo+-Villages+Nature/data=!4m7!3m6!1s0x47e8a8b117e14b23:0x5a0e6789e8354b1e!8m2!3d48.82876!4d2.817801!16s%2Fg%2F11ddx46b47!19sChIJI0vhF7Go6EcRHks16IlnDlo?authuser=0&hl=fr&rclk=1
Koba Wakepark,4.4,,Koba Wakepark,,Mertzen+France,Parc aquatique,https://www.google.com/maps/place/Koba+Wakepark/data=!4m7!3m6!1s0x479146fe89bab9d3:0xe6d9825fd44d2f52!8m2!3d48.2654055!4d7.5718881!16s%2Fg%2F11cmb9xy61!19sChIJ07m6if5GkUcRUi9N1F-C2eY?authuser=0&hl=fr&rclk=1
O'Gliss Park,4.0,,O'Gliss Park,,L'Escale+France,Parc aquatique,https://www.google.com/maps/place/O%27Gliss+Park/data=!4m7!3m6!1s0x48041838fbcd0fa3:0xf86c307bbd3f89e!8m2!3d46.4555894!4d-1.4186926!16s%2Fg%2F1td3kzhh!19sChIJow_N-zgYBEgRnvjTuwfDhg8?authuser=0&hl=fr&rclk=1
Thermes de Christus,4.4,,Thermes de Christus,,Saint-Germain-les-Paroisses+France,Centre thermal,https://www.google.com/maps/place/Thermes+de+Christus/data=!4m7!3m6!1s0xd56a8989038df0d:0x9569c10fb4fa6c2f!8m2!3d43.7290652!4d-1.0649973!16s%2Fg%2F1s04dww0w!19sChIJDd84kJioVg0RL2z6tA_BaZU?authuser=0&hl=fr&rclk=1
Centre Nautique AQUARHIN,4.2,,Centre Nautique AQUARHIN,,Mertzen+France,Parc aquatique,https://www.google.com/maps/place/Centre+Nautique+AQUARHIN/data=!4m7!3m6!1s0x4791a1d755b7c5b9:0xb6fc71eecd519029!8m2!3d47.7864099!4d7.5019535!16s%2Fg%2F1tdshq4c!19sChIJucW3VdehkUcRKZBRze5x_LY?authuser=0&hl=fr&rclk=1
Atlantic Park - Parc Aquatique - Seignosse,3.7,,Atlantic Park - Parc Aquatique - Seignosse,,L'Escale+France,Parc aquatique,https://www.google.com/maps/place/Atlantic+Park+-+Parc+Aquatique+-+Seignosse/data=!4m7!3m6!1s0xd515958115061bb:0x49353d2aee309d6e!8m2!3d43.7059219!4d-1.4340258!16s%2Fg%2F123655qy!19sChIJu2FQEVhZUQ0Rbp0w7io9NUk?authuser=0&hl=fr&rclk=1
Thermes de Préchacq-les-bains,4.6,,Thermes de Préchacq-les-bains,,Saint-Germain-les-Paroisses+France,Centre thermal,https://www.google.com/maps/place/Thermes+de+Pr%C3%A9chacq-les-bains/data=!4m7!3m6!1s0xd56a042e7d8c9db:0xa9c4350babba657!8m2!3d43.765507!4d-0.9331299!16s%2Fg%2F1q4kn7dy8!19sChIJ28nY50KgVg0RV6a7ulBDnAo?authuser=0&hl=fr&rclk=1
AQUATEC Europe,5.0,,AQUATEC Europe,,Mertzen+France,Parc aquatique,https://www.google.com/maps/place/AQUATEC+Europe/data=!4m7!3m6!1s0x4791794608aaa159:0x2f06e7f861ccf238!8m2!3d47.9158827!4d7.2526476!16s%2Fg%2F11cm_dcg24!19sChIJWaGqCEZ5kUcROPLMYfjnBi8?authuser=0&hl=fr&rclk=1
La Bouscarasse,4.0,,La Bouscarasse,,L'Escale+France,Parc aquatique,https://www.google.com/maps/place/La+Bouscarasse/data=!4m7!3m6!1s0x12b44a442540f613:0xd473ab87bdc05214!8m2!3d44.037433!4d4.3262812!16s%2Fg%2F1tctzm7q!19sChIJE_ZAJURKtBIRFFLAvYerc9Q?authuser=0&hl=fr&rclk=1
Les Thermes de Rochefort,4.1,,Les Thermes de Rochefort,,Saint-Germain-les-Paroisses+France,Centre thermal,https://www.google.com/maps/place/Les+Thermes+de+Rochefort/data=!4m7!3m6!1s0x480140f14d54dd75:0xafa20d15b30ce36!8m2!3d45.9424288!4d-0.9616928!16s%2Fg%2F11cfv3nzs!19sChIJdd1UTfFAAUgRNs4wW9Eg-go?authuser=0&hl=fr&rclk=1
Parc des Eaux Vives,4.5,,Parc des Eaux Vives,,Mertzen+France,Parc aquatique,https://www.google.com/maps/place/Parc+des+Eaux+Vives/data=!4m7!3m6!1s0x4791b97ec064ee87:0xce26622ad5fe1694!8m2!3d47.5897293!4d7.5829363!16s%2Fg%2F1z264qn6s!19sChIJh-5kwH65kUcRlBb-1SpiJs4?authuser=0&hl=fr&rclk=1
Parc aquatique la Saule,4.1,,Parc aquatique la Saule,,L'Escale+France,Parc aquatique,https://www.google.com/maps/place/Parc+aquatique+la+Saule/data=!4m7!3m6!1s0x12acd3e873cbd2bb:0xd2fa980ecf35d311!8m2!3d44.9220897!4d1.7349953!16s%2Fg%2F1vd3xvgh!19sChIJu9LLc-jTrBIREdM1zw6Y-tI?authuser=0&hl=fr&rclk=1
Spa thermal de Haute Provence,4.3,,Spa thermal de Haute Provence,,Saint-Germain-les-Paroisses+France,Centre thermal,https://www.google.com/maps/place/Spa+thermal+de+Haute+Provence/data=!4m7!3m6!1s0x12cb8501d5b50fef:0x59147fdd80845e80!8m2!3d44.0795256!4d6.2635934!16s%2Fg%2F11q42jyqmk!19sChIJ7w-11QGFyxIRgF6EgN1_FFk?authuser=0&hl=fr&rclk=1
Aquabasilea,4.0,,Aquabasilea,,Mertzen+France,Parc aquatique,https://www.google.com/maps/place/Aquabasilea/data=!4m7!3m6!1s0x4791b63859ff8973:0x5a5720ea65291df!8m2!3d47.5246357!4d7.6817402!16s%2Fg%2F1229kznk!19sChIJc4n_WTi2kUcR35FSpg5ypQU?authuser=0&hl=fr&rclk=1
Centre Thermal Saint-Eloy Amnéville,4.3,,Centre Thermal Saint-Eloy Amnéville,,Merten+France,Centre thermal,https://www.google.com/maps/place/Centre+Thermal+Saint-Eloy+Amn%C3%A9ville/data=!4m7!3m6!1s0x479527aca6f93495:0x94878c99d8dee5e6!8m2!3d49.2421515!4d6.1354468!16s%2Fg%2F1tkc5mb4!19sChIJlTT5pqwnlUcR5uXe2JmMh5Q?authuser=0&hl=fr&rclk=1
Parc d'Attractions Aquatic Landes / Labenne,3.6,,Parc d'Attractions Aquatic Landes / Labenne,,L'Escale+France,Parc aquatique,https://www.google.com/maps/place/Parc+d%27Attractions+Aquatic+Landes+%2F+Labenne/data=!4m7!3m6!1s0xd514488fe12707f:0xcb6cf6d5bdb04aed!8m2!3d43.5948793!4d-1.4533072!16s%2Fg%2F1tczx7_d!19sChIJf3AS_ohEUQ0R7UqwvdX2bMs?authuser=0&hl=fr&rclk=1
ValVital - Thermes & Institut Thermal Morsbronn-les-Bains,4.3,,ValVital - Thermes & Institut Thermal Morsbronn-les-Bains,,Merten+France,Centre thermal,https://www.google.com/maps/place/ValVital+-+Thermes+%26+Institut+Thermal+Morsbronn-les-Bains/data=!4m7!3m6!1s0x479692709b499319:0x7402b4f745edd20d!8m2!3d48.9068204!4d7.7479046!16s%2Fg%2F1ptwk127v!19sChIJGZNJm3CSlkcRDdLtRfe0AnQ?authuser=0&hl=fr&rclk=1
La Piscine,4.3,,La Piscine,,Mertzen+France,Parc aquatique,https://www.google.com/maps/place/La+Piscine/data=!4m7!3m6!1s0x4793d84145e9d657:0x13367be6ec617486!8m2!3d48.0413158!4d7.1454739!16s%2Fg%2F1tpc6x82!19sChIJV9bpRUHYk0cRhnRh7OZ7NhM?authuser=0&hl=fr&rclk=1
Mairie de Saint-Germain-les-Paroisses,4.0,,Mairie de Saint-Germain-les-Paroisses,,Saint-Germain-les-Paroisses+France,Centre thermal,https://www.google.com/maps/place/Mairie+de+Saint-Germain-les-Paroisses/data=!4m7!3m6!1s0x478b6b2fa5ed67f9:0x7fac20d32de41462!8m2!3d45.7737158!4d5.6188185!16s%2Fg%2F11g7z91_qm!19sChIJ-WftpS9ri0cRYhTkLdMgrH8?authuser=0&hl=fr&rclk=1
Aquaboulevard de Paris,3.7,,Aquaboulevard de Paris,,L'Escale+France,Parc aquatique,https://www.google.com/maps/place/Aquaboulevard+de+Paris/data=!4m7!3m6!1s0x47e6718b1fbcd4fd:0xa7968d889eb5402a!8m2!3d48.8318042!4d2.2762627!16s%2Fg%2F120hhrtz!19sChIJ_dS8H4tx5kcRKkC1noiNlqc?authuser=0&hl=fr&rclk=1
Thermapolis Amnéville,3.9,,Thermapolis Amnéville,,Merten+France,Centre thermal,https://www.google.com/maps/place/Thermapolis+Amn%C3%A9ville/data=!4m7!3m6!1s0x479527b296f74ec7:0x855227a6a698d37e!8m2!3d49.2424102!4d6.1285742!16s%2Fg%2F1tknjcxt!19sChIJx073lrInlUcRftOYpqYnUoU?authuser=0&hl=fr&rclk=1
Le Parc du Petit Prince,4.1,,Le Parc du Petit Prince,,Mertzen+France,Parc aquatique,https://www.google.com/maps/place/Le+Parc+du+Petit+Prince/data=!4m7!3m6!1s0x4791790797ab2af9:0xa75cc5f667aa3935!8m2!3d47.8615079!4d7.2976902!16s%2Fg%2F11b5m4wvvq!19sChIJ-Sqrlwd5kUcRNTmqZ_bFXKc?authuser=0&hl=fr&rclk=1
Espace Grand Bleu,3.7,,Espace Grand Bleu,,L'Escale+France,Parc aquatique,https://www.google.com/maps/place/Espace+Grand+Bleu/data=!4m7!3m6!1s0x12b6978b5c846ce9:0x28e60075c3bbf1f2!8m2!3d43.5622952!4d4.0988152!16s%2Fg%2F1hm1rk9nz!19sChIJ6WyEXIuXthIR8vG7w3UA5ig?authuser=0&hl=fr&rclk=1
Centre Aquatique Amphitrite,4.1,,Centre Aquatique Amphitrite,,Saint-Germain-lès-Senailly+France,Parc aquatique,https://www.google.com/maps/place/Centre+Aquatique+Amphitrite/data=!4m7!3m6!1s0x47ede8e2455ed5a1:0xdf5be7e7ad8c!8m2!3d47.6317198!4d4.3320348!16s%2Fg%2F11b6dptzdv!19sChIJodVeReLo7UcRjK3n51vfAAA?authuser=0&hl=fr&rclk=1
Nancy Thermal - Espace Santé (Cures),3.6,,Nancy Thermal - Espace Santé (Cures),,Merten+France,Centre thermal,https://www.google.com/maps/place/Nancy+Thermal+-+Espace+Sant%C3%A9+%28Cures%29/data=!4m7!3m6!1s0x4794992952f132ad:0x239c76997302e014!8m2!3d48.6800241!4d6.1686315!16s%2Fg%2F11kb_ftjj3!19sChIJrTLxUimZlEcRFOACc5l2nCM?authuser=0&hl=fr&rclk=1
Parc de l'Auxois,4.6,,Parc de l'Auxois,,Saint-Germain-lès-Senailly+France,Parc aquatique,https://www.google.com/maps/place/Parc+de+l%27Auxois/data=!4m7!3m6!1s0x47ed8c0b05e37f25:0x698213abd3e651e3!8m2!3d47.4532167!4d4.5039031!16s%2Fg%2F11b6zkp2py!19sChIJJX_jBQuM7UcR41Hm06sTgmk?authuser=0&hl=fr&rclk=1
Atlantic Toboggan,4.0,,Atlantic Toboggan,,L'Escale+France,Parc aquatique,https://www.google.com/maps/place/Atlantic+Toboggan/data=!4m7!3m6!1s0x4804561d5e901d67:0x258896fd4f24c06b!8m2!3d46.7586033!4d-2.024573!16s%2Fg%2F1tdc956c!19sChIJZx2QXh1WBEgRa8AkT_2WiCU?authuser=0&hl=fr&rclk=1
ValVital - Thermes & Institut Thermal Niederbronn-les-Bains,4.4,,ValVital - Thermes & Institut Thermal Niederbronn-les-Bains,,Merten+France,Centre thermal,https://www.google.com/maps/place/ValVital+-+Thermes+%26+Institut+Thermal+Niederbronn-les-Bains/data=!4m7!3m6!1s0x47968fd8bbcff41b:0xf7a8e6a9e9cd6600!8m2!3d48.950703!4d7.642767!16s%2Fg%2F1ptxw1cyv!19sChIJG_TPu9iPlkcRAGbN6anmqPc?authuser=0&hl=fr&rclk=1
Aquaparc,4.3,,Aquaparc,,L'Escale+France,Parc aquatique,https://www.google.com/maps/place/Aquaparc/data=!4m7!3m6!1s0x478e9bff9a80c3bb:0xbaf2ec6cdcfbc93e!8m2!3d46.3895221!4d6.8625021!16s%2Fg%2F122rd4t5!19sChIJu8OAmv-bjkcRPsn73Gzs8ro?authuser=0&hl=fr&rclk=1
Parc Aquatique de panthier,5.0,,Parc Aquatique de panthier,,Saint-Germain-lès-Senailly+France,Parc aquatique,https://www.google.com/maps/place/Parc+Aquatique+de+panthier/data=!4m7!3m6!1s0x47f27b0067bf600f:0xf5abfff3d5e5bc70!8m2!3d47.2373997!4d4.6270565!16s%2Fg%2F11wbh28y1b!19sChIJD2C_ZwB78kcRcLzl1fP_q_U?authuser=0&hl=fr&rclk=1
Villa Pompéi Amnéville,4.1,,Villa Pompéi Amnéville,,Merten+France,Centre thermal,https://www.google.com/maps/place/Villa+Pomp%C3%A9i+Amn%C3%A9ville/data=!4m7!3m6!1s0x479527b2d0119eeb:0x89ba8d4a25bdc13f!8m2!3d49.2430381!4d6.126071!16s%2Fg%2F1tp0clzk!19sChIJ654R0LInlUcRP8G9JUqNuok?authuser=0&hl=fr&rclk=1
Aquaparc BE FUN Lyon,4.9,,Aquaparc BE FUN Lyon,,L'Escale+France,Parc aquatique,https://www.google.com/maps/place/Aquaparc+BE+FUN+Lyon/data=!4m7!3m6!1s0x47f4bf3b9beda7d7:0xfd047b9b7bbec6ca!8m2!3d45.8015969!4d4.9402059!16s%2Fg%2F11g1lvqg8x!19sChIJ16ftmzu_9EcRysa-e5t7BP0?authuser=0&hl=fr&rclk=1
AquaPark Lac des Settons,3.5,,AquaPark Lac des Settons,,Saint-Germain-lès-Senailly+France,Parc aquatique,https://www.google.com/maps/place/AquaPark+Lac+des+Settons/data=!4m7!3m6!1s0x47f21d8fa5c07a5d:0x3dba94889183bdd!8m2!3d47.1746593!4d4.0718003!16s%2Fg%2F11f5w9tm64!19sChIJXXrApY8d8kcR3TsYiUip2wM?authuser=0&hl=fr&rclk=1
Le Dôme,4.3,,Le Dôme,,L'Escale+France,Parc aquatique,https://www.google.com/maps/place/Le+D%C3%B4me/data=!4m7!3m6!1s0x47e17d69db837cbb:0x3f355f2ea5f3736c!8m2!3d48.7284774!4d0.8399143!16s%2Fg%2F11g8dk9ss1!19sChIJu3yD22l94UcRbHPzpS5fNT8?authuser=0&hl=fr&rclk=1
Base Nautique Colmar Houssen,4.4,,Base Nautique Colmar Houssen,,Mertzen+France,Parc aquatique,https://www.google.com/maps/place/Base+Nautique+Colmar+Houssen/data=!4m7!3m6!1s0x479166256a55b709:0x5d3665618249be92!8m2!3d48.1140212!4d7.3754488!16s%2Fg%2F1ttp96tb!19sChIJCbdVaiVmkUcRkr5JgmFlNl0?authuser=0&hl=fr&rclk=1
Beaver Aquapark,4.4,,Beaver Aquapark,,Saint-Germain-lès-Senailly+France,Parc aquatique,https://www.google.com/maps/place/Beaver+Aquapark/data=!4m7!3m6!1s0x47ec23335c3beb43:0xc86e8dff3fbccc31!8m2!3d48.262844!4d4.3442435!16s%2Fg%2F11hdqjdbfr!19sChIJQ-s7XDMj7EcRMcy8P_-Nbsg?authuser=0&hl=fr&rclk=1
Western Splash,4.1,,Western Splash,,L'Escale+France,Parc aquatique,https://www.google.com/maps/place/Western+Splash/data=!4m7!3m6!1s0x12d73b4d61fa9be3:0x523abb0348a8ffb8!8m2!3d42.6286629!4d9.4455083!16s%2Fg%2F11cp5f__2q!19sChIJ45v6YU071xIRuP-oSAO7OlI?authuser=0&hl=fr&rclk=1
Plan d'eau de Reiningue,4.0,,Plan d'eau de Reiningue,,Mertzen+France,Parc aquatique,https://www.google.com/maps/place/Plan+d%27eau+de+Reiningue/data=!4m7!3m6!1s0x47918471253faa43:0x55dcbccb85a082ee!8m2!3d47.7669752!4d7.2334721!16s%2Fg%2F11gbk2y50g!19sChIJQ6o_JXGEkUcR7oKghcu83FU?authuser=0&hl=fr&rclk=1
Parc aquatique Aqua Mundo - Center Parcs Domaine Les Bois-Francs,4.0,,Parc aquatique Aqua Mundo - Center Parcs Domaine Les Bois-Francs,,Saint-Germain-lès-Senailly+France,Parc aquatique,https://www.google.com/maps/place/Parc+aquatique+Aqua+Mundo+-+Center+Parcs+Domaine+Les+Bois-Francs/data=!4m7!3m6!1s0x47e17d43a8ed690d:0xf300cd76ca0653ec!8m2!3d48.728902!4d0.840066!16s%2Fg%2F11cnmwmkff!19sChIJDWntqEN94UcR7FMGynbNAPM?authuser=0&hl=fr&rclk=1
Thermes de Barbotan,4.5,,Thermes de Barbotan,,Escalans+France,Centre thermal,https://www.google.com/maps/place/Thermes+de+Barbotan/data=!4m7!3m6!1s0xd55f77ba76627c3:0xef9dda20169fc6b9!8m2!3d43.9515702!4d-0.0450898!16s%2Fg%2F11b6dhf_ld!19sChIJwydmp3v3VQ0RucafFiDane8?authuser=0&hl=fr&rclk=1
Aquaparc,4.3,,Aquaparc,,Mertzen+France,Parc aquatique,https://www.google.com/maps/place/Aquaparc/data=!4m7!3m6!1s0x478e9bff9a80c3bb:0xbaf2ec6cdcfbc93e!8m2!3d46.3895221!4d6.8625021!16s%2Fg%2F122rd4t5!19sChIJu8OAmv-bjkcRPsn73Gzs8ro?authuser=0&hl=fr&rclk=1
Espace Aquatique Fernand Bonnin,4.1,,Espace Aquatique Fernand Bonnin,,Saint-Germain-lès-Senailly+France,Parc aquatique,https://www.google.com/maps/place/Espace+Aquatique+Fernand+Bonnin/data=!4m7!3m6!1s0x47f2c1a9982f1d3f:0x9c76aa3d60edb693!8m2!3d46.9990087!4d5.14033!16s%2Fg%2F11y4lq9hz5!19sChIJPx0vmKnB8kcRk7btYD2qdpw?authuser=0&hl=fr&rclk=1
Centre thermal de Castéra-Verduzan,4.2,,Centre thermal de Castéra-Verduzan,,Escalans+France,Centre thermal,https://www.google.com/maps/place/Centre+thermal+de+Cast%C3%A9ra-Verduzan/data=!4m7!3m6!1s0x12aa27ecaba7bd8f:0x835bc780faaa11dc!8m2!3d43.804431!4d0.4312649!16s%2Fg%2F11c1v04wbc!19sChIJj72nq-wnqhIR3BGq-oDHW4M?authuser=0&hl=fr&rclk=1
Parc Des Combes,4.3,,Parc Des Combes,,Saint-Germain-lès-Senailly+France,Parc aquatique,https://www.google.com/maps/place/Parc+Des+Combes/data=!4m7!3m6!1s0x47f24bdde9abbb07:0x1e1e3e04650864d!8m2!3d46.811627!4d4.413755!16s%2Fm%2F027zwp7!19sChIJB7ur6d1L8kcRTYZQRuDj4QE?authuser=0&hl=fr&rclk=1
Beaver Aquapark,4.4,,Beaver Aquapark,,Mertzen+France,Parc aquatique,https://www.google.com/maps/place/Beaver+Aquapark/data=!4m7!3m6!1s0x47ec23335c3beb43:0xc86e8dff3fbccc31!8m2!3d48.262844!4d4.3442435!16s%2Fg%2F11hdqjdbfr!19sChIJQ-s7XDMj7EcRMcy8P_-Nbsg?authuser=0&hl=fr&rclk=1
Aquaparc Isis,3.7,,Aquaparc Isis,,Saint-Germain-lès-Senailly+France,Parc aquatique,https://www.google.com/maps/place/Aquaparc+Isis/data=!4m7!3m6!1s0x478d4b42216b628b:0x763b50c273681fc1!8m2!3d47.072283!4d5.4863406!16s%2Fg%2F1tp1xqjy!19sChIJi2JrIUJLjUcRwR9oc8JQO3Y?authuser=0&hl=fr&rclk=1
Lac de la Tille,3.8,,Lac de la Tille,,Saint-Germain-lès-Senailly+France,Parc aquatique,https://www.google.com/maps/place/Lac+de+la+Tille/data=!4m7!3m6!1s0x47f2a1987d2efac1:0xef8b9f38b12bf6dd!8m2!3d47.2780964!4d5.1822931!16s%2Fg%2F1thtnyf4!19sChIJwfoufZih8kcR3fYrsTifi-8?authuser=0&hl=fr&rclk=1
Atlantic Toboggan,4.0,,Atlantic Toboggan,,Saint-Germain-lès-Senailly+France,Parc aquatique,https://www.google.com/maps/place/Atlantic+Toboggan/data=!4m7!3m6!1s0x4804561d5e901d67:0x258896fd4f24c06b!8m2!3d46.7586033!4d-2.024573!16s%2Fg%2F1tdc956c!19sChIJZx2QXh1WBEgRa8AkT_2WiCU?authuser=0&hl=fr&rclk=1
Aqua Bubble Boom Brognard,4.5,,Aqua Bubble Boom Brognard,,Bessoncourt+France,Parc aquatique,https://www.google.com/maps/place/Aqua+Bubble+Boom+Brognard/data=!4m7!3m6!1s0x4792171b6c1854ad:0xb1127f95cac6c50b!8m2!3d47.5299008!4d6.8566597!16s%2Fg%2F11fll51rn7!19sChIJrVQYbBsXkkcRC8XGypV_ErE?authuser=0&hl=fr&rclk=1
Aquapark - Bzhwakepark,4.5,,Aquapark - Bzhwakepark,,Saint-Germain-lès-Senailly+France,Parc aquatique,https://www.google.com/maps/place/Aquapark+-+Bzhwakepark/data=!4m7!3m6!1s0x480e6b2103f4c8b1:0x922a50a62541d2a0!8m2!3d48.3876925!4d-2.3341484!16s%2Fg%2F11svm96h2d!19sChIJscj0AyFrDkgRoNJBJaZQKpI?authuser=0&hl=fr&rclk=1
Parc de la Douce,4.3,,Parc de la Douce,,Bessoncourt+France,Parc aquatique,https://www.google.com/maps/place/Parc+de+la+Douce/data=!4m7!3m6!1s0x47923c7d58b56a03:0x4685f1b0576de9c2!8m2!3d47.6304056!4d6.8344706!16s%2Fg%2F11b82724zz!19sChIJA2q1WH08kkcRwultV7DxhUY?authuser=0&hl=fr&rclk=1
Piscine du Parc,3.6,,Piscine du Parc,,Bessoncourt+France,Parc aquatique,https://www.google.com/maps/place/Piscine+du+Parc/data=!4m7!3m6!1s0x47923c7dbb206ca9:0xc4f177832f840a51!8m2!3d47.6326773!4d6.8321365!16s%2Fg%2F11c0rlb5q7!19sChIJqWwgu308kkcRUQqEL4N38cQ?authuser=0&hl=fr&rclk=1
Jura Splash,4.3,,Jura Splash,,Saint-Germain-lès-Senailly+France,Parc aquatique,https://www.google.com/maps/place/Jura+Splash/data=!4m7!3m6!1s0x478d2b6d7d2e340f:0x120b971e9afe07fe!8m2!3d46.7603406!4d5.4821891!16s%2Fg%2F11g2w4b0z7!19sChIJDzQufW0rjUcR_gf-mh6XCxI?authuser=0&hl=fr&rclk=1
Parc aquatique Aqua Mundo Center Parcs Les Trois Forêts,4.2,,Parc aquatique Aqua Mundo Center Parcs Les Trois Forêts,,Bessoncourt+France,Parc aquatique,https://www.google.com/maps/place/Parc+aquatique+Aqua+Mundo+Center+Parcs+Les+Trois+For%C3%AAts/data=!4m7!3m6!1s0x47940cf9c809f3d7:0xa06e64f07391c86b!8m2!3d48.6213789!4d6.9838248!16s%2Fg%2F11cm057dqd!19sChIJ1_MJyPkMlEcRa8iRc_BkbqA?authuser=0&hl=fr&rclk=1
Aquapark21,4.4,,Aquapark21,,Saint-Germain-lès-Senailly+France,Parc aquatique,https://www.google.com/maps/place/Aquapark21/data=!4m7!3m6!1s0x47f27bb3c7d78ef5:0x7f1a683d1d21d8e4!8m2!3d47.2371651!4d4.6284774!16s%2Fg%2F11w4gfk0b2!19sChIJ9Y7Xx7N78kcR5NghHT1oGn8?authuser=0&hl=fr&rclk=1
Aquafly,4.4,,Aquafly,,Bessoncourt+France,Parc aquatique,https://www.google.com/maps/place/Aquafly/data=!4m7!3m6!1s0x4793b592c462ee4b:0x1ef97aea022754de!8m2!3d47.9514789!4d6.7536738!16s%2Fg%2F11fhng54g4!19sChIJS-5ixJK1k0cR3lQnAup6-R4?authuser=0&hl=fr&rclk=1
10·55 Belfort Bessoncourt | loisirs indoor & restaurant,4.3,,10,55 Belfort Bessoncourt | loisirs indoor & restaurant,Bessoncourt+France,Parc aquatique,https://www.google.com/maps/place/10%C2%B755+Belfort+Bessoncourt+%7C+loisirs+indoor+%26+restaurant/data=!4m7!3m6!1s0x479225bd930e5d87:0x89f83d3f34b0271f!8m2!3d47.643309!4d6.911559!16s%2Fg%2F11yp44xv2c!19sChIJh10Ok70lkkcRHyewND89-Ik?authuser=0&hl=fr&rclk=1
AquaFunPark Laives,4.2,,AquaFunPark Laives,,Saint-Germain-lès-Senailly+France,Parc aquatique,https://www.google.com/maps/place/AquaFunPark+Laives/data=!4m7!3m6!1s0x47f3035ab0157417:0xaaf3699de8b3a876!8m2!3d46.6701684!4d4.8305801!16s%2Fg%2F11qbkqlptj!19sChIJF3QVsFoD80cRdqiz6J1p86o?authuser=0&hl=fr&rclk=1
Parc aquatique au lac de Reiningue,2.0,,Parc aquatique au lac de Reiningue,,Bessoncourt+France,Parc aquatique,https://www.google.com/maps/place/Parc+aquatique+au+lac+de+Reiningue/data=!4m7!3m6!1s0x479185000d1fc8c3:0x66149208f18266ab!8m2!3d47.7667758!4d7.2355562!16s%2Fg%2F11xs5s25bq!19sChIJw8gfDQCFkUcRq2aC8QiSFGY?authuser=0&hl=fr&rclk=1
La Citedo,3.5,,La Citedo,,Bessoncourt+France,Parc aquatique,https://www.google.com/maps/place/La+Citedo/data=!4m7!3m6!1s0x4792177032ac626f:0xfbf0ab5ba4d3e9!8m2!3d47.5127974!4d6.8426165!16s%2Fg%2F1q5bl8yzl!19sChIJb2KsMnAXkkcR6dOkW6vw-wA?authuser=0&hl=fr&rclk=1
Oasis Parc,4.9,,Oasis Parc,,Saint-Germain-lès-Senailly+France,Parc aquatique,https://www.google.com/maps/place/Oasis+Parc/data=!4m7!3m6!1s0x47ef0f7c85b66fdf:0xb93fdfc535cb2dcc!8m2!3d48.1705614!4d3.2728163!16s%2Fg%2F11xmc2qz6x!19sChIJ32-2hXwP70cRzC3LNcXfP7k?authuser=0&hl=fr&rclk=1
Piscine Pannoux,3.6,,Piscine Pannoux,,Bessoncourt+France,Parc aquatique,https://www.google.com/maps/place/Piscine+Pannoux/data=!4m7!3m6!1s0x47923ca3087a5365:0x8f110d29e78edb78!8m2!3d47.6294979!4d6.8607219!16s%2Fg%2F1tdh7cl9!19sChIJZVN6CKM8kkcReNuO5ykNEY8?authuser=0&hl=fr&rclk=1
Parc aquatique Wibit,4.3,,Parc aquatique Wibit,,Saint-Germain-lès-Senailly+France,Parc aquatique,https://www.google.com/maps/place/Parc+aquatique+Wibit/data=!4m7!3m6!1s0x478c02deda07823b:0xc9cc93d919902db2!8m2!3d46.1523953!4d6.6713589!16s%2Fg%2F11dxjn53g0!19sChIJO4IH2t4CjEcRsi2QGdmTzMk?authuser=0&hl=fr&rclk=1
Déchèterie Saint Germain les Senailly,4.0,,Déchèterie Saint Germain les Senailly,,Saint-Germain-lès-Senailly+France,Parc aquatique,https://www.google.com/maps/place/D%C3%A9ch%C3%A8terie+Saint+Germain+les+Senailly/data=!4m7!3m6!1s0x47ede547953c0ddb:0xbcd18d07e2616922!8m2!3d47.5932144!4d4.2705592!16s%2Fg%2F11j19d32xf!19sChIJ2w08lUfl7UcRImlh4geN0bw?authuser=0&hl=fr&rclk=1
Les Jardins Aquatiques,4.2,,Les Jardins Aquatiques,,Saint-Germain-lès-Senailly+France,Parc aquatique,https://www.google.com/maps/place/Les+Jardins+Aquatiques/data=!4m7!3m6!1s0x47f363eb66bde573:0x4023592282b1d3bf!8m2!3d46.169057!4d4.8352276!16s%2Fg%2F12xq3bf00!19sChIJc-W9Zutj80cRv9OxgiJZI0A?authuser=0&hl=fr&rclk=1
Aqua Der,4.1,,Aqua Der,,Mertrud+France,Parc aquatique,https://www.google.com/maps/place/Aqua+Der/data=!4m7!3m6!1s0x47ec77ebe53a1827:0xaa4c791e4ec3e17d!8m2!3d48.6061173!4d4.7454766!16s%2Fg%2F11q7_0kt2s!19sChIJJxg65et37EcRfeHDTh55TKo?authuser=0&hl=fr&rclk=1
Beaver Aquapark,4.4,,Beaver Aquapark,,Mertrud+France,Parc aquatique,https://www.google.com/maps/place/Beaver+Aquapark/data=!4m7!3m6!1s0x47ec23335c3beb43:0xc86e8dff3fbccc31!8m2!3d48.262844!4d4.3442435!16s%2Fg%2F11hdqjdbfr!19sChIJQ-s7XDMj7EcRMcy8P_-Nbsg?authuser=0&hl=fr&rclk=1
Parc aquatique Aqua Mundo Center Parcs Les Trois Forêts,4.2,,Parc aquatique Aqua Mundo Center Parcs Les Trois Forêts,,Mertrud+France,Parc aquatique,https://www.google.com/maps/place/Parc+aquatique+Aqua+Mundo+Center+Parcs+Les+Trois+For%C3%AAts/data=!4m7!3m6!1s0x47940cf9c809f3d7:0xa06e64f07391c86b!8m2!3d48.6213789!4d6.9838248!16s%2Fg%2F11cm057dqd!19sChIJ1_MJyPkMlEcRa8iRc_BkbqA?authuser=0&hl=fr&rclk=1
AQUAPARC MADINE,4.8,,AQUAPARC MADINE,,Mertrud+France,Parc aquatique,https://www.google.com/maps/place/AQUAPARC+MADINE/data=!4m7!3m6!1s0x47eb35eb10fc55e1:0x303b22a5e7f50929!8m2!3d48.9257777!4d5.7558006!16s%2Fg%2F11h1m2fbdh!19sChIJ4VX8EOs160cRKQn156UiOzA?authuser=0&hl=fr&rclk=1
Thermes de Luxeuil-les-Bains,4.2,,Thermes de Luxeuil-les-Bains,,Mersuay+France,Centre thermal,https://www.google.com/maps/place/Thermes+de+Luxeuil-les-Bains/data=!4m10!3m9!1s0x4792560be5a65763:0xf277bfd34a33fff8!5m2!4m1!1i2!8m2!3d47.8206642!4d6.3770605!16s%2Fg%2F1tczcttj!19sChIJY1em5QtWkkcR-P8zStO_d_I?authuser=0&hl=fr&rclk=1
Thermes de Bourbonne-les-Bains - Institut et spa,4.1,,Thermes de Bourbonne-les-Bains - Institut et spa,,Mersuay+France,Centre thermal,https://www.google.com/maps/place/Thermes+de+Bourbonne-les-Bains+-+Institut+et+spa/data=!4m7!3m6!1s0x479329e96677531b:0xc398ea10722e2ae!8m2!3d47.9510442!4d5.7467987!16s%2Fg%2F11xfbkzfk!19sChIJG1N3Zukpk0cRruIiB6GOOQw?authuser=0&hl=fr&rclk=1
Logis Hôtel Beau Site,4.3,,SponsoriséPar Booking.com,,Esboz-Brest+France,Hôtel avec spa,https://www.google.com/maps/place/Logis+H%C3%B4tel+Beau+Site/data=!4m10!3m9!1s0x479256091bfaaab1:0xb3eee65942841805!5m2!4m1!1i2!8m2!3d47.820974!4d6.373332!16s%2Fg%2F1thcr82z!19sChIJsar6GwlWkkcRBRiEQlnm7rM?authuser=0&hl=fr&rclk=1
Centre Aquatique Nymphéa,3.8,,Centre Aquatique Nymphéa,,Saint-Germain-lès-Corbeil+France,Parc aquatique,https://www.google.com/maps/place/Centre+Aquatique+Nymph%C3%A9a/data=!4m7!3m6!1s0x47e5e33f94310bc3:0xffa8618df3176864!8m2!3d48.631977!4d2.595295!16s%2Fg%2F1tcv0qx6!19sChIJwwsxlD_j5UcRZGgX841hqP8?authuser=0&hl=fr&rclk=1
Logis Hôtel Beau Site,4.3,,Logis Hôtel Beau Site,,Esboz-Brest+France,Hôtel avec spa,https://www.google.com/maps/place/Logis+H%C3%B4tel+Beau+Site/data=!4m10!3m9!1s0x47925609168ccee5:0xb3eee65942841805!5m2!4m1!1i2!8m2!3d47.8209742!4d6.3733322!16s%2Fg%2F1thcr82z!19sChIJ5c6MFglWkkcRBRiEQlnm7rM?authuser=0&hl=fr&rclk=1
Maison Ceronne,4.9,,Maison Ceronne,,Saint-Germain-le-Vieux+France,Hôtel avec spa,https://www.google.com/maps/place/Maison+Ceronne/data=!4m10!3m9!1s0x47e22f967ff4cd71:0x91fb3f293e58518!5m2!4m1!1i2!8m2!3d48.5810831!4d0.524856!16s%2Fg%2F11h07jydh3!19sChIJcc30f5Yv4kcRGIXlk_KzHwk?authuser=0&hl=fr&rclk=1
Centre Aquatique Camille Muffat,4.1,,Centre Aquatique Camille Muffat,,Saint-Germain-lès-Corbeil+France,Parc aquatique,https://www.google.com/maps/place/Centre+Aquatique+Camille+Muffat/data=!4m7!3m6!1s0x47e5e25057c5f07b:0xd75e45e9751a38a8!8m2!3d48.6590824!4d2.5660086!16s%2Fg%2F11c1p4qg21!19sChIJe_DFV1Di5UcRqDgadelFXtc?authuser=0&hl=fr&rclk=1
Villa Cora-Venez,4.6,,Villa Cora-Venez,,Esboz-Brest+France,Hôtel avec spa,https://www.google.com/maps/place/Villa+Cora-Venez/data=!4m10!3m9!1s0x479253a381bf82d1:0xae4b7633df22a157!5m2!4m1!1i2!8m2!3d47.8611374!4d6.4809104!16s%2Fg%2F11f724dwqg!19sChIJ0YK_gaNTkkcRV6Ei3zN2S64?authuser=0&hl=fr&rclk=1
Haras de Beaumenil,,,Haras de Beaumenil,,Saint-Germain-le-Vieux+France,Hôtel avec spa,https://www.google.com/maps/place/Haras+de+Beaumenil/data=!4m10!3m9!1s0x47e211c51e904047:0xb06b1f4cb4fee8cd!5m2!4m1!1i2!8m2!3d48.5339738!4d0.1711462!16s%2Fg%2F11yfd5kd2r!19sChIJR0CQHsUR4kcRzej-tEwfa7A?authuser=0&hl=fr&rclk=1
Aquaboulevard de Paris,3.7,,Aquaboulevard de Paris,,Saint-Germain-lès-Corbeil+France,Parc aquatique,https://www.google.com/maps/place/Aquaboulevard+de+Paris/data=!4m7!3m6!1s0x47e6718b1fbcd4fd:0xa7968d889eb5402a!8m2!3d48.8318042!4d2.2762627!16s%2Fg%2F120hhrtz!19sChIJ_dS8H4tx5kcRKkC1noiNlqc?authuser=0&hl=fr&rclk=1
My Little Wake Park,4.7,,My Little Wake Park,,Saint-Germain-lès-Corbeil+France,Parc aquatique,https://www.google.com/maps/place/My+Little+Wake+Park/data=!4m7!3m6!1s0x47e5e5867372cf8f:0x6c0a941574a6dc10!8m2!3d48.535082!4d2.553009!16s%2Fg%2F11cnx_q5h8!19sChIJj89yc4bl5UcRENymdBWUCmw?authuser=0&hl=fr&rclk=1
Centre Aquatique La Vague,3.7,,Centre Aquatique La Vague,,Saint-Germain-lès-Corbeil+France,Parc aquatique,https://www.google.com/maps/place/Centre+Aquatique+La+Vague/data=!4m7!3m6!1s0x47e67842d7098261:0x59ef0b3d5308a88a!8m2!3d48.719342!4d2.2329681!16s%2Fg%2F1hdzcflhj!19sChIJYYIJ10J45kcRiqgIUz0L71k?authuser=0&hl=fr&rclk=1
Stade Nautique Gabriel Menut,3.9,,Stade Nautique Gabriel Menut,,Saint-Germain-lès-Corbeil+France,Parc aquatique,https://www.google.com/maps/place/Stade+Nautique+Gabriel+Menut/data=!4m7!3m6!1s0x47e5e6da0ce8fad1:0xeca01f47acbb848!8m2!3d48.6019502!4d2.486048!16s%2Fg%2F11b6dqjck0!19sChIJ0froDNrm5UcRSLjLevQByg4?authuser=0&hl=fr&rclk=1
Espace Nautique,3.8,,Espace Nautique,,Saint-Germain-lès-Corbeil+France,Parc aquatique,https://www.google.com/maps/place/Espace+Nautique/data=!4m7!3m6!1s0x47e5d94a79ff95ad:0x183154986e15d7e8!8m2!3d48.6341264!4d2.3425314!16s%2Fg%2F113hyj90s!19sChIJrZX_eUrZ5UcR6NcVbphUMRg?authuser=0&hl=fr&rclk=1
Parc aquatique Aqua Mundo - Center Parcs Domaine Les Bois-Francs,4.0,,Parc aquatique Aqua Mundo - Center Parcs Domaine Les Bois-Francs,,Saint-Germain-les-Paroisses+France,Parc aquatique,https://www.google.com/maps/place/Parc+aquatique+Aqua+Mundo+-+Center+Parcs+Domaine+Les+Bois-Francs/data=!4m7!3m6!1s0x47e17d43a8ed690d:0xf300cd76ca0653ec!8m2!3d48.728902!4d0.840066!16s%2Fg%2F11cnmwmkff!19sChIJDWntqEN94UcR7FMGynbNAPM?authuser=0&hl=fr&rclk=1
Centre Aquatique Arsenal,3.8,,Centre Aquatique Arsenal,,Saint-Germain-lès-Corbeil+France,Parc aquatique,https://www.google.com/maps/place/Centre+Aquatique+Arsenal/data=!4m7!3m6!1s0x47e6652bc597496b:0xde212460a052510!8m2!3d48.873159!4d2.1957207!16s%2Fg%2F11hmmgjr_0!19sChIJa0mXxStl5kcRECUFCkYS4g0?authuser=0&hl=fr&rclk=1
Aquapark Biscarrosse,4.5,,Aquapark Biscarrosse,,Escalans+France,Parc aquatique,https://www.google.com/maps/place/Aquapark+Biscarrosse/data=!4m7!3m6!1s0xd5481f19cf56803:0xc2e76c2fcaccb927!8m2!3d44.456426!4d-1.1987687!16s%2Fg%2F1ts3mj7c!19sChIJA2j1nPGBVA0RJ7nMyi9s58I?authuser=0&hl=fr&rclk=1
LaTerreduMilieu87 - Hébergement insolite Haute-Vienne,5.0,,LaTerreduMilieu87 - Hébergement insolite Haute-Vienne,,Bessines-sur-Gartempe+France,Hôtel avec spa,https://www.google.com/maps/place/LaTerreduMilieu87+-+H%C3%A9bergement+insolite+Haute-Vienne/data=!4m10!3m9!1s0x47fbfb5ea74a6c37:0x7fb7f1b9fcc3fc6a!5m2!4m1!1i2!8m2!3d46.3409005!4d1.3973447!16s%2Fg%2F11vx3_f_07!19sChIJN2xKp177-0cRavzD_Lnxt38?authuser=0&hl=fr&rclk=1
Parc aquatique Aqua Mundo Center Parcs Les Trois Forêts,4.2,,Parc aquatique Aqua Mundo Center Parcs Les Trois Forêts,,Merten+France,Parc aquatique,https://www.google.com/maps/place/Parc+aquatique+Aqua+Mundo+Center+Parcs+Les+Trois+For%C3%AAts/data=!4m7!3m6!1s0x47940cf9c809f3d7:0xa06e64f07391c86b!8m2!3d48.6213789!4d6.9838248!16s%2Fg%2F11cm057dqd!19sChIJ1_MJyPkMlEcRa8iRc_BkbqA?authuser=0&hl=fr&rclk=1
Aquaparc Bases de Loisirs,4.0,,Aquaparc Bases de Loisirs,,Saint-Germain-les-Paroisses+France,Parc aquatique,https://www.google.com/maps/place/Aquaparc+Bases+de+Loisirs/data=!4m7!3m6!1s0x47f547b77dac6785:0xc62ba156241ed609!8m2!3d45.174253!4d4.883139!16s%2Fg%2F11gzs6w23x!19sChIJhWesfbdH9UcRCdYeJFahK8Y?authuser=0&hl=fr&rclk=1
Kalinéo,4.8,,Kalinéo,,Saint-Germain-lès-Corbeil+France,Parc aquatique,https://www.google.com/maps/place/Kalin%C3%A9o/data=!4m7!3m6!1s0x47e5e14579f98659:0xf3853318798c2342!8m2!3d48.6272933!4d2.515545!16s%2Fg%2F11btltjjhv!19sChIJWYb5eUXh5UcRQiOMeRgzhfM?authuser=0&hl=fr&rclk=1
Center Parcs Les Landes de Gascogne,4.0,,Center Parcs Les Landes de Gascogne,,Escalans+France,Parc aquatique,https://www.google.com/maps/place/Center+Parcs+Les+Landes+de+Gascogne/data=!4m10!3m9!1s0x12aa79830887bc21:0x6c3b1a2c8d44abb4!5m2!4m1!1i2!8m2!3d44.2999845!4d0.0400447!16s%2Fg%2F11j1hp_lgs!19sChIJIbyHCIN5qhIRtKtEjSwaO2w?authuser=0&hl=fr&rclk=1
GrandBleu WakePark PAM,4.3,,GrandBleu WakePark PAM,,Merten+France,Parc aquatique,https://www.google.com/maps/place/GrandBleu+WakePark+PAM/data=!4m7!3m6!1s0x4794c71dbe520f79:0x1c84eae5f1dabafc!8m2!3d48.9442291!4d6.0605854!16s%2Fg%2F11px8x585h!19sChIJeQ9Svh3HlEcR_Lra8eXqhBw?authuser=0&hl=fr&rclk=1
Piscine de l'Agora,3.5,,Piscine de l'Agora,,Saint-Germain-lès-Corbeil+France,Parc aquatique,https://www.google.com/maps/place/Piscine+de+l%27Agora/data=!4m7!3m6!1s0x47e5de19889fc9e9:0x7ca55e01660ad1e8!8m2!3d48.6295962!4d2.4299442!16s%2Fg%2F11b7zjlpyf!19sChIJ6cmfiBne5UcR6NEKZgFepXw?authuser=0&hl=fr&rclk=1
Slidesparc,4.3,,Slidesparc,,Saint-Germain-les-Paroisses+France,Parc aquatique,https://www.google.com/maps/place/Slidesparc/data=!4m7!3m6!1s0x47f54726b5f33711:0xeb894e0ea847cd7!8m2!3d45.1757396!4d4.883282!16s%2Fg%2F11h6rr_jnq!19sChIJETfztSZH9UcR13yE6uCUuA4?authuser=0&hl=fr&rclk=1
"Gîte et Chambre d'hôte à la ferme avec piscine/spa, Location insolite avec spa/sauna, proche Limoges, Limousin, Haute-Vienne",4.8,,"Gîte et Chambre d'hôte à la ferme avec piscine/spa, Location insolite avec spa/sauna, proche Limoges, Limousin, Haute-Vienne",,Bessines-sur-Gartempe+France,Hôtel avec spa,"https://www.google.com/maps/place/G%C3%AEte+et+Chambre+d%27h%C3%B4te+%C3%A0+la+ferme+avec+piscine%2Fspa,+Location+insolite+avec+spa%2Fsauna,+proche+Limoges,+Limousin,+Haute-Vienne/data=!4m10!3m9!1s0x47fead506338659f:0xa74dca3405566d9c!5m2!4m1!1i2!8m2!3d46.0570025!4d1.2485656!16s%2Fg%2F1td099hj!19sChIJn2U4Y1Ct_kcRnG1WBTTKTac?authuser=0&hl=fr&rclk=1"
Aqua Mundo,3.9,,Aqua Mundo,,Escalans+France,Parc aquatique,https://www.google.com/maps/place/Aqua+Mundo/data=!4m7!3m6!1s0x12aa7900184fb45b:0x345cbfe56a125c4f!8m2!3d44.2926303!4d0.0430183!16s%2Fg%2F11w7_vd1v8!19sChIJW7RPGAB5qhIRT1wSauW_XDQ?authuser=0&hl=fr&rclk=1
Moselle Wake Park × Crazy Splash,4.6,,Moselle Wake Park × Crazy Splash,,Merten+France,Parc aquatique,https://www.google.com/maps/place/Moselle+Wake+Park+%C3%97+Crazy+Splash/data=!4m7!3m6!1s0x4795270179fefa17:0xaf03a129eda20ac3!8m2!3d49.3825814!4d6.2246902!16s%2Fg%2F11n06s799z!19sChIJF_r-eQEnlUcRwwqi7SmhA68?authuser=0&hl=fr&rclk=1
Piscine Le Dôme Saint-Germain-en-Laye,3.5,,Piscine Le Dôme Saint-Germain-en-Laye,,Saint-Germain-les-Paroisses+France,Parc aquatique,https://www.google.com/maps/place/Piscine+Le+D%C3%B4me+Saint-Germain-en-Laye/data=!4m7!3m6!1s0x47e689d39f5d1df5:0x51852a2143d130d3!8m2!3d48.9041204!4d2.0953953!16s%2Fg%2F1tdcl8g6!19sChIJ9R1dn9OJ5kcR0zDRQyEqhVE?authuser=0&hl=fr&rclk=1
Bassin Nautique,4.1,,Bassin Nautique,,Saint-Germain-lès-Corbeil+France,Parc aquatique,https://www.google.com/maps/place/Bassin+Nautique/data=!4m7!3m6!1s0x47e5da7a22e500bf:0xb795180f77b38087!8m2!3d48.5856232!4d2.2620477!16s%2Fg%2F11cjphldrf!19sChIJvwDlInra5UcRh4Czdw8Ylbc?authuser=0&hl=fr&rclk=1
Base de Pop,4.5,,Base de Pop,,Escalans+France,Parc aquatique,https://www.google.com/maps/place/Base+de+Pop/data=!4m7!3m6!1s0xd56b512389ccbb9:0x426e8bec5904b330!8m2!3d43.500086!4d-1.184728!16s%2Fg%2F1q5bsyq5g!19sChIJucucOBK1Vg0RMLMEWeyLbkI?authuser=0&hl=fr&rclk=1
"Château de Saint Antoine: chambres d’hôtes & gîte avec jacuzzi idéal mariage, anniversaire proche Limoges Limousin",4.6,,"Château de Saint Antoine: chambres d’hôtes & gîte avec jacuzzi idéal mariage, anniversaire proche Limoges Limousin",,Bessines-sur-Gartempe+France,Hôtel avec spa,"https://www.google.com/maps/place/Ch%C3%A2teau+de+Saint+Antoine:+chambres+d%E2%80%99h%C3%B4tes+%26+g%C3%AEte+avec+jacuzzi+id%C3%A9al+mariage,+anniversaire+proche+Limoges+Limousin/data=!4m10!3m9!1s0x47f94bb6776a6151:0xd21e8f92d5971d6e!5m2!4m1!1i2!8m2!3d45.9404604!4d1.3123259!16s%2Fg%2F1tdq9ykc!19sChIJUWFqd7ZL-UcRbh2X1ZKPHtI?authuser=0&hl=fr&rclk=1"
Parc Aquatique Géant Water Glisse Passion - Lac Aréna,4.2,,Parc Aquatique Géant Water Glisse Passion - Lac Aréna,,Merten+France,Parc aquatique,https://www.google.com/maps/place/Parc+Aquatique+G%C3%A9ant+Water+Glisse+Passion+-+Lac+Ar%C3%A9na/data=!4m7!3m6!1s0x12cea4ce3c0f7fcf:0xf21e0a74de5889ac!8m2!3d43.4518737!4d6.6322165!16s%2Fg%2F11c1r1899l!19sChIJz38PPM6kzhIRrIlY3nQKHvI?authuser=0&hl=fr&rclk=1
École de natation,2.5,,École de natation,,Saint-Germain-lès-Corbeil+France,Parc aquatique,https://www.google.com/maps/place/%C3%89cole+de+natation/data=!4m7!3m6!1s0x47e5e711e6e21763:0x2b36ca63c3dd42bb!8m2!3d48.6019502!4d2.486048!16s%2Fg%2F11h97vg3pv!19sChIJYxfi5hHn5UcRu0Ldw2PKNis?authuser=0&hl=fr&rclk=1
Le Dôme,4.3,,Le Dôme,,Saint-Germain-les-Paroisses+France,Parc aquatique,https://www.google.com/maps/place/Le+D%C3%B4me/data=!4m7!3m6!1s0x47e17d69db837cbb:0x3f355f2ea5f3736c!8m2!3d48.7284774!4d0.8399143!16s%2Fg%2F11g8dk9ss1!19sChIJu3yD22l94UcRbHPzpS5fNT8?authuser=0&hl=fr&rclk=1
Parc d'Attractions Aquatic Landes / Labenne,3.6,,Parc d'Attractions Aquatic Landes / Labenne,,Escalans+France,Parc aquatique,https://www.google.com/maps/place/Parc+d%27Attractions+Aquatic+Landes+%2F+Labenne/data=!4m7!3m6!1s0xd514488fe12707f:0xcb6cf6d5bdb04aed!8m2!3d43.5948793!4d-1.4533072!16s%2Fg%2F1tczx7_d!19sChIJf3AS_ohEUQ0R7UqwvdX2bMs?authuser=0&hl=fr&rclk=1
Moulin des Combes,5.0,,Moulin des Combes,,Bessines-sur-Gartempe+France,Hôtel avec spa,https://www.google.com/maps/place/Moulin+des+Combes/data=!4m10!3m9!1s0x47fc002d8992b463:0x65757265473dca7b!5m2!4m1!1i2!8m2!3d46.2119809!4d1.227883!16s%2Fg%2F11hcz1h_tf!19sChIJY7SSiS0A_EcRe8o9R2VydWU?authuser=0&hl=fr&rclk=1
Piscines Ibiza Seine - Essonne 91 - 77,5.0,,Piscines Ibiza Seine - Essonne 91 - 77,,Saint-Germain-lès-Corbeil+France,Parc aquatique,https://www.google.com/maps/place/Piscines+Ibiza+Seine+-+Essonne+91+-+77/data=!4m7!3m6!1s0x47e5e1c736284f8f:0x43ae21c1ef4a7b87!8m2!3d48.630972!4d2.4944882!16s%2Fg%2F11vsp46wmb!19sChIJj08oNsfh5UcRh3tK78EhrkM?authuser=0&hl=fr&rclk=1
Centre Aquatique Feralia,4.4,,Centre Aquatique Feralia,,Merten+France,Parc aquatique,https://www.google.com/maps/place/Centre+Aquatique+Feralia/data=!4m7!3m6!1s0x47952efe98d22d8f:0x2f4c7eb4f5bf8f4f!8m2!3d49.323171!4d6.056321!16s%2Fg%2F11b67mtk5f!19sChIJjy3SmP4ulUcRT4-_9bR-TC8?authuser=0&hl=fr&rclk=1
Water Park de Sames,4.1,,Water Park de Sames,,Escalans+France,Parc aquatique,https://www.google.com/maps/place/Water+Park+de+Sames/data=!4m7!3m6!1s0xd56b458bce21be1:0x424a80b9c63779aa!8m2!3d43.5282821!4d-1.1706267!16s%2Fg%2F11g7ztzwg3!19sChIJ4RvivFi0Vg0Rqnk3xrmASkI?authuser=0&hl=fr&rclk=1
Parc d'Attractions Aquatic Landes / Labenne,3.6,,Parc d'Attractions Aquatic Landes / Labenne,,Saint-Germain-les-Paroisses+France,Parc aquatique,https://www.google.com/maps/place/Parc+d%27Attractions+Aquatic+Landes+%2F+Labenne/data=!4m7!3m6!1s0xd514488fe12707f:0xcb6cf6d5bdb04aed!8m2!3d43.5948793!4d-1.4533072!16s%2Fg%2F1tczx7_d!19sChIJf3AS_ohEUQ0R7UqwvdX2bMs?authuser=0&hl=fr&rclk=1
Atlantic Park - Parc Aquatique - Seignosse,3.7,,Atlantic Park - Parc Aquatique - Seignosse,,Escalans+France,Parc aquatique,https://www.google.com/maps/place/Atlantic+Park+-+Parc+Aquatique+-+Seignosse/data=!4m7!3m6!1s0xd515958115061bb:0x49353d2aee309d6e!8m2!3d43.7059219!4d-1.4340258!16s%2Fg%2F123655qy!19sChIJu2FQEVhZUQ0Rbp0w7io9NUk?authuser=0&hl=fr&rclk=1
"Domaine du Vignau : Gîte de groupe avec piscine, en nature, idéal séminaires, proche Limoges, dans le Limousin, Haute-Vienne",4.7,,"Domaine du Vignau : Gîte de groupe avec piscine, en nature, idéal séminaires, proche Limoges, dans le Limousin, Haute-Vienne",,Bessines-sur-Gartempe+France,Hôtel avec spa,"https://www.google.com/maps/place/Domaine+du+Vignau+:+G%C3%AEte+de+groupe+avec+piscine,+en+nature,+id%C3%A9al+s%C3%A9minaires,+proche+Limoges,+dans+le+Limousin,+Haute-Vienne/data=!4m10!3m9!1s0x47f9444fbb66bc55:0xf982971b9d5a616b!5m2!4m1!1i2!8m2!3d45.9991383!4d1.4633284!16s%2Fg%2F11fzq1qb7w!19sChIJVbxmu09E-UcRa2FanRuXgvk?authuser=0&hl=fr&rclk=1"
Aquaboulevard de Paris,3.7,,Aquaboulevard de Paris,,Saint-Germain-les-Paroisses+France,Parc aquatique,https://www.google.com/maps/place/Aquaboulevard+de+Paris/data=!4m7!3m6!1s0x47e6718b1fbcd4fd:0xa7968d889eb5402a!8m2!3d48.8318042!4d2.2762627!16s%2Fg%2F120hhrtz!19sChIJ_dS8H4tx5kcRKkC1noiNlqc?authuser=0&hl=fr&rclk=1
AquaFunPark Laives,4.2,,AquaFunPark Laives,,Saint-Germain-lès-Buxy+France,Parc aquatique,https://www.google.com/maps/place/AquaFunPark+Laives/data=!4m7!3m6!1s0x47f3035ab0157417:0xaaf3699de8b3a876!8m2!3d46.6701684!4d4.8305801!16s%2Fg%2F11qbkqlptj!19sChIJF3QVsFoD80cRdqiz6J1p86o?authuser=0&hl=fr&rclk=1
Clos des Chenaies,4.8,,Clos des Chenaies,,Bessines-sur-Gartempe+France,Hôtel avec spa,https://www.google.com/maps/place/Clos+des+Chenaies/data=!4m10!3m9!1s0x47fbffe5f7be9fd3:0xdd9db500cf78762b!5m2!4m1!1i2!8m2!3d46.2114366!4d1.2769239!16s%2Fg%2F1td7yfvx!19sChIJ05--9-X_-0cRK3Z4zwC1nd0?authuser=0&hl=fr&rclk=1
AquaPark Enfant,,,AquaPark Enfant,,Escalans+France,Parc aquatique,https://www.google.com/maps/place/AquaPark+Enfant/data=!4m7!3m6!1s0xd5481e46478dbdd:0xbf3d0c81cd5b6dd4!8m2!3d44.4566649!4d-1.199718!16s%2Fg%2F11nq2fgnmb!19sChIJ3dt4ZOSBVA0R1G1bzYEMPb8?authuser=0&hl=fr&rclk=1
Atlantic Toboggan,4.0,,Atlantic Toboggan,,Saint-Germain-les-Paroisses+France,Parc aquatique,https://www.google.com/maps/place/Atlantic+Toboggan/data=!4m7!3m6!1s0x4804561d5e901d67:0x258896fd4f24c06b!8m2!3d46.7586033!4d-2.024573!16s%2Fg%2F1tdc956c!19sChIJZx2QXh1WBEgRa8AkT_2WiCU?authuser=0&hl=fr&rclk=1
Aqua Bubble Boom Chour,4.4,,Aqua Bubble Boom Chour,,Saint-Germain-lès-Buxy+France,Parc aquatique,https://www.google.com/maps/place/Aqua+Bubble+Boom+Chour/data=!4m7!3m6!1s0x47f2b96d26628ae3:0xf69762e65c4b3f5e!8m2!3d47.0561794!4d5.2352474!16s%2Fg%2F11qfy5qwt9!19sChIJ44piJm258kcRXj9LXOZil_Y?authuser=0&hl=fr&rclk=1
Sycamore House,5.0,,Sycamore House,,Bessines-sur-Gartempe+France,Hôtel avec spa,https://www.google.com/maps/place/Sycamore+House/data=!4m10!3m9!1s0x47f95dd657e59ffb:0x4a5ec8ae54649b11!5m2!4m1!1i2!8m2!3d46.0753576!4d1.5251252!16s%2Fg%2F11q1vp4kb6!19sChIJ-5_lV9Zd-UcREZtkVK7IXko?authuser=0&hl=fr&rclk=1
Parc de Loisirs Aquatiques Nyonsoleïado,4.3,,Parc de Loisirs Aquatiques Nyonsoleïado,,Bessins+France,Parc aquatique,https://www.google.com/maps/place/Parc+de+Loisirs+Aquatiques+Nyonsole%C3%AFado/data=!4m7!3m6!1s0x12ca815594201e91:0x44eab7db400a0393!8m2!3d44.3586957!4d5.1391348!16s%2Fg%2F12q4wz4j0!19sChIJkR4glFWByhIRkwMKQNu36kQ?authuser=0&hl=fr&rclk=1
Les Jardins Aquatiques,4.2,,Les Jardins Aquatiques,,Saint-Germain-les-Paroisses+France,Parc aquatique,https://www.google.com/maps/place/Les+Jardins+Aquatiques/data=!4m7!3m6!1s0x47f363eb66bde573:0x4023592282b1d3bf!8m2!3d46.169057!4d4.8352276!16s%2Fg%2F12xq3bf00!19sChIJc-W9Zutj80cRv9OxgiJZI0A?authuser=0&hl=fr&rclk=1
Complexe Aquatique du Parc,3.7,,Complexe Aquatique du Parc,,Saint-Germain-lès-Buxy+France,Parc aquatique,https://www.google.com/maps/place/Complexe+Aquatique+du+Parc/data=!4m7!3m6!1s0x47f24bf28b9e6cd9:0xc5ea0a32b31cbb7b!8m2!3d46.8002644!4d4.4258447!16s%2Fg%2F1q66x2jy3!19sChIJ2Wyei_JL8kcRe7scszIK6sU?authuser=0&hl=fr&rclk=1
Chez Madlou,4.9,,Chez Madlou,,Bessines-sur-Gartempe+France,Hôtel avec spa,https://www.google.com/maps/place/Chez+Madlou/data=!4m10!3m9!1s0x47fbdd7ee66b9835:0x366a0dc987fadf06!5m2!4m1!1i2!8m2!3d46.2893499!4d1.6102589!16s%2Fg%2F11h26b7lqj!19sChIJNZhr5n7d-0cRBt_6h8kNajY?authuser=0&hl=fr&rclk=1
Parc aquatique Aqua Mundo - Center Parcs Domaine Les Bois-Francs,4.0,,Parc aquatique Aqua Mundo - Center Parcs Domaine Les Bois-Francs,,Bessins+France,Parc aquatique,https://www.google.com/maps/place/Parc+aquatique+Aqua+Mundo+-+Center+Parcs+Domaine+Les+Bois-Francs/data=!4m7!3m6!1s0x47e17d43a8ed690d:0xf300cd76ca0653ec!8m2!3d48.728902!4d0.840066!16s%2Fg%2F11cnmwmkff!19sChIJDWntqEN94UcR7FMGynbNAPM?authuser=0&hl=fr&rclk=1
Aqualand Sainte-Maxime - Parc Aquatique,3.4,,Aqualand Sainte-Maxime - Parc Aquatique,,Saint-Germain-les-Paroisses+France,Parc aquatique,https://www.google.com/maps/place/Aqualand+Sainte-Maxime+-+Parc+Aquatique/data=!4m7!3m6!1s0x12ceb8fa05c5d783:0xc7f1bbca1eee4595!8m2!3d43.328348!4d6.618087!16s%2Fg%2F1td3_1wd!19sChIJg9fFBfq4zhIRlUXuHsq78cc?authuser=0&hl=fr&rclk=1
Parc Aquatique Aquafolies,4.4,,Parc Aquatique Aquafolies,,Saint-Germain-lès-Buxy+France,Parc aquatique,https://www.google.com/maps/place/Parc+Aquatique+Aquafolies/data=!4m7!3m6!1s0x47f346188aa84e1f:0xd26187a9dd722d3e!8m2!3d46.3423598!4d5.1394048!16s%2Fg%2F11gdknj1d2!19sChIJH06oihhG80cRPi1y3amHYdI?authuser=0&hl=fr&rclk=1
Les gîtes du vieux verger,4.1,,Les gîtes du vieux verger,,Bessines-sur-Gartempe+France,Hôtel avec spa,https://www.google.com/maps/place/Les+g%C3%AEtes+du+vieux+verger/data=!4m10!3m9!1s0x47fea90f30c8e95d:0xd4ed44e18550d032!5m2!4m1!1i2!8m2!3d46.159701!4d1.15405!16s%2Fg%2F11c1y7h7kl!19sChIJXenIMA-p_kcRMtBQheFE7dQ?authuser=0&hl=fr&rclk=1
Aquasplash,3.2,,Aquasplash,,Saint-Germain-les-Paroisses+France,Parc aquatique,https://www.google.com/maps/place/Aquasplash/data=!4m7!3m6!1s0x12cdd4e53094e195:0x3231a5821eee6141!8m2!3d43.615356!4d7.124161!16s%2Fg%2F12hmcfpvc!19sChIJleGUMOXUzRIRQWHuHoKlMTI?authuser=0&hl=fr&rclk=1
Centre Aquatique,3.9,,Centre Aquatique,,Bessins+France,Parc aquatique,https://www.google.com/maps/place/Centre+Aquatique/data=!4m7!3m6!1s0x478a9172ffaedf25:0x622645bf6999555d!8m2!3d45.0731167!4d5.5516748!16s%2Fg%2F11b_2nwk21!19sChIJJd-u_3KRikcRXVWZab9FJmI?authuser=0&hl=fr&rclk=1
Espace Nautique du Grand Chalon,3.9,,Espace Nautique du Grand Chalon,,Saint-Germain-lès-Buxy+France,Parc aquatique,https://www.google.com/maps/place/Espace+Nautique+du+Grand+Chalon/data=!4m7!3m6!1s0x47f2fcb16399e839:0xec62b7569d3dde5f!8m2!3d46.7852844!4d4.8663754!16s%2Fg%2F11b6dh75yw!19sChIJOeiZY7H88kcRX949nVa3Yuw?authuser=0&hl=fr&rclk=1
Parc de l'Île Saint-Germain,4.6,,Parc de l'Île Saint-Germain,,Saint-Germain-les-Paroisses+France,Parc aquatique,https://www.google.com/maps/place/Parc+de+l%27%C3%8Ele+Saint-Germain/data=!4m7!3m6!1s0x47e67a8c2af55a45:0x8dd5a40c3df86b15!8m2!3d48.8264633!4d2.2557609!16s%2Fg%2F1wh4f55n!19sChIJRVr1Kox65kcRFWv4PQyk1Y0?authuser=0&hl=fr&rclk=1
Fun Zone Aquaparc,4.7,,Fun Zone Aquaparc,,Bessins+France,Parc aquatique,https://www.google.com/maps/place/Fun+Zone+Aquaparc/data=!4m7!3m6!1s0x478b7396d07bf8f7:0xd7b667935fccfcb!8m2!3d45.7754076!4d5.769663!16s%2Fg%2F11v3_xzfy4!19sChIJ9_h70JZzi0cRy8_8NXlmew0?authuser=0&hl=fr&rclk=1
Espace Aquatique Fernand Bonnin,4.1,,Espace Aquatique Fernand Bonnin,,Saint-Germain-lès-Buxy+France,Parc aquatique,https://www.google.com/maps/place/Espace+Aquatique+Fernand+Bonnin/data=!4m7!3m6!1s0x47f2c1a9982f1d3f:0x9c76aa3d60edb693!8m2!3d46.9990087!4d5.14033!16s%2Fg%2F11y4lq9hz5!19sChIJPx0vmKnB8kcRk7btYD2qdpw?authuser=0&hl=fr&rclk=1
Aquavillage PARC,4.3,,Aquavillage PARC,,Saint-Germain-les-Paroisses+France,Parc aquatique,https://www.google.com/maps/place/Aquavillage+PARC/data=!4m7!3m6!1s0x12c924100cfe747b:0xf190343d9ee037a!8m2!3d43.0964742!4d6.1644838!16s%2Fg%2F11c5s79pdh!19sChIJe3T-DBAkyRIRegPu2UMDGQ8?authuser=0&hl=fr&rclk=1
Parc Aquagliss,4.5,,Parc Aquagliss,,Bessins+France,Parc aquatique,https://www.google.com/maps/place/Parc+Aquagliss/data=!4m7!3m6!1s0x12cb464316dbceb9:0x8bb49a83ec196322!8m2!3d44.6572685!4d6.106924!16s%2Fg%2F113gh4fgf!19sChIJuc7bFkNGyxIRImMZ7IOatIs?authuser=0&hl=fr&rclk=1
Parc Aquatique de panthier,5.0,,Parc Aquatique de panthier,,Saint-Germain-lès-Buxy+France,Parc aquatique,https://www.google.com/maps/place/Parc+Aquatique+de+panthier/data=!4m7!3m6!1s0x47f27b0067bf600f:0xf5abfff3d5e5bc70!8m2!3d47.2373997!4d4.6270565!16s%2Fg%2F11wbh28y1b!19sChIJD2C_ZwB78kcRcLzl1fP_q_U?authuser=0&hl=fr&rclk=1
Château de Saint-Germain-lès-Buxy,4.8,,Château de Saint-Germain-lès-Buxy,,Saint-Germain-lès-Buxy+France,Parc aquatique,https://www.google.com/maps/place/Ch%C3%A2teau+de+Saint-Germain-l%C3%A8s-Buxy/data=!4m7!3m6!1s0x47f3021edc400d9f:0x92d4e05737574505!8m2!3d46.7091761!4d4.7726664!16s%2Fg%2F11csqsg2sp!19sChIJnw1A3B4C80cRBUVXN1fg1JI?authuser=0&hl=fr&rclk=1
"The Originals Boutique, Hôtel La Grange, Niort",4.6,,SponsoriséPar Booking.com,,Bessines+France,Hôtel avec spa,"https://www.google.com/maps/place/The+Originals+Boutique,+H%C3%B4tel+La+Grange,+Niort/data=!4m10!3m9!1s0x4807311f80aa2d4d:0x7e9178c8d8f01647!5m2!4m1!1i2!8m2!3d46.32124!4d-0.41228!16s%2Fg%2F12hl7x991!19sChIJTS2qgB8xB0gRRxbw2Mh4kX4?authuser=0&hl=fr&rclk=1"
"The Originals Boutique, Hôtel La Grange, Niort",4.6,,"The Originals Boutique, Hôtel La Grange, Niort",,Bessines+France,Hôtel avec spa,"https://www.google.com/maps/place/The+Originals+Boutique,+H%C3%B4tel+La+Grange,+Niort/data=!4m10!3m9!1s0x480731202beecb6f:0x7e9178c8d8f01647!5m2!4m1!1i2!8m2!3d46.32124!4d-0.41228!16s%2Fg%2F12hl7x991!19sChIJb8vuKyAxB0gRRxbw2Mh4kX4?authuser=0&hl=fr&rclk=1"
Relais Spa Val d'Europe,4.3,,SponsoriséPar Booking.com,,Esbly+France,Hôtel avec spa,https://www.google.com/maps/place/Relais+Spa+Val+d%27Europe/data=!4m10!3m9!1s0x47e61cd81ae8b1fb:0xa71b56438fd1a1d7!5m2!4m1!1i2!8m2!3d48.857325!4d2.772843!16s%2Fg%2F1q6n2st09!19sChIJ-7HoGtgc5kcR16HRj0NWG6c?authuser=0&hl=fr&rclk=1
"Centre aquatique Vals d'O, Les Abrets en Dauphiné",4.0,,"Centre aquatique Vals d'O, Les Abrets en Dauphiné",,Bessins+France,Parc aquatique,"https://www.google.com/maps/place/Centre+aquatique+Vals+d%27O,+Les+Abrets+en+Dauphin%C3%A9/data=!4m7!3m6!1s0x478b19335e4aba75:0x719e43c781f651ca!8m2!3d45.5416138!4d5.5817994!16s%2Fg%2F11c15mzwnc!19sChIJdbpKXjMZi0cRylH2gcdDnnE?authuser=0&hl=fr&rclk=1"
La Maison d'Angélique,4.7,,La Maison d'Angélique,,Bessines+France,Hôtel avec spa,https://www.google.com/maps/place/La+Maison+d%27Ang%C3%A9lique/data=!4m10!3m9!1s0x480731cbf1700001:0xac219b667fdef6c5!5m2!4m1!1i2!8m2!3d46.3192547!4d-0.4562365!16s%2Fg%2F11sfbbdl91!19sChIJAQBw8csxB0gRxfbef2abIaw?authuser=0&hl=fr&rclk=1
"Radisson Blu Hotel, Paris Marne-la-Vallee",3.7,,SponsoriséPar Booking.com,,Esbly+France,Hôtel avec spa,"https://www.google.com/maps/place/Radisson+Blu+Hotel,+Paris+Marne-la-Vallee/data=!4m10!3m9!1s0x47e61d5010bfc8c5:0x2dd0c8bd436cf4bc!5m2!4m1!1i2!8m2!3d48.855086!4d2.808273!16s%2Fg%2F1v9gj94r!19sChIJxci_EFAd5kcRvPRsQ73I0C0?authuser=0&hl=fr&rclk=1"
"Renacland, aquaparc & locations.",4.3,,"Renacland, aquaparc & locations.",,Bessins+France,Parc aquatique,"https://www.google.com/maps/place/Renacland,+aquaparc+%26+locations./data=!4m7!3m6!1s0x12ad4b84383268e3:0xc786055ed3e7669d!8m2!3d44.9339485!4d2.2205415!16s%2Fg%2F11cnpj210d!19sChIJ42gyOIRLrRIRnWbn014Fhsc?authuser=0&hl=fr&rclk=1"
Domaine Les Hauts de Gloriette,5.0,,Domaine Les Hauts de Gloriette,,Bessines+France,Hôtel avec spa,https://www.google.com/maps/place/Domaine+Les+Hauts+de+Gloriette/data=!4m10!3m9!1s0x48072b1b7f967231:0x2c9586175e347615!5m2!4m1!1i2!8m2!3d46.2841427!4d-0.5527553!16s%2Fg%2F11t167s_yy!19sChIJMXKWfxsrB0gRFXY0XheGlSw?authuser=0&hl=fr&rclk=1
Hôtel Dream Castle,3.9,,Hôtel Dream Castle,,Esbly+France,Hôtel avec spa,https://www.google.com/maps/place/H%C3%B4tel+Dream+Castle/data=!4m10!3m9!1s0x47dd318717ce38c1:0x7a296e97ed9cd134!5m2!4m1!1i2!8m2!3d48.8745036!4d2.8065154!16s%2Fg%2F121d1g1w!19sChIJwTjOF4cx3UcRNNGc7ZduKXo?authuser=0&hl=fr&rclk=1
La Bouscarasse,4.0,,La Bouscarasse,,Bessins+France,Parc aquatique,https://www.google.com/maps/place/La+Bouscarasse/data=!4m7!3m6!1s0x12b44a442540f613:0xd473ab87bdc05214!8m2!3d44.037433!4d4.3262812!16s%2Fg%2F1tctzm7q!19sChIJE_ZAJURKtBIRFFLAvYerc9Q?authuser=0&hl=fr&rclk=1
Atlantic Toboggan,4.0,,Atlantic Toboggan,,Bessins+France,Parc aquatique,https://www.google.com/maps/place/Atlantic+Toboggan/data=!4m7!3m6!1s0x4804561d5e901d67:0x258896fd4f24c06b!8m2!3d46.7586033!4d-2.024573!16s%2Fg%2F1tdc956c!19sChIJZx2QXh1WBEgRa8AkT_2WiCU?authuser=0&hl=fr&rclk=1
Relais Spa Val d'Europe,4.3,,Relais Spa Val d'Europe,,Esbly+France,Hôtel avec spa,https://www.google.com/maps/place/Relais+Spa+Val+d%27Europe/data=!4m10!3m9!1s0x47e61cd80687b645:0xa71b56438fd1a1d7!5m2!4m1!1i2!8m2!3d48.8573254!4d2.7728433!16s%2Fg%2F1q6n2st09!19sChIJRbaHBtgc5kcR16HRj0NWG6c?authuser=0&hl=fr&rclk=1
Aquaboulevard de Paris,3.7,,Aquaboulevard de Paris,,Bessins+France,Parc aquatique,https://www.google.com/maps/place/Aquaboulevard+de+Paris/data=!4m7!3m6!1s0x47e6718b1fbcd4fd:0xa7968d889eb5402a!8m2!3d48.8318042!4d2.2762627!16s%2Fg%2F120hhrtz!19sChIJ_dS8H4tx5kcRKkC1noiNlqc?authuser=0&hl=fr&rclk=1
Best Western Hotel Grand Parc,4.2,,Best Western Hotel Grand Parc,,Esbly+France,Hôtel avec spa,https://www.google.com/maps/place/Best+Western+Hotel+Grand+Parc/data=!4m10!3m9!1s0x47e61de471bd4fb7:0xd8979054943675e4!5m2!4m1!1i2!8m2!3d48.8556002!4d2.7429249!16s%2Fg%2F1tht0rt9!19sChIJt0-9ceQd5kcR5HU2lFSQl9g?authuser=0&hl=fr&rclk=1
La Coudraie - Hôtel Val d'Europe,4.7,,La Coudraie - Hôtel Val d'Europe,,Esbly+France,Hôtel avec spa,https://www.google.com/maps/place/La+Coudraie+-+H%C3%B4tel+Val+d%27Europe/data=!4m10!3m9!1s0x47e61d62a5262765:0x1d27eb31508fa6ae!5m2!4m1!1i2!8m2!3d48.8815311!4d2.739359!16s%2Fg%2F11pyn681vp!19sChIJZScmpWId5kcRrqaPUDHrJx0?authuser=0&hl=fr&rclk=1
Aquaparc,4.3,,Aquaparc,,Bessins+France,Parc aquatique,https://www.google.com/maps/place/Aquaparc/data=!4m7!3m6!1s0x478e9bff9a80c3bb:0xbaf2ec6cdcfbc93e!8m2!3d46.3895221!4d6.8625021!16s%2Fg%2F122rd4t5!19sChIJu8OAmv-bjkcRPsn73Gzs8ro?authuser=0&hl=fr&rclk=1
"Radisson Blu Hotel, Paris Marne-la-Vallee",3.7,,"Radisson Blu Hotel, Paris Marne-la-Vallee",,Esbly+France,Hôtel avec spa,"https://www.google.com/maps/place/Radisson+Blu+Hotel,+Paris+Marne-la-Vallee/data=!4m10!3m9!1s0x47e61d5aeae1b3ed:0x2dd0c8bd436cf4bc!5m2!4m1!1i2!8m2!3d48.8550855!4d2.8082731!16s%2Fg%2F1v9gj94r!19sChIJ7bPh6lod5kcRvPRsQ73I0C0?authuser=0&hl=fr&rclk=1"
Parc Aquatique Aquafolies,4.4,,Parc Aquatique Aquafolies,,Bessins+France,Parc aquatique,https://www.google.com/maps/place/Parc+Aquatique+Aquafolies/data=!4m7!3m6!1s0x47f346188aa84e1f:0xd26187a9dd722d3e!8m2!3d46.3423598!4d5.1394048!16s%2Fg%2F11gdknj1d2!19sChIJH06oihhG80cRPi1y3amHYdI?authuser=0&hl=fr&rclk=1
Disneyland Hotel,4.5,,Disneyland Hotel,,Esbly+France,Hôtel avec spa,https://www.google.com/maps/place/Disneyland+Hotel/data=!4m10!3m9!1s0x47e61d1971f9af8b:0x1a635ad691123731!5m2!4m1!1i2!8m2!3d48.8704119!4d2.7797069!16zL20vMGZwbHYy!19sChIJi6_5cRkd5kcRMTcSkdZaYxo?authuser=0&hl=fr&rclk=1
Parc d'Attractions Aquatic Landes / Labenne,3.6,,Parc d'Attractions Aquatic Landes / Labenne,,Bessins+France,Parc aquatique,https://www.google.com/maps/place/Parc+d%27Attractions+Aquatic+Landes+%2F+Labenne/data=!4m7!3m6!1s0xd514488fe12707f:0xcb6cf6d5bdb04aed!8m2!3d43.5948793!4d-1.4533072!16s%2Fg%2F1tczx7_d!19sChIJf3AS_ohEUQ0R7UqwvdX2bMs?authuser=0&hl=fr&rclk=1
Crowne Plaza Paris Marne-la-ValléE by IHG,4.1,,Crowne Plaza Paris Marne-la-ValléE by IHG,,Esbly+France,Hôtel avec spa,https://www.google.com/maps/place/Crowne+Plaza+Paris+Marne-la-Vall%C3%A9E+by+IHG/data=!4m10!3m9!1s0x47e61dd98421cb39:0xf80b00268a0ec84b!5m2!4m1!1i2!8m2!3d48.855265!4d2.808255!16s%2Fg%2F11n3m54lr5!19sChIJOcshhNkd5kcRS8gOiiYAC_g?authuser=0&hl=fr&rclk=1
Aqua Family,4.2,,Aqua Family,,Bessins+France,Parc aquatique,https://www.google.com/maps/place/Aqua+Family/data=!4m7!3m6!1s0x12c921c73208131f:0x9dbdc54ad9bd021d!8m2!3d43.0861999!4d6.1461576!16s%2Fg%2F11j11hc7dk!19sChIJHxMIMschyRIRHQK92UrFvZ0?authuser=0&hl=fr&rclk=1
Disney Newport Bay Club,4.3,,Disney Newport Bay Club,,Esbly+France,Hôtel avec spa,https://www.google.com/maps/place/Disney+Newport+Bay+Club/data=!4m10!3m9!1s0x12a5621c93628f49:0x18fe6d8b2945dcc5!5m2!4m1!1i2!8m2!3d48.865459!4d2.7892863!16zL20vMGQyYjcz!19sChIJSY9ikxxipRIRxdxFKYtt_hg?authuser=0&hl=fr&rclk=1
Le Dôme,4.3,,Le Dôme,,Bessins+France,Parc aquatique,https://www.google.com/maps/place/Le+D%C3%B4me/data=!4m7!3m6!1s0x47e17d69db837cbb:0x3f355f2ea5f3736c!8m2!3d48.7284774!4d0.8399143!16s%2Fg%2F11g8dk9ss1!19sChIJu3yD22l94UcRbHPzpS5fNT8?authuser=0&hl=fr&rclk=1
Disney's Hotel New York - The Art of Marvel,4.5,,Disney's Hotel New York - The Art of Marvel,,Esbly+France,Hôtel avec spa,https://www.google.com/maps/place/Disney%27s+Hotel+New+York+-+The+Art+of+Marvel/data=!4m10!3m9!1s0x12a5621c93628f49:0x532927254141e03!5m2!4m1!1i2!8m2!3d48.8707468!4d2.7877002!16zL20vMGQyYjk2!19sChIJSY9ikxxipRIRAx4UVHKSMgU?authuser=0&hl=fr&rclk=1
La Résidence Belle Créole | Logement évasion proche Disneyland Paris en Seine-et-Marne,5.0,,La Résidence Belle Créole | Logement évasion proche Disneyland Paris en Seine-et-Marne,,Esbly+France,Hôtel avec spa,https://www.google.com/maps/place/La+R%C3%A9sidence+Belle+Cr%C3%A9ole+%7C+Logement+%C3%A9vasion+proche+Disneyland+Paris+en+Seine-et-Marne/data=!4m10!3m9!1s0x47e8a784a886326b:0xa157d26ec0a162dc!5m2!4m1!1i2!8m2!3d48.9023255!4d2.876008!16s%2Fg%2F11vlww_644!19sChIJazKGqISn6EcR3GKhwG7SV6E?authuser=0&hl=fr&rclk=1
123HOME.FR,3.5,,123HOME.FR,,Esbly+France,Hôtel avec spa,https://www.google.com/maps/place/123HOME.FR/data=!4m10!3m9!1s0x47e61cd1cc319337:0x82e264b6873ee4dc!5m2!4m1!1i2!8m2!3d48.8444166!4d2.7958357!16s%2Fg%2F11c5_g3lnf!19sChIJN5MxzNEc5kcR3OQ-h7Zk4oI?authuser=0&hl=fr&rclk=1
Aquasplash,3.2,,Aquasplash,,Bessins+France,Parc aquatique,https://www.google.com/maps/place/Aquasplash/data=!4m7!3m6!1s0x12cdd4e53094e195:0x3231a5821eee6141!8m2!3d43.615356!4d7.124161!16s%2Fg%2F12hmcfpvc!19sChIJleGUMOXUzRIRQWHuHoKlMTI?authuser=0&hl=fr&rclk=1
Aqualand Sainte-Maxime - Parc Aquatique,3.4,,Aqualand Sainte-Maxime - Parc Aquatique,,Bessins+France,Parc aquatique,https://www.google.com/maps/place/Aqualand+Sainte-Maxime+-+Parc+Aquatique/data=!4m7!3m6!1s0x12ceb8fa05c5d783:0xc7f1bbca1eee4595!8m2!3d43.328348!4d6.618087!16s%2Fg%2F1td3_1wd!19sChIJg9fFBfq4zhIRlUXuHsq78cc?authuser=0&hl=fr&rclk=1
Domaine des Vaulx - Cabanes dans les arbres et Spa - Gîtes,4.4,,Domaine des Vaulx - Cabanes dans les arbres et Spa - Gîtes,,Saint-Germain-le-Guillaume+France,Hôtel avec spa,https://www.google.com/maps/place/Domaine+des+Vaulx+-+Cabanes+dans+les+arbres+et+Spa+-+G%C3%AEtes/data=!4m10!3m9!1s0x48091ba1d73f946b:0xa2b9000aa7c6d96d!5m2!4m1!1i2!8m2!3d48.1765311!4d-0.887147!16s%2Fg%2F1pycvrlfq!19sChIJa5Q_16EbCUgRbdnGpwoAuaI?authuser=0&hl=fr&rclk=1
Aqua Béarn,4.0,,Aqua Béarn,,Bessins+France,Parc aquatique,https://www.google.com/maps/place/Aqua+B%C3%A9arn/data=!4m7!3m6!1s0xd5655b13e21ab0f:0xf57e639b47660755!8m2!3d43.2259503!4d-0.5693305!16s%2Fg%2F1tfg8_l8!19sChIJD6shPrFVVg0RVQdmR5tjfvU?authuser=0&hl=fr&rclk=1
La Douce Halte,5.0,,La Douce Halte,,Saint-Germain-le-Guillaume+France,Hôtel avec spa,https://www.google.com/maps/place/La+Douce+Halte/data=!4m10!3m9!1s0x48091ddfc5f56ad1:0x390516a00d951428!5m2!4m1!1i2!8m2!3d48.1278486!4d-0.9007157!16s%2Fg%2F11kq3vmds0!19sChIJ0Wr1xd8dCUgRKBSVDaAWBTk?authuser=0&hl=fr&rclk=1
Aquavillage PARC,4.3,,Aquavillage PARC,,Bessins+France,Parc aquatique,https://www.google.com/maps/place/Aquavillage+PARC/data=!4m7!3m6!1s0x12c924100cfe747b:0xf190343d9ee037a!8m2!3d43.0964742!4d6.1644838!16s%2Fg%2F11c5s79pdh!19sChIJe3T-DBAkyRIRegPu2UMDGQ8?authuser=0&hl=fr&rclk=1
Western Splash,4.1,,Western Splash,,Bessins+France,Parc aquatique,https://www.google.com/maps/place/Western+Splash/data=!4m7!3m6!1s0x12d73b4d61fa9be3:0x523abb0348a8ffb8!8m2!3d42.6286629!4d9.4455083!16s%2Fg%2F11cp5f__2q!19sChIJ45v6YU071xIRuP-oSAO7OlI?authuser=0&hl=fr&rclk=1
Le Pré de la Rue,5.0,,Le Pré de la Rue,,Mers-sur-Indre+France,Hôtel avec spa,https://www.google.com/maps/place/Le+Pr%C3%A9+de+la+Rue/data=!4m10!3m9!1s0x47fbbd05c6d9a94f:0x276b1030be29b7c4!5m2!4m1!1i2!8m2!3d46.6010828!4d1.6896119!16s%2Fg%2F11h057fk8p!19sChIJT6nZxgW9-0cRxLcpvjAQayc?authuser=0&hl=fr&rclk=1
Ludolac,3.8,,Ludolac,,Mersuay+France,Parc aquatique,https://www.google.com/maps/place/Ludolac/data=!4m7!3m6!1s0x4792ed64c5a9c3ef:0x1231fad180e76307!8m2!3d47.629659!4d6.1246246!16s%2Fg%2F1wzt199_!19sChIJ78OpxWTtkkcRB2PngNH6MRI?authuser=0&hl=fr&rclk=1
Le Château | Les Dryades,4.0,,Le Château | Les Dryades,,Mers-sur-Indre+France,Hôtel avec spa,https://www.google.com/maps/place/Le+Ch%C3%A2teau+%7C+Les+Dryades/data=!4m10!3m9!1s0x47fa3523fc885f47:0x6fa114a2e01668d9!5m2!4m1!1i2!8m2!3d46.4862751!4d2.0133757!16s%2Fg%2F11qpshldb8!19sChIJR1-I_CM1-kcR2WgW4KIUoW8?authuser=0&hl=fr&rclk=1
Aquaparc Isis,3.7,,Aquaparc Isis,,Mersuay+France,Parc aquatique,https://www.google.com/maps/place/Aquaparc+Isis/data=!4m7!3m6!1s0x478d4b42216b628b:0x763b50c273681fc1!8m2!3d47.072283!4d5.4863406!16s%2Fg%2F1tp1xqjy!19sChIJi2JrIUJLjUcRwR9oc8JQO3Y?authuser=0&hl=fr&rclk=1
La maison de Montaboulin,4.8,,La maison de Montaboulin,,Mers-sur-Indre+France,Hôtel avec spa,https://www.google.com/maps/place/La+maison+de+Montaboulin/data=!4m10!3m9!1s0x47fb0a079ce11f19:0xcf493cf8ad327ead!5m2!4m1!1i2!8m2!3d46.8134464!4d1.6956947!16s%2Fg%2F11hzhymzhb!19sChIJGR_hnAcK-0cRrX4yrfg8Sc8?authuser=0&hl=fr&rclk=1
Aqua Bubble Boom Brognard,4.5,,Aqua Bubble Boom Brognard,,Mersuay+France,Parc aquatique,https://www.google.com/maps/place/Aqua+Bubble+Boom+Brognard/data=!4m7!3m6!1s0x4792171b6c1854ad:0xb1127f95cac6c50b!8m2!3d47.5299008!4d6.8566597!16s%2Fg%2F11fll51rn7!19sChIJrVQYbBsXkkcRC8XGypV_ErE?authuser=0&hl=fr&rclk=1
Thermes de Luxeuil-les-Bains,4.2,,Thermes de Luxeuil-les-Bains,,Esboz-Brest+France,Centre thermal,https://www.google.com/maps/place/Thermes+de+Luxeuil-les-Bains/data=!4m10!3m9!1s0x4792560be5a65763:0xf277bfd34a33fff8!5m2!4m1!1i2!8m2!3d47.8206642!4d6.3770605!16s%2Fg%2F1tczcttj!19sChIJY1em5QtWkkcR-P8zStO_d_I?authuser=0&hl=fr&rclk=1
Thermes de Bourbonne-les-Bains - Institut et spa,4.1,,Thermes de Bourbonne-les-Bains - Institut et spa,,Esboz-Brest+France,Centre thermal,https://www.google.com/maps/place/Thermes+de+Bourbonne-les-Bains+-+Institut+et+spa/data=!4m7!3m6!1s0x479329e96677531b:0xc398ea10722e2ae!8m2!3d47.9510442!4d5.7467987!16s%2Fg%2F11xfbkzfk!19sChIJG1N3Zukpk0cRruIiB6GOOQw?authuser=0&hl=fr&rclk=1
Aquaparc BE FUN Mâcon/Cormoranche,4.9,,Aquaparc BE FUN Mâcon/Cormoranche,,Mersuay+France,Parc aquatique,https://www.google.com/maps/place/Aquaparc+BE+FUN+M%C3%A2con%2FCormoranche/data=!4m7!3m6!1s0x47f3650219b6f755:0x9fc494a9da09ae70!8m2!3d46.2528512!4d4.8241561!16s%2Fg%2F11jcnwls83!19sChIJVfe2GQJl80cRcK4J2qmUxJ8?authuser=0&hl=fr&rclk=1
Jura Splash,4.3,,Jura Splash,,Mersuay+France,Parc aquatique,https://www.google.com/maps/place/Jura+Splash/data=!4m7!3m6!1s0x478d2b6d7d2e340f:0x120b971e9afe07fe!8m2!3d46.7603406!4d5.4821891!16s%2Fg%2F11g2w4b0z7!19sChIJDzQufW0rjUcR_gf-mh6XCxI?authuser=0&hl=fr&rclk=1
Therma Salina,4.0,,Therma Salina,,Esboz-Brest+France,Centre thermal,https://www.google.com/maps/place/Therma+Salina/data=!4m7!3m6!1s0x478d1464e3cd6d8f:0xc19174ba1f151cb2!8m2!3d46.9449034!4d5.8797025!16s%2Fg%2F1203ntf_8!19sChIJj23N42QUjUcRshwVH7p0kcE?authuser=0&hl=fr&rclk=1
Aquafly,4.4,,Aquafly,,Mersuay+France,Parc aquatique,https://www.google.com/maps/place/Aquafly/data=!4m7!3m6!1s0x4793b592c462ee4b:0x1ef97aea022754de!8m2!3d47.9514789!4d6.7536738!16s%2Fg%2F11fhng54g4!19sChIJS-5ixJK1k0cR3lQnAup6-R4?authuser=0&hl=fr&rclk=1
Thermes de Cambo-les-Bains,4.5,,Thermes de Cambo-les-Bains,,Esboz-Brest+France,Centre thermal,https://www.google.com/maps/place/Thermes+de+Cambo-les-Bains/data=!4m7!3m6!1s0xd513a54ea1828dd:0xa3f3e8da5cddbf6!8m2!3d43.3546709!4d-1.3876673!16s%2Fg%2F1td1l9mm!19sChIJ3SgY6lQ6UQ0R9tvNpY0-Pwo?authuser=0&hl=fr&rclk=1
Berry Séjours,4.9,,Berry Séjours,,Mers-sur-Indre+France,Hôtel avec spa,https://www.google.com/maps/place/Berry+S%C3%A9jours/data=!4m10!3m9!1s0x47fbbdb610c83363:0xa74a4da03d4f3994!5m2!4m1!1i2!8m2!3d46.5944621!4d1.6381761!16s%2Fg%2F11khlc7f_c!19sChIJYzPIELa9-0cRlDlPPaBNSqc?authuser=0&hl=fr&rclk=1
Parc aquatique Aqua Mundo Center Parcs Les Trois Forêts,4.2,,Parc aquatique Aqua Mundo Center Parcs Les Trois Forêts,,Mersuay+France,Parc aquatique,https://www.google.com/maps/place/Parc+aquatique+Aqua+Mundo+Center+Parcs+Les+Trois+For%C3%AAts/data=!4m7!3m6!1s0x47940cf9c809f3d7:0xa06e64f07391c86b!8m2!3d48.6213789!4d6.9838248!16s%2Fg%2F11cm057dqd!19sChIJ1_MJyPkMlEcRa8iRc_BkbqA?authuser=0&hl=fr&rclk=1
Etablissement Thermal,4.0,2,Etablissement Thermal,,Esboz-Brest+France,Centre thermal,https://www.google.com/maps/place/Etablissement+Thermal/data=!4m7!3m6!1s0x479329e967e9976f:0x28e67bb3c14949b!8m2!3d47.951155!4d5.746341!16s%2Fg%2F11b6dp65t6!19sChIJb5fpZ-kpk0cRm5QUPLtnjgI?authuser=0&hl=fr&rclk=1
Les Gîtes du beau de Varennes,4.2,,Les Gîtes du beau de Varennes,,Mers-sur-Indre+France,Hôtel avec spa,https://www.google.com/maps/place/Les+G%C3%AEtes+du+beau+de+Varennes/data=!4m10!3m9!1s0x47fbb3faf2264b63:0x284874c4df5298ac!5m2!4m1!1i2!8m2!3d46.5859952!4d1.8634744!16s%2Fg%2F1hc15fw48!19sChIJY0sm8vqz-0cRrJhS38R0SCg?authuser=0&hl=fr&rclk=1
Parc de La praille,4.5,,Parc de La praille,,Mersuay+France,Parc aquatique,https://www.google.com/maps/place/Parc+de+La+praille/data=!4m7!3m6!1s0x47924f348a5f7e15:0x367aa359fbf4d0b!8m2!3d47.7552814!4d6.5988977!16s%2Fg%2F11mpcl2vb5!19sChIJFX5fijRPkkcRC02_nzWqZwM?authuser=0&hl=fr&rclk=1
Espace San Bao - Pratique de Médecine traditionnelle chinoise et ayurvédique,5.0,,Espace San Bao - Pratique de Médecine traditionnelle chinoise et ayurvédique,,Esboz-Brest+France,Centre thermal,https://www.google.com/maps/place/Espace+San+Bao+-+Pratique+de+M%C3%A9decine+traditionnelle+chinoise+et+ayurv%C3%A9dique/data=!4m7!3m6!1s0x2b6eeb5bab443da5:0x288242826c4d274e!8m2!3d47.7821854!4d6.4380865!16s%2Fg%2F11stv2s4yb!19sChIJpT1Eq1vrbisRTidNbIJCgig?authuser=0&hl=fr&rclk=1
Gite des 2 Arbres de la sagesse,4.9,,Gite des 2 Arbres de la sagesse,,Mers-sur-Indre+France,Hôtel avec spa,https://www.google.com/maps/place/Gite+des+2+Arbres+de+la+sagesse/data=!4m10!3m9!1s0x47fba8b26695ddd9:0x9eea178734d6280!5m2!4m1!1i2!8m2!3d46.7366457!4d1.7930494!16s%2Fg%2F11rd38hrxw!19sChIJ2d2VZrKo-0cRgGJNc3ih7gk?authuser=0&hl=fr&rclk=1
Centre Aquatique des Bords de Saône,3.9,,Centre Aquatique des Bords de Saône,,Mersuay+France,Parc aquatique,https://www.google.com/maps/place/Centre+Aquatique+des+Bords+de+Sa%C3%B4ne/data=!4m7!3m6!1s0x4792ea43ee804a09:0x796907e711bc0835!8m2!3d47.661116!4d5.9778479!16s%2Fg%2F11by_nklwl!19sChIJCUqA7kPqkkcRNQi8EecHaXk?authuser=0&hl=fr&rclk=1
Bain national et Buvette thermale,4.1,,Bain national et Buvette thermale,,Esboz-Brest+France,Centre thermal,https://www.google.com/maps/place/Bain+national+et+Buvette+thermale/data=!4m7!3m6!1s0x4793abc25218427b:0x1465f193498939cb!8m2!3d47.9654369!4d6.4593179!16s%2Fg%2F1z44r_qlv!19sChIJe0IYUsKrk0cRyzmJSZPxZRQ?authuser=0&hl=fr&rclk=1
Complexe aquatique des Jardins de l'Etang,4.0,,Complexe aquatique des Jardins de l'Etang,,Mersuay+France,Parc aquatique,https://www.google.com/maps/place/Complexe+aquatique+des+Jardins+de+l%27Etang/data=!4m7!3m6!1s0x4792950b0eb17205:0x728af9a7f0e5b755!8m2!3d47.573345!4d5.9545009!16s%2Fg%2F11by_n9k3y!19sChIJBXKxDguVkkcRVbfl8Kf5inI?authuser=0&hl=fr&rclk=1
Complexe aquatique de Dampierre sur Linotte,4.1,,Complexe aquatique de Dampierre sur Linotte,,Mersuay+France,Parc aquatique,https://www.google.com/maps/place/Complexe+aquatique+de+Dampierre+sur+Linotte/data=!4m7!3m6!1s0x479289655e9bd397:0x838fc7eeb5d3e89b!8m2!3d47.507862!4d6.2286753!16s%2Fg%2F11cm8dzb3r!19sChIJl9ObXmWJkkcRm-jTte7Hj4M?authuser=0&hl=fr&rclk=1
Hôtel Le Richebourg,4.6,,SponsoriséPar Booking.com,,Esbarres+France,Hôtel avec spa,https://www.google.com/maps/place/H%C3%B4tel+Le+Richebourg/data=!4m10!3m9!1s0x47f29037dfe46a7b:0x39b2ff18d64f6fb6!5m2!4m1!1i2!8m2!3d47.154746!4d4.958133!16s%2Fg%2F1tf79ffr!19sChIJe2rk3zeQ8kcRtm9P1hj_sjk?authuser=0&hl=fr&rclk=1
Hôtel le Cep,4.5,,SponsoriséPar Expedia.fr,,Esbarres+France,Hôtel avec spa,https://www.google.com/maps/place/H%C3%B4tel+le+Cep/data=!4m10!3m9!1s0x47f2f3452d8526f9:0x5e23666967a80360!5m2!4m1!1i2!8m2!3d47.022753!4d4.834902!16s%2Fg%2F1w6_n4yj!19sChIJ-SaFLUXz8kcRYAOoZ2lmI14?authuser=0&hl=fr&rclk=1
Domaine des trois chateaux,4.1,,Domaine des trois chateaux,,Saint-Germain-Laxis+France,Hôtel avec spa,https://www.google.com/maps/place/Domaine+des+trois+chateaux/data=!4m10!3m9!1s0x47e5f93885897e5b:0x58d70c2f954ab216!5m2!4m1!1i2!8m2!3d48.5646591!4d2.750519!16s%2Fg%2F11f9xt0dyv!19sChIJW36JhTj55UcRFrJKlS8M11g?authuser=0&hl=fr&rclk=1
Centre Thermal La Roche-Posay,4.3,,Centre Thermal La Roche-Posay,,Bessines-sur-Gartempe+France,Centre thermal,https://www.google.com/maps/place/Centre+Thermal+La+Roche-Posay/data=!4m7!3m6!1s0x47fc583265c9105d:0x5140c34169acc657!8m2!3d46.7783958!4d0.809023!16s%2Fg%2F11dxq7hgpj!19sChIJXRDJZTJY_EcRV8asaUHDQFE?authuser=0&hl=fr&rclk=1
Centre Thermal Saint-Eloy Amnéville,4.3,,Centre Thermal Saint-Eloy Amnéville,,Merschweiller+France,Centre thermal,https://www.google.com/maps/place/Centre+Thermal+Saint-Eloy+Amn%C3%A9ville/data=!4m7!3m6!1s0x479527aca6f93495:0x94878c99d8dee5e6!8m2!3d49.2421515!4d6.1354468!16s%2Fg%2F1tkc5mb4!19sChIJlTT5pqwnlUcR5uXe2JmMh5Q?authuser=0&hl=fr&rclk=1
Chambres d’hôtes Bourgogne Château de Longecourt,4.7,,Chambres d’hôtes Bourgogne Château de Longecourt,,Esbarres+France,Hôtel avec spa,https://www.google.com/maps/place/Chambres+d%E2%80%99h%C3%B4tes+Bourgogne+Ch%C3%A2teau+de+Longecourt/data=!4m10!3m9!1s0x47f2a2e9ebf42571:0x3d57074934853b53!5m2!4m1!1i2!8m2!3d47.1967602!4d5.1528962!16s%2Fg%2F121_c2rl!19sChIJcSX06-mi8kcRUzuFNEkHVz0?authuser=0&hl=fr&rclk=1
Le Spatinium - appartement avec jacuzzi privatif,4.8,,Le Spatinium - appartement avec jacuzzi privatif,,Saint-Germain-Laxis+France,Hôtel avec spa,https://www.google.com/maps/place/Le+Spatinium+-+appartement+avec+jacuzzi+privatif/data=!4m10!3m9!1s0x47e5e57a572cbcfb:0x434a81f847655796!5m2!4m1!1i2!8m2!3d48.5624957!4d2.6039505!16s%2Fg%2F11fwgdjzj0!19sChIJ-7wsV3rl5UcRlldlR_iBSkM?authuser=0&hl=fr&rclk=1
Thermes du Connétable,4.4,,Thermes du Connétable,,Bessines-sur-Gartempe+France,Centre thermal,https://www.google.com/maps/place/Thermes+du+Conn%C3%A9table/data=!4m7!3m6!1s0x47fc59d19e62a45d:0xf632a1497afe4f4!8m2!3d46.7779668!4d0.8092815!16s%2Fg%2F11c60jp_vz!19sChIJXaRintFZ_EcR9OSvlxQqYw8?authuser=0&hl=fr&rclk=1
Thermapolis Amnéville,3.9,,Thermapolis Amnéville,,Merschweiller+France,Centre thermal,https://www.google.com/maps/place/Thermapolis+Amn%C3%A9ville/data=!4m7!3m6!1s0x479527b296f74ec7:0x855227a6a698d37e!8m2!3d49.2424102!4d6.1285742!16s%2Fg%2F1tknjcxt!19sChIJx073lrInlUcRftOYpqYnUoU?authuser=0&hl=fr&rclk=1
Hôtel Bellevigne Bourgogne l Restaurant l Cave & Spa,4.5,,Hôtel Bellevigne Bourgogne l Restaurant l Cave & Spa,,Esbarres+France,Hôtel avec spa,https://www.google.com/maps/place/H%C3%B4tel+Bellevigne+Bourgogne+l+Restaurant+l+Cave+%26+Spa/data=!4m10!3m9!1s0x47f29151961c3c5f:0x82b4d7ad913797ac!5m2!4m1!1i2!8m2!3d47.1852971!4d4.9512847!16s%2Fg%2F11y3qz0p97!19sChIJXzwcllGR8kcRrJc3ka3XtII?authuser=0&hl=fr&rclk=1
"The Originals City, Hôtel de France, Bessines-sur-Gartempe",4.2,,"The Originals City, Hôtel de France, Bessines-sur-Gartempe",,Bessines-sur-Gartempe+France,Centre thermal,"https://www.google.com/maps/place/The+Originals+City,+H%C3%B4tel+de+France,+Bessines-sur-Gartempe/data=!4m10!3m9!1s0x47f9513dadf710a5:0x8572c5168b201a1c!5m2!4m1!1i2!8m2!3d46.107636!4d1.366992!16s%2Fg%2F1tgfph23!19sChIJpRD3rT1R-UcRHBogixbFcoU?authuser=0&hl=fr&rclk=1"
Thermes de Contrexéville,4.2,,Thermes de Contrexéville,,Merschweiller+France,Centre thermal,https://www.google.com/maps/place/Thermes+de+Contrex%C3%A9ville/data=!4m7!3m6!1s0x479338e0606640f3:0xfb0090a79bad37a7!8m2!3d48.1808916!4d5.8942795!16s%2Fg%2F1tfjzszt!19sChIJ80BmYOA4k0cRpzetm6eQAPs?authuser=0&hl=fr&rclk=1
Ô'Rouge Hôtel & Spa & Restaurant Gevrey-Chambertin,4.3,,Ô'Rouge Hôtel & Spa & Restaurant Gevrey-Chambertin,,Esbarres+France,Hôtel avec spa,https://www.google.com/maps/place/%C3%94%27Rouge+H%C3%B4tel+%26+Spa+%26+Restaurant+Gevrey-Chambertin/data=!4m10!3m9!1s0x47f29b210d245991:0x466362c1ff3a5798!5m2!4m1!1i2!8m2!3d47.2273438!4d4.9670097!16s%2Fg%2F1td6967k!19sChIJkVkkDSGb8kcRmFc6_8FiY0Y?authuser=0&hl=fr&rclk=1
Destination Bien-être et beauté,5.0,,Destination Bien-être et beauté,,Bessines-sur-Gartempe+France,Centre thermal,https://www.google.com/maps/place/Destination+Bien-%C3%AAtre+et+beaut%C3%A9/data=!4m7!3m6!1s0x47f9573d1b9853df:0xcc134ae40be54b6b!8m2!3d46.1067651!4d1.3622363!16s%2Fg%2F11qb552rq4!19sChIJ31OYGz1X-UcRa0vlC-RKE8w?authuser=0&hl=fr&rclk=1
Villa Pompéi Amnéville,4.1,,Villa Pompéi Amnéville,,Merschweiller+France,Centre thermal,https://www.google.com/maps/place/Villa+Pomp%C3%A9i+Amn%C3%A9ville/data=!4m7!3m6!1s0x479527b2d0119eeb:0x89ba8d4a25bdc13f!8m2!3d49.2430381!4d6.126071!16s%2Fg%2F1tp0clzk!19sChIJ654R0LInlUcRP8G9JUqNuok?authuser=0&hl=fr&rclk=1
Le Moulin d'Hauterive,4.6,,Le Moulin d'Hauterive,,Esbarres+France,Hôtel avec spa,https://www.google.com/maps/place/Le+Moulin+d%27Hauterive/data=!4m10!3m9!1s0x47f2ebf91a69fe95:0x8041940a8c766a33!5m2!4m1!1i2!8m2!3d46.9565658!4d4.9936213!16s%2Fg%2F1tq8hx4x!19sChIJlf5pGvnr8kcRM2p2jAqUQYA?authuser=0&hl=fr&rclk=1
Thermes de Cambo-les-Bains,4.5,,Thermes de Cambo-les-Bains,,Bessines-sur-Gartempe+France,Centre thermal,https://www.google.com/maps/place/Thermes+de+Cambo-les-Bains/data=!4m7!3m6!1s0xd513a54ea1828dd:0xa3f3e8da5cddbf6!8m2!3d43.3546709!4d-1.3876673!16s%2Fg%2F1td1l9mm!19sChIJ3SgY6lQ6UQ0R9tvNpY0-Pwo?authuser=0&hl=fr&rclk=1
Cottage flottant insolite jacuzzi Saint Jean de Losne,4.9,,Cottage flottant insolite jacuzzi Saint Jean de Losne,,Esbarres+France,Hôtel avec spa,https://www.google.com/maps/place/Cottage+flottant+insolite+jacuzzi+Saint+Jean+de+Losne/data=!4m10!3m9!1s0x47f2bbe2c157f52b:0x7c098de7ffc960ca!5m2!4m1!1i2!8m2!3d47.1054577!4d5.2621604!16s%2Fg%2F11xnr93c7z!19sChIJK_VXweK78kcRymDJ_-eNCXw?authuser=0&hl=fr&rclk=1
Appart'City Classic Toulouse Colomiers - Appart Hôtel,3.9,,SponsoriséPar Booking.com,,Bessières+France,Hôtel avec spa,https://www.google.com/maps/place/Appart%27City+Classic+Toulouse+Colomiers+-+Appart+H%C3%B4tel/data=!4m10!3m9!1s0x12aeb1eb474703c5:0x6ee1410f804b1569!5m2!4m1!1i2!8m2!3d43.611766!4d1.304689!16s%2Fg%2F1tnfw0p3!19sChIJxQNHR-uxrhIRaRVLgA9B4W4?authuser=0&hl=fr&rclk=1
Spa Source La Roche-Posay,4.1,,Spa Source La Roche-Posay,,Bessines-sur-Gartempe+France,Centre thermal,https://www.google.com/maps/place/Spa+Source+La+Roche-Posay/data=!4m7!3m6!1s0x47fc583264c0a981:0x1393887b6cea07dd!8m2!3d46.7794349!4d0.8075132!16s%2Fg%2F1td6fvjg!19sChIJganAZDJY_EcR3QfqbHuIkxM?authuser=0&hl=fr&rclk=1
Le Castel d'Alti,4.3,,SponsoriséPar Booking.com,,Esbareich+France,Hôtel avec spa,https://www.google.com/maps/place/Le+Castel+d%27Alti/data=!4m10!3m9!1s0x12a861fa03bb8e93:0xea84ee40708132f4!5m2!4m1!1i2!8m2!3d42.78932!4d0.592397!16s%2Fg%2F11fmncxzxk!19sChIJk467A_phqBIR9DKBcEDuhOo?authuser=0&hl=fr&rclk=1
Cottage flottant insolite SPA jacuzzi privé,4.8,,Cottage flottant insolite SPA jacuzzi privé,,Esbarres+France,Hôtel avec spa,https://www.google.com/maps/place/Cottage+flottant+insolite+SPA+jacuzzi+priv%C3%A9/data=!4m10!3m9!1s0x47f2bb8ba46e7865:0x58c907c3329cba79!5m2!4m1!1i2!8m2!3d47.1098113!4d5.2513686!16s%2Fg%2F11j664991z!19sChIJZXhupIu78kcRebqcMsMHyVg?authuser=0&hl=fr&rclk=1
Hotel Mercure Toulouse Aéroport Golf de Seilh,4.3,,Sponsorisé,,Bessières+France,Hôtel avec spa,https://www.google.com/maps/place/Hotel+Mercure+Toulouse+A%C3%A9roport+Golf+de+Seilh/data=!4m10!3m9!1s0x12aeaf6647924fc1:0x9ce4f24dbf7d50e2!5m2!4m1!1i2!8m2!3d43.683961!4d1.35782!16s%2Fg%2F1jkvsff9b!19sChIJwU-SR2avrhIR4lB9v03y5Jw?authuser=0&hl=fr&rclk=1
Les Thermes de Rochefort,4.1,,Les Thermes de Rochefort,,Bessines-sur-Gartempe+France,Centre thermal,https://www.google.com/maps/place/Les+Thermes+de+Rochefort/data=!4m7!3m6!1s0x480140f14d54dd75:0xafa20d15b30ce36!8m2!3d45.9424288!4d-0.9616928!16s%2Fg%2F11cfv3nzs!19sChIJdd1UTfFAAUgRNs4wW9Eg-go?authuser=0&hl=fr&rclk=1
La Grange De Moisey Chambres d'hôtes Beaune,4.8,,La Grange De Moisey Chambres d'hôtes Beaune,,Esbarres+France,Hôtel avec spa,https://www.google.com/maps/place/La+Grange+De+Moisey+Chambres+d%27h%C3%B4tes+Beaune/data=!4m10!3m9!1s0x47f2ecea06306813:0xa5612e664df71adb!5m2!4m1!1i2!8m2!3d47.0089292!4d4.9726912!16s%2Fg%2F11b7gryksl!19sChIJE2gwBurs8kcR2xr3TWYuYaU?authuser=0&hl=fr&rclk=1
La Grande Oasis Spa et insolites,4.9,,La Grande Oasis Spa et insolites,,Bessières+France,Hôtel avec spa,https://www.google.com/maps/place/La+Grande+Oasis+Spa+et+insolites/data=!4m10!3m9!1s0x12ac2671f189d811:0x43e0bcbd6917b715!5m2!4m1!1i2!8m2!3d43.84955!4d1.653498!16s%2Fg%2F11xjgyv44!19sChIJEdiJ8XEmrBIRFbcXab284EM?authuser=0&hl=fr&rclk=1
Hôtel du Commerce Spa,4.0,,SponsoriséPar Hotels.com,,Esbareich+France,Hôtel avec spa,https://www.google.com/maps/place/H%C3%B4tel+du+Commerce+Spa/data=!4m10!3m9!1s0x12a8fc8dc328d567:0xc158594802ee4ce0!5m2!4m1!1i2!8m2!3d43.110069!4d0.723419!16s%2Fg%2F1td3nnc6!19sChIJZ9Uow438qBIR4EzuAkhZWME?authuser=0&hl=fr&rclk=1
Boisrouge,4.8,,Boisrouge,,Esbarres+France,Hôtel avec spa,https://www.google.com/maps/place/Boisrouge/data=!4m10!3m9!1s0x47f29061f5a3fc03:0x3a313ceeef808b06!5m2!4m1!1i2!8m2!3d47.1707191!4d4.980093!16s%2Fg%2F11g6rkn9kc!19sChIJA_yj9WGQ8kcRBouA7-48MTo?authuser=0&hl=fr&rclk=1
b’o resort thermal & spa,4.0,,b’o resort thermal & spa,,Bessines-sur-Gartempe+France,Centre thermal,https://www.google.com/maps/place/b%E2%80%99o+resort+thermal+%26+spa/data=!4m7!3m6!1s0x4809920fb7cde013:0xb9f68bb714bc27fa!8m2!3d48.5541499!4d-0.4163055!16s%2Fg%2F1223wsxy!19sChIJE-DNtw-SCUgR-ie8FLeL9rk?authuser=0&hl=fr&rclk=1
Château de la Busquette,5.0,,Château de la Busquette,,Bessières+France,Hôtel avec spa,https://www.google.com/maps/place/Ch%C3%A2teau+de+la+Busquette/data=!4m10!3m9!1s0x12ac2105fef89d2f:0x54076adc0f48b5f2!5m2!4m1!1i2!8m2!3d43.8196776!4d1.5314737!16s%2Fg%2F11kblcf_dz!19sChIJL534_gUhrBIR8rVID9xqB1Q?authuser=0&hl=fr&rclk=1
Le Petit Sondebois,5.0,,Le Petit Sondebois,,Esbarres+France,Hôtel avec spa,https://www.google.com/maps/place/Le+Petit+Sondebois/data=!4m10!3m9!1s0x47f2ede76be69147:0x7591e3e8a2ab19b8!5m2!4m1!1i2!8m2!3d46.9529673!4d4.9568746!16s%2Fg%2F11jg79vc0l!19sChIJR5Hma-ft8kcRuBmroujjkXU?authuser=0&hl=fr&rclk=1
Thermes de Bourbon-Lancy,4.5,,Thermes de Bourbon-Lancy,,Bessines-sur-Gartempe+France,Centre thermal,https://www.google.com/maps/place/Thermes+de+Bourbon-Lancy/data=!4m7!3m6!1s0x47f1703b54b3e551:0x11e87f69086ab4ba!8m2!3d46.6181161!4d3.7696314!16s%2Fg%2F1tfq_rvl!19sChIJUeWzVDtw8UcRurRqCGl_6BE?authuser=0&hl=fr&rclk=1
Hôtel Mercure Peyragudes Loudenvielle,4.8,,Hôtel Mercure Peyragudes Loudenvielle,,Esbareich+France,Hôtel avec spa,https://www.google.com/maps/place/H%C3%B4tel+Mercure+Peyragudes+Loudenvielle/data=!4m10!3m9!1s0x12a869b721c8f801:0xdebeb2891a38f6f1!5m2!4m1!1i2!8m2!3d42.7987899!4d0.4097442!16s%2Fg%2F11hp80mngs!19sChIJAfjIIbdpqBIR8fY4Gomyvt4?authuser=0&hl=fr&rclk=1
LE PRIEURÉ,4.9,,LE PRIEURÉ,,Bessières+France,Hôtel avec spa,https://www.google.com/maps/place/LE+PRIEUR%C3%89/data=!4m10!3m9!1s0x12ae9bd58c7e02f5:0x6128d85a7acbc08a!5m2!4m1!1i2!8m2!3d43.656873!4d1.6601149!16s%2Fg%2F11sghn12_v!19sChIJ9QJ-jNWbrhIRisDLelrYKGE?authuser=0&hl=fr&rclk=1
Hôtel Rive Gauche,4.0,,Hôtel Rive Gauche,,Bessines-sur-Gartempe+France,Centre thermal,https://www.google.com/maps/place/H%C3%B4tel+Rive+Gauche/data=!4m10!3m9!1s0x47f95125b8999bb1:0xc790c51bb0e01616!5m2!4m1!1i2!8m2!3d46.1137987!4d1.3749662!16s%2Fg%2F1tg4w5v1!19sChIJsZuZuCVR-UcRFhbgsBvFkMc?authuser=0&hl=fr&rclk=1
b’o resort thermal & spa,4.0,,b’o resort thermal & spa,,Saint-Germain-le-Guillaume+France,Centre thermal,https://www.google.com/maps/place/b%E2%80%99o+resort+thermal+%26+spa/data=!4m7!3m6!1s0x4809920fb7cde013:0xb9f68bb714bc27fa!8m2!3d48.5541499!4d-0.4163055!16s%2Fg%2F1223wsxy!19sChIJE-DNtw-SCUgR-ie8FLeL9rk?authuser=0&hl=fr&rclk=1
Le Castel d'Alti,4.3,,Le Castel d'Alti,,Esbareich+France,Hôtel avec spa,https://www.google.com/maps/place/Le+Castel+d%27Alti/data=!4m10!3m9!1s0x12a86154f07804ad:0xea84ee40708132f4!5m2!4m1!1i2!8m2!3d42.7893198!4d0.592397!16s%2Fg%2F11fmncxzxk!19sChIJrQR48FRhqBIR9DKBcEDuhOo?authuser=0&hl=fr&rclk=1
Les Fées des Chênes,5.0,,Les Fées des Chênes,,Bessières+France,Hôtel avec spa,https://www.google.com/maps/place/Les+F%C3%A9es+des+Ch%C3%AAnes/data=!4m10!3m9!1s0x12ac311b9d37bfbf:0x340d7d31ac44ea79!5m2!4m1!1i2!8m2!3d43.936168!4d1.6962472!16s%2Fg%2F11xth6yp6w!19sChIJv783nRsxrBIReepErDF9DTQ?authuser=0&hl=fr&rclk=1
Hôtel Manoir Henri IV,3.9,,Hôtel Manoir Henri IV,,Bessines-sur-Gartempe+France,Centre thermal,https://www.google.com/maps/place/H%C3%B4tel+Manoir+Henri+IV/data=!4m10!3m9!1s0x47f956d0509c71fb:0x2c3776d109c0da40!5m2!4m1!1i2!8m2!3d46.1310298!4d1.3727039!16s%2Fg%2F1tjcnt7y!19sChIJ-3GcUNBW-UcRQNrACdF2Nyw?authuser=0&hl=fr&rclk=1
Chateau de la Sicorie,4.9,,Chateau de la Sicorie,,Saint-Germain-le-Guillaume+France,Centre thermal,https://www.google.com/maps/place/Chateau+de+la+Sicorie/data=!4m7!3m6!1s0x48090537daa27091:0xe09c1f0e43b27217!8m2!3d48.2158824!4d-0.8342554!16s%2Fg%2F11v3gdb4gz!19sChIJkXCi2jcFCUgRF3KyQw4fnOA?authuser=0&hl=fr&rclk=1
Hôtel Spa Gasquet,4.2,,Hôtel Spa Gasquet,,Esbareich+France,Hôtel avec spa,https://www.google.com/maps/place/H%C3%B4tel+Spa+Gasquet/data=!4m10!3m9!1s0x12a8613ff53e6eb1:0x809c03b95656b58b!5m2!4m1!1i2!8m2!3d42.7901876!4d0.5918415!16s%2Fg%2F11t46q987x!19sChIJsW4-9T9hqBIRi7VWVrkDnIA?authuser=0&hl=fr&rclk=1
L' INATTENDU - Restaurant / Bar à cocktails / Chambre d'hôtes,4.5,,L' INATTENDU - Restaurant / Bar à cocktails / Chambre d'hôtes,,Bessières+France,Hôtel avec spa,https://www.google.com/maps/place/L%27+INATTENDU+-+Restaurant+%2F+Bar+%C3%A0+cocktails+%2F+Chambre+d%27h%C3%B4tes/data=!4m10!3m9!1s0x12ae8730b3facaf5:0xfda408dba0498d79!5m2!4m1!1i2!8m2!3d43.6981618!4d1.8157601!16s%2Fg%2F11hzpmjzrd!19sChIJ9cr6szCHrhIReY1JoNsIpP0?authuser=0&hl=fr&rclk=1
Thermes Saint-Roch,4.2,,Thermes Saint-Roch,,Bessines-sur-Gartempe+France,Centre thermal,https://www.google.com/maps/place/Thermes+Saint-Roch/data=!4m7!3m6!1s0x47fc59d2947eae5d:0x87d66c480409e466!8m2!3d46.7868116!4d0.8129759!16s%2Fg%2F1vknnr8j!19sChIJXa5-lNJZ_EcRZuQJBEhs1oc?authuser=0&hl=fr&rclk=1
"URÊKA, le Musée Interactif de la Mine",4.5,,"URÊKA, le Musée Interactif de la Mine",,Bessines-sur-Gartempe+France,Centre thermal,"https://www.google.com/maps/place/UR%C3%8AKA,+le+Mus%C3%A9e+Interactif+de+la+Mine/data=!4m7!3m6!1s0x47f9512d38cc6179:0x34e207b332ae6bb9!8m2!3d46.1233166!4d1.3720551!16s%2Fg%2F1yg4ly12d!19sChIJeWHMOC1R-UcRuWuuMrMH4jQ?authuser=0&hl=fr&rclk=1"
"Radisson Blu Hotel, Toulouse Airport",4.3,,"Radisson Blu Hotel, Toulouse Airport",,Bessières+France,Hôtel avec spa,"https://www.google.com/maps/place/Radisson+Blu+Hotel,+Toulouse+Airport/data=!4m10!3m9!1s0x12aea54ca1f7d3d9:0x558fe0397bf314ab!5m2!4m1!1i2!8m2!3d43.6306079!4d1.3805725!16s%2Fg%2F1tfn_n13!19sChIJ2dP3oUylrhIRqxTzezngj1U?authuser=0&hl=fr&rclk=1"
Du Coté de Lacoume,4.8,,Du Coté de Lacoume,,Esbareich+France,Hôtel avec spa,https://www.google.com/maps/place/Du+Cot%C3%A9+de+Lacoume/data=!4m10!3m9!1s0x12a8583e65d36657:0x97a6724f9662f8a0!5m2!4m1!1i2!8m2!3d43.0039331!4d0.5811439!16s%2Fg%2F11c5bt809c!19sChIJV2bTZT5YqBIRoPhilk9yppc?authuser=0&hl=fr&rclk=1
AKA LoveRoom TOULOUSE / ALBI,4.7,,AKA LoveRoom TOULOUSE / ALBI,,Bessières+France,Hôtel avec spa,https://www.google.com/maps/place/AKA+LoveRoom+TOULOUSE+%2F+ALBI/data=!4m10!3m9!1s0x12ae8795afd099ff:0x32fd6e40c9974066!5m2!4m1!1i2!8m2!3d43.6915583!4d1.8215939!16s%2Fg%2F11y5_rrfyc!19sChIJ_5nQr5WHrhIRZkCXyUBu_TI?authuser=0&hl=fr&rclk=1
Les Bastides de Roquemaure,4.8,,Les Bastides de Roquemaure,,Bessières+France,Hôtel avec spa,https://www.google.com/maps/place/Les+Bastides+de+Roquemaure/data=!4m10!3m9!1s0x12ac27c1c5874cd3:0x54e60f5dafa6ea67!5m2!4m1!1i2!8m2!3d43.81283!4d1.624887!16s%2Fg%2F11v11kbhws!19sChIJ00yHxcEnrBIRZ-qmr10P5lQ?authuser=0&hl=fr&rclk=1
Les Océades Niort - Bessines,4.3,,Les Océades Niort - Bessines,,Bessines+France,Centre thermal,https://www.google.com/maps/place/Les+Oc%C3%A9ades+Niort+-+Bessines/data=!4m7!3m6!1s0x48072e6bfe8ff245:0x7e5f3a054bcbaae!8m2!3d46.2993526!4d-0.4952256!16s%2Fg%2F1hhx9hgdq!19sChIJRfKP_msuB0gRrrq8VKDz5Qc?authuser=0&hl=fr&rclk=1
SPA PRIVATIF ECLIPSEA,5.0,,SPA PRIVATIF ECLIPSEA,,Bessines+France,Centre thermal,https://www.google.com/maps/place/SPA+PRIVATIF+ECLIPSEA/data=!4m7!3m6!1s0x48072f84b6c3f4b3:0x9b0461f48f86f3df!8m2!3d46.302194!4d-0.4950554!16s%2Fg%2F11ykkh2gl6!19sChIJs_TDtoQvB0gR3_OGj_RhBJs?authuser=0&hl=fr&rclk=1
L'Institut Niort,4.8,,L'Institut Niort,,Bessines+France,Centre thermal,https://www.google.com/maps/place/L%27Institut+Niort/data=!4m7!3m6!1s0x48072e3d2b399e25:0x76e8c69fc75d85b1!8m2!3d46.30407!4d-0.4884718!16s%2Fg%2F1thvxnf4!19sChIJJZ45Kz0uB0gRsYVdx5_G6HY?authuser=0&hl=fr&rclk=1
Logis Hôtel la Vieille Ferme,3.5,,SponsoriséPar Booking.com,,Mers-les-Bains+France,Hôtel avec spa,https://www.google.com/maps/place/Logis+H%C3%B4tel+la+Vieille+Ferme/data=!4m10!3m9!1s0x47de0237f0a1a57f:0xbd580678ac6f210f!5m2!4m1!1i2!8m2!3d50.04233!4d1.333152!16s%2Fg%2F1tmy4b6_!19sChIJf6Wh8DcC3kcRDyFvrHgGWL0?authuser=0&hl=fr&rclk=1
Le Dôme et son jacuzzi,5.0,,Le Dôme et son jacuzzi,,Bessières+France,Hôtel avec spa,https://www.google.com/maps/place/Le+D%C3%B4me+et+son+jacuzzi/data=!4m10!3m9!1s0x12ac267397a50209:0x6d304805b77eb92e!5m2!4m1!1i2!8m2!3d43.84955!4d1.653498!16s%2Fg%2F11rwr4lw4j!19sChIJCQKll3MmrBIRLrl-twVIMG0?authuser=0&hl=fr&rclk=1
Espace bien-être Asia spa,4.5,,Espace bien-être Asia spa,,Esbly+France,Centre thermal,https://www.google.com/maps/place/Espace+bien-%C3%AAtre+Asia+spa/data=!4m7!3m6!1s0x47e61d902552a1d1:0x84aa3904be9a8425!8m2!3d48.8978188!4d2.8110691!16s%2Fg%2F11c58b8vnq!19sChIJ0aFSJZAd5kcRJYSavgQ5qoQ?authuser=0&hl=fr&rclk=1
Thermes de Cambo-les-Bains,4.5,,Thermes de Cambo-les-Bains,,Bessines+France,Centre thermal,https://www.google.com/maps/place/Thermes+de+Cambo-les-Bains/data=!4m7!3m6!1s0xd513a54ea1828dd:0xa3f3e8da5cddbf6!8m2!3d43.3546709!4d-1.3876673!16s%2Fg%2F1td1l9mm!19sChIJ3SgY6lQ6UQ0R9tvNpY0-Pwo?authuser=0&hl=fr&rclk=1
Domaine d'En Rigou,4.6,,Domaine d'En Rigou,,Bessières+France,Hôtel avec spa,https://www.google.com/maps/place/Domaine+d%27En+Rigou/data=!4m10!3m9!1s0x12ae8190db6083cb:0xdfe91638ea78d237!5m2!4m1!1i2!8m2!3d43.7500592!4d1.7681435!16s%2Fg%2F1td0q1cc!19sChIJy4Ng25CBrhIRN9J46jgW6d8?authuser=0&hl=fr&rclk=1
"The Originals Le Cise, hôtel Ault - Hotel Baie de Somme",3.8,,SponsoriséPar Booking.com,,Mers-les-Bains+France,Hôtel avec spa,"https://www.google.com/maps/place/The+Originals+Le+Cise,+h%C3%B4tel+Ault+-+Hotel+Baie+de+Somme/data=!4m10!3m9!1s0x47de00cbaeece2ed:0x279e0ace5307dc22!5m2!4m1!1i2!8m2!3d50.089252!4d1.423185!16s%2Fg%2F1tx8sh5j!19sChIJ7eLsrssA3kcRItwHU84Knic?authuser=0&hl=fr&rclk=1"
Les Cabanes de Pyrène,4.9,,Les Cabanes de Pyrène,,Esbareich+France,Hôtel avec spa,https://www.google.com/maps/place/Les+Cabanes+de+Pyr%C3%A8ne/data=!4m10!3m9!1s0x12a858b8c0b2a511:0x5831737eb31b2b19!5m2!4m1!1i2!8m2!3d42.9533931!4d0.5839872!16s%2Fg%2F12hsrw88f!19sChIJEaWywLhYqBIRGSsbs35zMVg?authuser=0&hl=fr&rclk=1
Spa privatif du val d'Europe,5.0,,Spa privatif du val d'Europe,,Esbly+France,Centre thermal,https://www.google.com/maps/place/Spa+privatif+du+val+d%27Europe/data=!4m7!3m6!1s0x47e61df780046dcf:0xf7722904f1f05dc0!8m2!3d48.895778!4d2.8169431!16s%2Fg%2F11kj4shtnv!19sChIJz20EgPcd5kcRwF3w8QQpcvc?authuser=0&hl=fr&rclk=1
"Le Clos de la Ronzière - chambres d'hôtes et gîte, spas Cantal",5.0,,"Le Clos de la Ronzière - chambres d'hôtes et gîte, spas Cantal",,La Besseyre-Saint-Mary+France,Hôtel avec spa,"https://www.google.com/maps/place/Le+Clos+de+la+Ronzi%C3%A8re+-+chambres+d%27h%C3%B4tes+et+g%C3%AEte,+spas+Cantal/data=!4m10!3m9!1s0x47f62fc8f1cb3421:0x2ed667d9e8320753!5m2!4m1!1i2!8m2!3d45.095353!4d3.2446722!16s%2Fg%2F11yrtxt1kj!19sChIJITTL8cgv9kcRUwcy6Nln1i4?authuser=0&hl=fr&rclk=1"
Thermes de Bourbon-Lancy,4.5,,Thermes de Bourbon-Lancy,,Bessines+France,Centre thermal,https://www.google.com/maps/place/Thermes+de+Bourbon-Lancy/data=!4m7!3m6!1s0x47f1703b54b3e551:0x11e87f69086ab4ba!8m2!3d46.6181161!4d3.7696314!16s%2Fg%2F1tfq_rvl!19sChIJUeWzVDtw8UcRurRqCGl_6BE?authuser=0&hl=fr&rclk=1
Ô gré des sens,5.0,,Ô gré des sens,,Bessières+France,Hôtel avec spa,https://www.google.com/maps/place/%C3%94+gr%C3%A9+des+sens/data=!4m10!3m9!1s0x12ac299bf74d76fd:0xe092b31328582b6b!5m2!4m1!1i2!8m2!3d43.8107659!4d1.7398303!16s%2Fg%2F11jk1gzvgc!19sChIJ_XZN95sprBIRaytYKBOzkuA?authuser=0&hl=fr&rclk=1
Chalet de Barraou,4.9,,Chalet de Barraou,,Esbareich+France,Hôtel avec spa,https://www.google.com/maps/place/Chalet+de+Barraou/data=!4m10!3m9!1s0x12a8f5760713a665:0x2796144407908c64!5m2!4m1!1i2!8m2!3d42.900701!4d0.6155991!16s%2Fg%2F11c5c51j_w!19sChIJZaYTB3b1qBIRZIyQB0QUlic?authuser=0&hl=fr&rclk=1
Domaine de Joinville,4.2,,Domaine de Joinville,,Mers-les-Bains+France,Hôtel avec spa,https://www.google.com/maps/place/Domaine+de+Joinville/data=!4m10!3m9!1s0x47de0055078ed319:0xadc6afc12c40284f!5m2!4m1!1i2!8m2!3d50.0480427!4d1.3991596!16s%2Fg%2F1pp2vcz0j!19sChIJGdOOB1UA3kcRTyhALMGvxq0?authuser=0&hl=fr&rclk=1
Spa Equilibre,4.6,,Spa Equilibre,,Esbly+France,Centre thermal,https://www.google.com/maps/place/Spa+Equilibre/data=!4m7!3m6!1s0x47e61d927bc320bb:0x3c46f3e16f482352!8m2!3d48.9032589!4d2.8119956!16s%2Fg%2F1yg4fj0t3!19sChIJuyDDe5Id5kcRUiNIb-HzRjw?authuser=0&hl=fr&rclk=1
Le BH,4.7,,Le BH,,La Besseyre-Saint-Mary+France,Hôtel avec spa,https://www.google.com/maps/place/Le+BH/data=!4m10!3m9!1s0x47f6175cbf10b403:0xcc06ff0202fcbaf9!5m2!4m1!1i2!8m2!3d45.0986698!4d3.4949131!16s%2Fg%2F11r9cz69fr!19sChIJA7QQv1wX9kcR-br8AgL_Bsw?authuser=0&hl=fr&rclk=1
Thermes de Préchacq-les-bains,4.6,,Thermes de Préchacq-les-bains,,Bessines+France,Centre thermal,https://www.google.com/maps/place/Thermes+de+Pr%C3%A9chacq-les-bains/data=!4m7!3m6!1s0xd56a042e7d8c9db:0xa9c4350babba657!8m2!3d43.765507!4d-0.9331299!16s%2Fg%2F1q4kn7dy8!19sChIJ28nY50KgVg0RV6a7ulBDnAo?authuser=0&hl=fr&rclk=1
Croix de Pastel,4.8,,Croix de Pastel,,Bessières+France,Hôtel avec spa,https://www.google.com/maps/place/Croix+de+Pastel/data=!4m10!3m9!1s0x12ae874cf6a42f1b:0x8fa4a92fff29c284!5m2!4m1!1i2!8m2!3d43.6979161!4d1.8188237!16s%2Fg%2F11g6p2tmn4!19sChIJGy-k9kyHrhIRhMIp_y-ppI8?authuser=0&hl=fr&rclk=1
Château Bagen,5.0,,Château Bagen,,Esbareich+France,Hôtel avec spa,https://www.google.com/maps/place/Ch%C3%A2teau+Bagen/data=!4m10!3m9!1s0x12a8fb0b8fe7c89f:0xb225b4b6ab6a4386!5m2!4m1!1i2!8m2!3d43.031056!4d0.679663!16s%2Fg%2F11y4q7l47z!19sChIJn8jnjwv7qBIRhkNqq7a0JbI?authuser=0&hl=fr&rclk=1
Lov’infini,4.8,,Lov’infini,,Mers-les-Bains+France,Hôtel avec spa,https://www.google.com/maps/place/Lov%E2%80%99infini/data=!4m10!3m9!1s0x47de016e6ce8ac85:0xab820c5be526f84b!5m2!4m1!1i2!8m2!3d50.062951!4d1.389287!16s%2Fg%2F11vz0tb1t6!19sChIJhazobG4B3kcRS_gm5VsMgqs?authuser=0&hl=fr&rclk=1
Moulin de Joumard - Gîte et chambres d'hôtes,5.0,,Moulin de Joumard - Gîte et chambres d'hôtes,,La Besseyre-Saint-Mary+France,Hôtel avec spa,https://www.google.com/maps/place/Moulin+de+Joumard+-+G%C3%AEte+et+chambres+d%27h%C3%B4tes/data=!4m10!3m9!1s0x47f61774a6fac571:0xeebee6f2eb23091c!5m2!4m1!1i2!8m2!3d45.1372141!4d3.4647269!16s%2Fg%2F11txf2qrsj!19sChIJccX6pnQX9kcRHAkj6_Lmvu4?authuser=0&hl=fr&rclk=1
Les Thermes de Saint-Gervais Mont Blanc,3.9,,Les Thermes de Saint-Gervais Mont Blanc,,Bessines+France,Centre thermal,https://www.google.com/maps/place/Les+Thermes+de+Saint-Gervais+Mont+Blanc/data=!4m7!3m6!1s0x478957023f819169:0xfe034006c766f1fe!8m2!3d45.896595!4d6.7063356!16s%2Fg%2F11fjsbvs86!19sChIJaZGBPwJXiUcR_vFmxwZAA_4?authuser=0&hl=fr&rclk=1
Les chambres de Poudis,5.0,,Les chambres de Poudis,,Bessières+France,Hôtel avec spa,https://www.google.com/maps/place/Les+chambres+de+Poudis/data=!4m10!3m9!1s0x12ae87ef60356e99:0x26e513759e967ed5!5m2!4m1!1i2!8m2!3d43.694!4d1.7960769!16s%2Fg%2F11t54zmq32!19sChIJmW41YO-HrhIR1X6WnnUT5SY?authuser=0&hl=fr&rclk=1
Logis Hôtel la Vieille Ferme,3.5,,Logis Hôtel la Vieille Ferme,,Mers-les-Bains+France,Hôtel avec spa,https://www.google.com/maps/place/Logis+H%C3%B4tel+la+Vieille+Ferme/data=!4m10!3m9!1s0x47de02481d1a6079:0xbd580678ac6f210f!5m2!4m1!1i2!8m2!3d50.0423304!4d1.333152!16s%2Fg%2F1tmy4b6_!19sChIJeWAaHUgC3kcRDyFvrHgGWL0?authuser=0&hl=fr&rclk=1
La Maison de Seignou,4.7,,La Maison de Seignou,,Esbareich+France,Hôtel avec spa,https://www.google.com/maps/place/La+Maison+de+Seignou/data=!4m10!3m9!1s0x12a86bb924cf476f:0xb4e80f03fc54e95f!5m2!4m1!1i2!8m2!3d42.8104519!4d0.353405!16s%2Fg%2F11c1qbsv_1!19sChIJb0fPJLlrqBIRX-lU_AMP6LQ?authuser=0&hl=fr&rclk=1
Parc aquatique Aqua Mundo - Center Parcs Domaine Les Bois-Francs,4.0,,Parc aquatique Aqua Mundo - Center Parcs Domaine Les Bois-Francs,,Saint-Germain-le-Vieux+France,Parc aquatique,https://www.google.com/maps/place/Parc+aquatique+Aqua+Mundo+-+Center+Parcs+Domaine+Les+Bois-Francs/data=!4m7!3m6!1s0x47e17d43a8ed690d:0xf300cd76ca0653ec!8m2!3d48.728902!4d0.840066!16s%2Fg%2F11cnmwmkff!19sChIJDWntqEN94UcR7FMGynbNAPM?authuser=0&hl=fr&rclk=1
Thermes de Luchon,3.7,,Thermes de Luchon,,Bessines+France,Centre thermal,https://www.google.com/maps/place/Thermes+de+Luchon/data=!4m7!3m6!1s0x12a861f8885d651d:0x4d4d7f5209c82c03!8m2!3d42.7849172!4d0.5939473!16s%2Fg%2F11b6t28t7g!19sChIJHWVdiPhhqBIRAyzICVJ_TU0?authuser=0&hl=fr&rclk=1
L'arche de Lanoë,5.0,,L'arche de Lanoë,,Bessières+France,Hôtel avec spa,https://www.google.com/maps/place/L%27arche+de+Lano%C3%AB/data=!4m10!3m9!1s0x12ac0f7ee4d9d023:0x31c65e3d2067c747!5m2!4m1!1i2!8m2!3d43.9375779!4d1.3526689!16s%2Fg%2F11hfyqc1bh!19sChIJI9DZ5H4PrBIRR8dnID1exjE?authuser=0&hl=fr&rclk=1
Complexe aquatique et sportif Cap'Orne,3.8,,Complexe aquatique et sportif Cap'Orne,,Saint-Germain-le-Vieux+France,Parc aquatique,https://www.google.com/maps/place/Complexe+aquatique+et+sportif+Cap%27Orne/data=!4m7!3m6!1s0x47e181189b4a0f59:0xe1adc7d8357765ab!8m2!3d48.764117!4d0.6207293!16s%2Fg%2F1tkf07mx!19sChIJWQ9KmxiB4UcRq2V3NdjHreE?authuser=0&hl=fr&rclk=1
Les fines bulles & spa,4.7,,Les fines bulles & spa,,Mers-les-Bains+France,Hôtel avec spa,https://www.google.com/maps/place/Les+fines+bulles+%26+spa/data=!4m10!3m9!1s0x47ddfdc995800427:0xa3fba8a4293a1efc!5m2!4m1!1i2!8m2!3d50.1010584!4d1.5183666!16s%2Fg%2F11ghsgssm8!19sChIJJwSAlcn93UcR_B46KaSo-6M?authuser=0&hl=fr&rclk=1
Alaia Cristal Bien-être,,,Alaia Cristal Bien-être,,Bessines+France,Centre thermal,https://www.google.com/maps/place/Alaia+Cristal+Bien-%C3%AAtre/data=!4m7!3m6!1s0x48072ffd00dba01d:0x861e64ed0ae2c183!8m2!3d46.302194!4d-0.4950554!16s%2Fg%2F11n44ygss3!19sChIJHaDbAP0vB0gRg8HiCu1kHoY?authuser=0&hl=fr&rclk=1
Chalet Casteret - Chalet de prestige Pyrénées,5.0,,Chalet Casteret - Chalet de prestige Pyrénées,,Esbareich+France,Hôtel avec spa,https://www.google.com/maps/place/Chalet+Casteret+-+Chalet+de+prestige+Pyr%C3%A9n%C3%A9es/data=!4m10!3m9!1s0x12a86ba46b235653:0x91c18877ad0de3fb!5m2!4m1!1i2!8m2!3d42.8490981!4d0.3485359!16s%2Fg%2F11w2d3y799!19sChIJU1Yja6RrqBIR--MNrXeIwZE?authuser=0&hl=fr&rclk=1
Parc aquatique du Perche,4.1,,Parc aquatique du Perche,,Saint-Germain-le-Vieux+France,Parc aquatique,https://www.google.com/maps/place/Parc+aquatique+du+Perche/data=!4m7!3m6!1s0x47e3c27e95a0d4e5:0xef2895d8afed7b11!8m2!3d48.5126247!4d1.0193802!16s%2Fg%2F1tf6fy9q!19sChIJ5dSglX7C40cREXvtr9iVKO8?authuser=0&hl=fr&rclk=1
Au Clos Carnot,5.0,,Au Clos Carnot,,Mers-les-Bains+France,Hôtel avec spa,https://www.google.com/maps/place/Au+Clos+Carnot/data=!4m10!3m9!1s0x47de0172e6b3ddaf:0x575e39ae257b4541!5m2!4m1!1i2!8m2!3d50.0597402!4d1.3773805!16s%2Fg%2F11fzffwlr6!19sChIJr92z5nIB3kcRQUV7Ja45Xlc?authuser=0&hl=fr&rclk=1
Gîte Aquacagire - Pyrénées,5.0,,Gîte Aquacagire - Pyrénées,,Esbareich+France,Hôtel avec spa,https://www.google.com/maps/place/G%C3%AEte+Aquacagire+-+Pyr%C3%A9n%C3%A9es/data=!4m10!3m9!1s0x12a8efd29cda776b:0x3ca40d39fb3b0c3c!5m2!4m1!1i2!8m2!3d42.9787119!4d0.7621597!16s%2Fg%2F11g0gbw1yr!19sChIJa3fanNLvqBIRPAw7-zkNpDw?authuser=0&hl=fr&rclk=1
Le Chalet ESCOUARAOU,5.0,,Le Chalet ESCOUARAOU,,Esbareich+France,Hôtel avec spa,https://www.google.com/maps/place/Le+Chalet+ESCOUARAOU/data=!4m10!3m9!1s0x12a8ed4352fbf29b:0x9a481b167858fcc7!5m2!4m1!1i2!8m2!3d42.8720339!4d0.7759797!16s%2Fg%2F11n60qybbv!19sChIJm_L7UkPtqBIRx_xYeBYbSJo?authuser=0&hl=fr&rclk=1
Nuit Blanche,5.0,,Nuit Blanche,,Mers-les-Bains+France,Hôtel avec spa,https://www.google.com/maps/place/Nuit+Blanche/data=!4m10!3m9!1s0x47de010f67b583bb:0xdb4d3dfc2379c20d!5m2!4m1!1i2!8m2!3d50.0469216!4d1.417691!16s%2Fg%2F11y3zk_f1q!19sChIJu4O1Zw8B3kcRDcJ5I_w9Tds?authuser=0&hl=fr&rclk=1
ARBIVIEW Chalet de Luxe vallée de Saint Lary Soulan,5.0,,ARBIVIEW Chalet de Luxe vallée de Saint Lary Soulan,,Esbareich+France,Hôtel avec spa,https://www.google.com/maps/place/ARBIVIEW+Chalet+de+Luxe+vall%C3%A9e+de+Saint+Lary+Soulan/data=!4m10!3m9!1s0x12a84137f107ca7d:0x29694c0b117844e3!5m2!4m1!1i2!8m2!3d42.8698798!4d0.352883!16s%2Fg%2F11t6lm8zjt!19sChIJfcoH8TdBqBIR40R4EQtMaSk?authuser=0&hl=fr&rclk=1
"Carpédiem, escapade romantique",4.5,,"Carpédiem, escapade romantique",,Mers-les-Bains+France,Hôtel avec spa,"https://www.google.com/maps/place/Carp%C3%A9diem,+escapade+romantique/data=!4m10!3m9!1s0x47de017150e1e49b:0x813c44f02b9fa199!5m2!4m1!1i2!8m2!3d50.059606!4d1.3773828!16s%2Fg%2F11ghppbkz2!19sChIJm-ThUHEB3kcRmaGfK_BEPIE?authuser=0&hl=fr&rclk=1"
Center Parcs Les Bois-Francs,3.5,,Center Parcs Les Bois-Francs,,Saint-Germain-le-Vieux+France,Parc aquatique,https://www.google.com/maps/place/Center+Parcs+Les+Bois-Francs/data=!4m10!3m9!1s0x47e17d76a225418f:0x5f085864083140b2!5m2!4m1!1i2!8m2!3d48.7240023!4d0.8339364!16s%2Fg%2F1hc1ht8r6!19sChIJj0ElonZ94UcRskAxCGRYCF8?authuser=0&hl=fr&rclk=1
La Grande Ourse chambre et table d'hôtes,5.0,,La Grande Ourse chambre et table d'hôtes,,Esbareich+France,Hôtel avec spa,https://www.google.com/maps/place/La+Grande+Ourse+chambre+et+table+d%27h%C3%B4tes/data=!4m10!3m9!1s0x12a8f9f23c5a78c7:0xbed41d42042a99cf!5m2!4m1!1i2!8m2!3d43.03285!4d0.6691475!16s%2Fg%2F11spxcn1tr!19sChIJx3haPPL5qBIRz5kqBEId1L4?authuser=0&hl=fr&rclk=1
Ange Michel - Parc d'attractions,4.2,,Ange Michel - Parc d'attractions,,Saint-Germain-le-Vieux+France,Parc aquatique,https://www.google.com/maps/place/Ange+Michel+-+Parc+d%27attractions/data=!4m7!3m6!1s0x4809500a49ec21e5:0x6d23af0aac5db2cc!8m2!3d48.5689665!4d-1.2027811!16s%2Fg%2F1tdclbmj!19sChIJ5SHsSQpQCUgRzLJdrAqvI20?authuser=0&hl=fr&rclk=1
Gîtes Le Tucaou,4.8,,Gîtes Le Tucaou,,Esbareich+France,Hôtel avec spa,https://www.google.com/maps/place/G%C3%AEtes+Le+Tucaou/data=!4m10!3m9!1s0x12a845c9903b7e55:0x99c32d007ae3f9ab!5m2!4m1!1i2!8m2!3d42.94106!4d0.3726419!16s%2Fg%2F11gxmv0ztv!19sChIJVX47kMlFqBIRq_njegAtw5k?authuser=0&hl=fr&rclk=1
Le Dôme,4.3,,Le Dôme,,Saint-Germain-le-Vieux+France,Parc aquatique,https://www.google.com/maps/place/Le+D%C3%B4me/data=!4m7!3m6!1s0x47e17d69db837cbb:0x3f355f2ea5f3736c!8m2!3d48.7284774!4d0.8399143!16s%2Fg%2F11g8dk9ss1!19sChIJu3yD22l94UcRbHPzpS5fNT8?authuser=0&hl=fr&rclk=1
La Villa Bleue,5.0,,La Villa Bleue,,Esbareich+France,Hôtel avec spa,https://www.google.com/maps/place/La+Villa+Bleue/data=!4m10!3m9!1s0x12a841505cc7ddb3:0x885cc9dbbc5ee064!5m2!4m1!1i2!8m2!3d42.8841197!4d0.3485881!16s%2Fg%2F11ldxblp50!19sChIJs93HXFBBqBIRZOBevNvJXIg?authuser=0&hl=fr&rclk=1
Aquaparc La Ferté Macé,3.8,,Aquaparc La Ferté Macé,,Saint-Germain-le-Vieux+France,Parc aquatique,https://www.google.com/maps/place/Aquaparc+La+Fert%C3%A9+Mac%C3%A9/data=!4m7!3m6!1s0x48098d6720004e87:0xe39b89f4e6a4354f!8m2!3d48.5914681!4d-0.3701921!16s%2Fg%2F11sty88h1b!19sChIJh04AIGeNCUgRTzWk5vSJm-M?authuser=0&hl=fr&rclk=1
Gite - La Retraite Pyrénéenne - Au Pas de la Bacquère,5.0,,Gite - La Retraite Pyrénéenne - Au Pas de la Bacquère,,Esbareich+France,Hôtel avec spa,https://www.google.com/maps/place/Gite+-+La+Retraite+Pyr%C3%A9n%C3%A9enne+-+Au+Pas+de+la+Bacqu%C3%A8re/data=!4m10!3m9!1s0x12a852204ab68d4b:0x665f7b308b31b2ff!5m2!4m1!1i2!8m2!3d43.0956933!4d0.4669466!16s%2Fg%2F12hnyv7b4!19sChIJS422SiBSqBIR_7IxizB7X2Y?authuser=0&hl=fr&rclk=1
Espace Aquatique Condé,4.1,,Espace Aquatique Condé,,Saint-Germain-le-Vieux+France,Parc aquatique,https://www.google.com/maps/place/Espace+Aquatique+Cond%C3%A9/data=!4m7!3m6!1s0x480a2fb214be3963:0xadc8efe389a339c9!8m2!3d48.8507374!4d-0.5576866!16s%2Fg%2F1vzn4ytw!19sChIJYzm-FLIvCkgRyTmjiePvyK0?authuser=0&hl=fr&rclk=1
EOLE Aventure,4.4,,EOLE Aventure,,Saint-Germain-le-Vieux+France,Parc aquatique,https://www.google.com/maps/place/EOLE+Aventure/data=!4m7!3m6!1s0x480a6589a5f9f74d:0x73534d443e65a716!8m2!3d49.205516!4d-0.2256631!16s%2Fg%2F11b6dm_nqm!19sChIJTff5pYllCkgRFqdlPkRNU3M?authuser=0&hl=fr&rclk=1
Aqua Mundo -Villages Nature,4.2,,Aqua Mundo -Villages Nature,,Saint-Germain-le-Vieux+France,Parc aquatique,https://www.google.com/maps/place/Aqua+Mundo+-Villages+Nature/data=!4m7!3m6!1s0x47e8a8b117e14b23:0x5a0e6789e8354b1e!8m2!3d48.82876!4d2.817801!16s%2Fg%2F11ddx46b47!19sChIJI0vhF7Go6EcRHks16IlnDlo?authuser=0&hl=fr&rclk=1
aquajump27,4.3,,aquajump27,,Saint-Germain-le-Vieux+France,Parc aquatique,https://www.google.com/maps/place/aquajump27/data=!4m7!3m6!1s0x47e1277fb4efb353:0xa9de3b3f2137dc1e!8m2!3d49.3017272!4d1.2148916!16s%2Fg%2F11np3mrkks!19sChIJU7PvtH8n4UcRHtw3IT873qk?authuser=0&hl=fr&rclk=1
Ludolac,3.8,,Ludolac,,Esboz-Brest+France,Parc aquatique,https://www.google.com/maps/place/Ludolac/data=!4m7!3m6!1s0x4792ed64c5a9c3ef:0x1231fad180e76307!8m2!3d47.629659!4d6.1246246!16s%2Fg%2F1wzt199_!19sChIJ78OpxWTtkkcRB2PngNH6MRI?authuser=0&hl=fr&rclk=1
Aquafly,4.4,,Aquafly,,Esboz-Brest+France,Parc aquatique,https://www.google.com/maps/place/Aquafly/data=!4m7!3m6!1s0x4793b592c462ee4b:0x1ef97aea022754de!8m2!3d47.9514789!4d6.7536738!16s%2Fg%2F11fhng54g4!19sChIJS-5ixJK1k0cR3lQnAup6-R4?authuser=0&hl=fr&rclk=1
Aquaparc Isis,3.7,,Aquaparc Isis,,Esboz-Brest+France,Parc aquatique,https://www.google.com/maps/place/Aquaparc+Isis/data=!4m7!3m6!1s0x478d4b42216b628b:0x763b50c273681fc1!8m2!3d47.072283!4d5.4863406!16s%2Fg%2F1tp1xqjy!19sChIJi2JrIUJLjUcRwR9oc8JQO3Y?authuser=0&hl=fr&rclk=1
Jura Splash,4.3,,Jura Splash,,Esboz-Brest+France,Parc aquatique,https://www.google.com/maps/place/Jura+Splash/data=!4m7!3m6!1s0x478d2b6d7d2e340f:0x120b971e9afe07fe!8m2!3d46.7603406!4d5.4821891!16s%2Fg%2F11g2w4b0z7!19sChIJDzQufW0rjUcR_gf-mh6XCxI?authuser=0&hl=fr&rclk=1
Parc aquatique Aqua Mundo Center Parcs Les Trois Forêts,4.2,,Parc aquatique Aqua Mundo Center Parcs Les Trois Forêts,,Esboz-Brest+France,Parc aquatique,https://www.google.com/maps/place/Parc+aquatique+Aqua+Mundo+Center+Parcs+Les+Trois+For%C3%AAts/data=!4m7!3m6!1s0x47940cf9c809f3d7:0xa06e64f07391c86b!8m2!3d48.6213789!4d6.9838248!16s%2Fg%2F11cm057dqd!19sChIJ1_MJyPkMlEcRa8iRc_BkbqA?authuser=0&hl=fr&rclk=1
Aquaparc BE FUN Mâcon/Cormoranche,4.9,,Aquaparc BE FUN Mâcon/Cormoranche,,Esboz-Brest+France,Parc aquatique,https://www.google.com/maps/place/Aquaparc+BE+FUN+M%C3%A2con%2FCormoranche/data=!4m7!3m6!1s0x47f3650219b6f755:0x9fc494a9da09ae70!8m2!3d46.2528512!4d4.8241561!16s%2Fg%2F11jcnwls83!19sChIJVfe2GQJl80cRcK4J2qmUxJ8?authuser=0&hl=fr&rclk=1
Centre Aquatique des Bords de Saône,3.9,,Centre Aquatique des Bords de Saône,,Esboz-Brest+France,Parc aquatique,https://www.google.com/maps/place/Centre+Aquatique+des+Bords+de+Sa%C3%B4ne/data=!4m7!3m6!1s0x4792ea43ee804a09:0x796907e711bc0835!8m2!3d47.661116!4d5.9778479!16s%2Fg%2F11by_nklwl!19sChIJCUqA7kPqkkcRNQi8EecHaXk?authuser=0&hl=fr&rclk=1
Complexe aquatique des Jardins de l'Etang,4.0,,Complexe aquatique des Jardins de l'Etang,,Esboz-Brest+France,Parc aquatique,https://www.google.com/maps/place/Complexe+aquatique+des+Jardins+de+l%27Etang/data=!4m7!3m6!1s0x4792950b0eb17205:0x728af9a7f0e5b755!8m2!3d47.573345!4d5.9545009!16s%2Fg%2F11by_n9k3y!19sChIJBXKxDguVkkcRVbfl8Kf5inI?authuser=0&hl=fr&rclk=1
Complexe aquatique de Dampierre sur Linotte,4.1,,Complexe aquatique de Dampierre sur Linotte,,Esboz-Brest+France,Parc aquatique,https://www.google.com/maps/place/Complexe+aquatique+de+Dampierre+sur+Linotte/data=!4m7!3m6!1s0x479289655e9bd397:0x838fc7eeb5d3e89b!8m2!3d47.507862!4d6.2286753!16s%2Fg%2F11cm8dzb3r!19sChIJl9ObXmWJkkcRm-jTte7Hj4M?authuser=0&hl=fr&rclk=1
Thermes de Cambo-les-Bains,4.5,,Thermes de Cambo-les-Bains,,Saint-Germain-Laxis+France,Centre thermal,https://www.google.com/maps/place/Thermes+de+Cambo-les-Bains/data=!4m7!3m6!1s0xd513a54ea1828dd:0xa3f3e8da5cddbf6!8m2!3d43.3546709!4d-1.3876673!16s%2Fg%2F1td1l9mm!19sChIJ3SgY6lQ6UQ0R9tvNpY0-Pwo?authuser=0&hl=fr&rclk=1
Chaine Thermale du Soleil,3.5,,Chaine Thermale du Soleil,,Saint-Germain-Laxis+France,Centre thermal,https://www.google.com/maps/place/Chaine+Thermale+du+Soleil/data=!4m7!3m6!1s0x47e66e3066ae5ce3:0x405b21b1095dce3!8m2!3d48.8674247!4d2.3333415!16s%2Fg%2F1v6l6t5m!19sChIJ41yuZjBu5kcR49yVEBuyBQQ?authuser=0&hl=fr&rclk=1
Parc aquatique Aqua Mundo Center Parcs Les Trois Forêts,4.2,,Parc aquatique Aqua Mundo Center Parcs Les Trois Forêts,,Merschweiller+France,Parc aquatique,https://www.google.com/maps/place/Parc+aquatique+Aqua+Mundo+Center+Parcs+Les+Trois+For%C3%AAts/data=!4m7!3m6!1s0x47940cf9c809f3d7:0xa06e64f07391c86b!8m2!3d48.6213789!4d6.9838248!16s%2Fg%2F11cm057dqd!19sChIJ1_MJyPkMlEcRa8iRc_BkbqA?authuser=0&hl=fr&rclk=1
Moselle Wake Park × Crazy Splash,4.6,,Moselle Wake Park × Crazy Splash,,Merschweiller+France,Parc aquatique,https://www.google.com/maps/place/Moselle+Wake+Park+%C3%97+Crazy+Splash/data=!4m7!3m6!1s0x4795270179fefa17:0xaf03a129eda20ac3!8m2!3d49.3825814!4d6.2246902!16s%2Fg%2F11n06s799z!19sChIJF_r-eQEnlUcRwwqi7SmhA68?authuser=0&hl=fr&rclk=1
Thermes de Bourbon-Lancy,4.5,,Thermes de Bourbon-Lancy,,Saint-Germain-Laxis+France,Centre thermal,https://www.google.com/maps/place/Thermes+de+Bourbon-Lancy/data=!4m7!3m6!1s0x47f1703b54b3e551:0x11e87f69086ab4ba!8m2!3d46.6181161!4d3.7696314!16s%2Fg%2F1tfq_rvl!19sChIJUeWzVDtw8UcRurRqCGl_6BE?authuser=0&hl=fr&rclk=1
ValVital - Thermes & Institut d'Enghien-les-Bains,4.2,,ValVital - Thermes & Institut d'Enghien-les-Bains,,Saint-Germain-Laxis+France,Centre thermal,https://www.google.com/maps/place/ValVital+-+Thermes+%26+Institut+d%27Enghien-les-Bains/data=!4m7!3m6!1s0x47e6688d7b2ff5f9:0x94ec6351ea900db7!8m2!3d48.9678187!4d2.3052914!16s%2Fg%2F1tjf9kwr!19sChIJ-fUve41o5kcRtw2Q6lFj7JQ?authuser=0&hl=fr&rclk=1
Complexe nautique Aquagliss,3.8,,Complexe nautique Aquagliss,,Merschweiller+France,Parc aquatique,https://www.google.com/maps/place/Complexe+nautique+Aquagliss/data=!4m7!3m6!1s0x479452dd416ad5e7:0x89c2eba15dbc3bfb!8m2!3d49.1441508!4d6.8222305!16s%2Fg%2F1wtbstv2!19sChIJ59VqQd1SlEcR-zu8XaHrwok?authuser=0&hl=fr&rclk=1
GrandBleu WakePark PAM,4.3,,GrandBleu WakePark PAM,,Merschweiller+France,Parc aquatique,https://www.google.com/maps/place/GrandBleu+WakePark+PAM/data=!4m7!3m6!1s0x4794c71dbe520f79:0x1c84eae5f1dabafc!8m2!3d48.9442291!4d6.0605854!16s%2Fg%2F11px8x585h!19sChIJeQ9Svh3HlEcR_Lra8eXqhBw?authuser=0&hl=fr&rclk=1
AQUAPARC MADINE,4.8,,AQUAPARC MADINE,,Merschweiller+France,Parc aquatique,https://www.google.com/maps/place/AQUAPARC+MADINE/data=!4m7!3m6!1s0x47eb35eb10fc55e1:0x303b22a5e7f50929!8m2!3d48.9257777!4d5.7558006!16s%2Fg%2F11h1m2fbdh!19sChIJ4VX8EOs160cRKQn156UiOzA?authuser=0&hl=fr&rclk=1
Walygator Grand Est,3.7,,Walygator Grand Est,,Merschweiller+France,Parc aquatique,https://www.google.com/maps/place/Walygator+Grand+Est/data=!4m7!3m6!1s0x47952711460df1a9:0x27b215fdcf527c0c!8m2!3d49.22539!4d6.156063!16s%2Fm%2F0bh8qyf!19sChIJqfENRhEnlUcRDHxSz_0Vsic?authuser=0&hl=fr&rclk=1
POKEYLAND,4.1,,POKEYLAND,,Merschweiller+France,Parc aquatique,https://www.google.com/maps/place/POKEYLAND/data=!4m7!3m6!1s0x4794c4de327f7133:0xc4e7168f37edc816!8m2!3d49.0215199!4d6.1012003!16s%2Fg%2F11b88m6jn5!19sChIJM3F_Mt7ElEcRFsjtN48W58Q?authuser=0&hl=fr&rclk=1
Centre Aquatique Moselle Sud,4.0,,Centre Aquatique Moselle Sud,,Merschweiller+France,Parc aquatique,https://www.google.com/maps/place/Centre+Aquatique+Moselle+Sud/data=!4m7!3m6!1s0x479413f8b04bcd57:0x2f7c7731c3ec8660!8m2!3d48.7234637!4d7.0369953!16s%2Fg%2F12hmxdlb7!19sChIJV81LsPgTlEcRYIbswzF3fC8?authuser=0&hl=fr&rclk=1
Aquarium d'Amnéville,3.9,,Aquarium d'Amnéville,,Merschweiller+France,Parc aquatique,https://www.google.com/maps/place/Aquarium+d%27Amn%C3%A9ville/data=!4m7!3m6!1s0x479526536801d85d:0x42b18c731e19a71d!8m2!3d49.2449297!4d6.135477!16s%2Fg%2F1tlqny20!19sChIJXdgBaFMmlUcRHacZHnOMsUI?authuser=0&hl=fr&rclk=1
Camping Capfun - Mirabelle,3.5,,Camping Capfun - Mirabelle,,Merschweiller+France,Parc aquatique,https://www.google.com/maps/place/Camping+Capfun+-+Mirabelle/data=!4m7!3m6!1s0x47952240c184b9bf:0x4790ffc2d1320a1e!8m2!3d49.298081!4d6.270549!16s%2Fg%2F1tf3mvvx!19sChIJv7mEwUAilUcRHgoy0cL_kEc?authuser=0&hl=fr&rclk=1
Aqua'Gonfle,4.8,,Aqua'Gonfle,,Merschweiller+France,Parc aquatique,https://www.google.com/maps/place/Aqua%27Gonfle/data=!4m7!3m6!1s0x479167635b473cfd:0xe35ec87a9f0efde2!8m2!3d48.1130685!4d7.3774881!16s%2Fg%2F11nmnqwy09!19sChIJ_TxHW2NnkUcR4v0On3rIXuM?authuser=0&hl=fr&rclk=1
Base de loisirs du Grand Bleu,3.6,,Base de loisirs du Grand Bleu,,Merschweiller+France,Parc aquatique,https://www.google.com/maps/place/Base+de+loisirs+du+Grand+Bleu/data=!4m7!3m6!1s0x4794c66ac212b663:0x8552889d42874c83!8m2!3d48.9443987!4d6.0556238!16s%2Fg%2F11dz5chrgz!19sChIJY7YSwmrGlEcRg0yHQp2IUoU?authuser=0&hl=fr&rclk=1
Krounebierg,4.2,,Krounebierg,,Merschweiller+France,Parc aquatique,https://www.google.com/maps/place/Krounebierg/data=!4m7!3m6!1s0x479553d927cb6c1d:0xab276db751f084af!8m2!3d49.7432345!4d6.0912136!16s%2Fg%2F1td31zss!19sChIJHWzLJ9lTlUcRr4TwUbdtJ6s?authuser=0&hl=fr&rclk=1
CAP VERT // Aquatique,4.0,,CAP VERT // Aquatique,,Merschweiller+France,Parc aquatique,https://www.google.com/maps/place/CAP+VERT+%2F%2F+Aquatique/data=!4m7!3m6!1s0x47953943e84dea79:0x6612bb1dc1c8f3d7!8m2!3d49.45289!4d6.215202!16s%2Fg%2F1w0j33rg!19sChIJeepN6EM5lUcR1_PIwR27EmY?authuser=0&hl=fr&rclk=1
Piscine du Lac de Saint-Pardoux,4.2,,Piscine du Lac de Saint-Pardoux,,Bessines-sur-Gartempe+France,Parc aquatique,https://www.google.com/maps/place/Piscine+du+Lac+de+Saint-Pardoux/data=!4m7!3m6!1s0x47f94d751ec3dd89:0xdfb6c7e3c486302b!8m2!3d46.0314142!4d1.2943292!16s%2Fg%2F11g8ykzhfx!19sChIJid3DHnVN-UcRKzCGxOPHtt8?authuser=0&hl=fr&rclk=1
Centre Aquatique du Pays Sostranien,3.9,,Centre Aquatique du Pays Sostranien,,Bessines-sur-Gartempe+France,Parc aquatique,https://www.google.com/maps/place/Centre+Aquatique+du+Pays+Sostranien/data=!4m7!3m6!1s0x47fbe3b197521aad:0x20bd20141cbee037!8m2!3d46.2434037!4d1.4804819!16s%2Fg%2F11cmq0km14!19sChIJrRpSl7Hj-0cRN-C-HBQgvSA?authuser=0&hl=fr&rclk=1
CENTRE AQUATIQUE COMMUNAUTAIRE DE LA GASSOTTE,4.4,,CENTRE AQUATIQUE COMMUNAUTAIRE DE LA GASSOTTE,,Bessines-sur-Gartempe+France,Parc aquatique,https://www.google.com/maps/place/CENTRE+AQUATIQUE+COMMUNAUTAIRE+DE+LA+GASSOTTE/data=!4m7!3m6!1s0x47fc46c5ea209239:0x95a89e506eb0657f!8m2!3d46.5714657!4d0.8675668!16s%2Fg%2F12cnzfqlf!19sChIJOZIg6sVG_EcRf2WwblCeqJU?authuser=0&hl=fr&rclk=1
Centre aquatique Alice Milliat,4.1,,Centre aquatique Alice Milliat,,Bessines-sur-Gartempe+France,Parc aquatique,https://www.google.com/maps/place/Centre+aquatique+Alice+Milliat/data=!4m7!3m6!1s0x47fb96abb94001b1:0x1c9a3bdf5d0a06c2!8m2!3d46.5859106!4d1.5301037!16s%2Fg%2F1vr1v_kv!19sChIJsQFAuauW-0cRwgYKXd87mhw?authuser=0&hl=fr&rclk=1
Aquafly Indre,3.7,,Aquafly Indre,,Bessines-sur-Gartempe+France,Parc aquatique,https://www.google.com/maps/place/Aquafly+Indre/data=!4m7!3m6!1s0x47fbf5a543544b37:0x8a966ba6e6802e73!8m2!3d46.4337662!4d1.28757!16s%2Fg%2F11n8mmfh0r!19sChIJN0tUQ6X1-0cRcy6A5qZrloo?authuser=0&hl=fr&rclk=1
Centre Aquatique Communautaire de l'Allochon,3.9,,Centre Aquatique Communautaire de l'Allochon,,Bessines-sur-Gartempe+France,Parc aquatique,https://www.google.com/maps/place/Centre+Aquatique+Communautaire+de+l%27Allochon/data=!4m7!3m6!1s0x47fc3c0bc7fa8c49:0x9def567e5a957fc4!8m2!3d46.4219006!4d0.872214!16s%2Fg%2F113jxbkrc!19sChIJSYz6xws8_EcRxH-VWn5W750?authuser=0&hl=fr&rclk=1
Lake Wakepark,4.4,,Lake Wakepark,,Bessines-sur-Gartempe+France,Parc aquatique,https://www.google.com/maps/place/Lake+Wakepark/data=!4m7!3m6!1s0x47f94d1d136b743b:0x44b7dcded29409d!8m2!3d46.0468637!4d1.2789692!16s%2Fg%2F11j6r32vbs!19sChIJO3RrEx1N-UcRnUAp7c19SwQ?authuser=0&hl=fr&rclk=1
Étang de Sagnat,4.4,,Étang de Sagnat,,Bessines-sur-Gartempe+France,Parc aquatique,https://www.google.com/maps/place/%C3%89tang+de+Sagnat/data=!4m7!3m6!1s0x47f9516ff37a0379:0xaa0da7ea68ca6420!8m2!3d46.0966748!4d1.3504106!16s%2Fg%2F1xfsn2_6!19sChIJeQN6829R-UcRIGTKaOqnDao?authuser=0&hl=fr&rclk=1
Abysséa,4.1,,Abysséa,,Bessines-sur-Gartempe+France,Parc aquatique,https://www.google.com/maps/place/Abyss%C3%A9a/data=!4m7!3m6!1s0x47fc349aa888599d:0xc47e51de2e9b6c3c!8m2!3d46.449527!4d0.6652294!16s%2Fg%2F1tdmd7k8!19sChIJnVmIqJo0_EcRPGybLt5RfsQ?authuser=0&hl=fr&rclk=1
Aqua Wi'fun,4.9,,Aqua Wi'fun,,Bessines-sur-Gartempe+France,Parc aquatique,https://www.google.com/maps/place/Aqua+Wi%27fun/data=!4m7!3m6!1s0x12ae19be95633377:0x1bacc27b342f6eb2!8m2!3d43.4648363!4d2.344776!16s%2Fg%2F11jjkcvg0d!19sChIJdzNjlb4ZrhIRsm4vNHvCrBs?authuser=0&hl=fr&rclk=1
Parc d'Attractions Aquatic Landes / Labenne,3.6,,Parc d'Attractions Aquatic Landes / Labenne,,Bessines-sur-Gartempe+France,Parc aquatique,https://www.google.com/maps/place/Parc+d%27Attractions+Aquatic+Landes+%2F+Labenne/data=!4m7!3m6!1s0xd514488fe12707f:0xcb6cf6d5bdb04aed!8m2!3d43.5948793!4d-1.4533072!16s%2Fg%2F1tczx7_d!19sChIJf3AS_ohEUQ0R7UqwvdX2bMs?authuser=0&hl=fr&rclk=1
OSMO'Z salle de sport 100% aquatique,4.6,,OSMO'Z salle de sport 100% aquatique,,Bessines-sur-Gartempe+France,Parc aquatique,https://www.google.com/maps/place/OSMO%27Z+salle+de+sport+100%25+aquatique/data=!4m7!3m6!1s0x47f9357d809a9ac3:0xb1aa85aaa1623b47!8m2!3d45.8970371!4d1.2835877!16s%2Fg%2F11bw46t6nq!19sChIJw5qagH01-UcRRztioaqFqrE?authuser=0&hl=fr&rclk=1
Camping du Lac de Saint-Pardoux,4.1,,Camping du Lac de Saint-Pardoux,,Bessines-sur-Gartempe+France,Parc aquatique,https://www.google.com/maps/place/Camping+du+Lac+de+Saint-Pardoux/data=!4m10!3m9!1s0x47f94d63244bbf15:0xeacc44c65a67023!5m2!4m1!1i2!8m2!3d46.0497633!4d1.2790333!16s%2Fg%2F1tnl0rvz!19sChIJFb9LJGNN-UcRI3CmZUzErA4?authuser=0&hl=fr&rclk=1
Aquajump St Yrieix,4.7,,Aquajump St Yrieix,,Bessines-sur-Gartempe+France,Parc aquatique,https://www.google.com/maps/place/Aquajump+St+Yrieix/data=!4m7!3m6!1s0x47fe2f636732a54b:0x632162b42d769e5f!8m2!3d45.6821234!4d0.1496981!16s%2Fg%2F11fm7dnjh1!19sChIJS6UyZ2Mv_kcRX552LbRiIWM?authuser=0&hl=fr&rclk=1
Atlantic Toboggan,4.0,,Atlantic Toboggan,,Bessines-sur-Gartempe+France,Parc aquatique,https://www.google.com/maps/place/Atlantic+Toboggan/data=!4m7!3m6!1s0x4804561d5e901d67:0x258896fd4f24c06b!8m2!3d46.7586033!4d-2.024573!16s%2Fg%2F1tdc956c!19sChIJZx2QXh1WBEgRa8AkT_2WiCU?authuser=0&hl=fr&rclk=1
Aquaboulevard de Paris,3.7,,Aquaboulevard de Paris,,Bessines-sur-Gartempe+France,Parc aquatique,https://www.google.com/maps/place/Aquaboulevard+de+Paris/data=!4m7!3m6!1s0x47e6718b1fbcd4fd:0xa7968d889eb5402a!8m2!3d48.8318042!4d2.2762627!16s%2Fg%2F120hhrtz!19sChIJ_dS8H4tx5kcRKkC1noiNlqc?authuser=0&hl=fr&rclk=1
Terre de dragons,4.4,,Terre de dragons,,Bessines-sur-Gartempe+France,Parc aquatique,https://www.google.com/maps/place/Terre+de+dragons/data=!4m7!3m6!1s0x47fc349b2bcbfdbb:0x1c0998edd2a71942!8m2!3d46.449852!4d0.6639271!16s%2Fg%2F11vj7ll3r!19sChIJu_3LK5s0_EcRQhmn0u2YCRw?authuser=0&hl=fr&rclk=1
ZEcamping 3 étoiles familial espace aquatique mobil-home 6 pers,,,ZEcamping 3 étoiles familial espace aquatique mobil-home 6 pers,,Bessines-sur-Gartempe+France,Parc aquatique,https://www.google.com/maps/place/ZEcamping+3+%C3%A9toiles+familial+espace+aquatique+mobil-home+6+pers/data=!4m11!3m10!1s0x47fba0b000000025:0x781f0010a34d26!5m2!4m1!1i2!8m2!3d46.8031197!4d1.692655!16s%2Fg%2F11zh4nmv6p!17BQ0FF!19sChIJJQAAALCg-0cRJk2jEAAfeAA?authuser=0&hl=fr&rclk=1
ZEcamping 3 étoiles familial espace aquatique mobil-home 6 pers,,,ZEcamping 3 étoiles familial espace aquatique mobil-home 6 pers,,Bessines-sur-Gartempe+France,Parc aquatique,https://www.google.com/maps/place/ZEcamping+3+%C3%A9toiles+familial+espace+aquatique+mobil-home+6+pers/data=!4m11!3m10!1s0x47fba0b000000025:0x48ce87bf82c357c!5m2!4m1!1i2!8m2!3d46.8031197!4d1.692655!16s%2Fg%2F11zd71rtrk!17BQ0FF!19sChIJJQAAALCg-0cRfDUs-HvojAQ?authuser=0&hl=fr&rclk=1
Centre Aquatique Balsan'eo,4.0,,Centre Aquatique Balsan'eo,,Bessines-sur-Gartempe+France,Parc aquatique,https://www.google.com/maps/place/Centre+Aquatique+Balsan%27eo/data=!4m7!3m6!1s0x47fba15170ec3e31:0x6f44ccf44644e462!8m2!3d46.8127165!4d1.6737326!16s%2Fg%2F11p9z7tjrh!19sChIJMT7scFGh-0cRYuRERvTMRG8?authuser=0&hl=fr&rclk=1
